service_id,group,field_id,field_name,status,score,confidence,checked_at,evidence_valid,source_ids,user_result,failure_recovery,user_control,mobile_pc_difference,risk,adoption_caution
"OWN-001","OWN","FIELD-001","시작과 첫 가치","scored","2","medium","2026-08-24","true","SRC-031;SRC-032;SRC-033;SRC-034;SRC-045;SRC-046","시작과 첫 가치에 대한 확인 가능한 사용자 결과","","사용자 선택·해제 범위를 제공","","과도한 보호 보장·자동 동의·추적 확대를 피해야 함","외형이나 문구를 복제하지 않고 사용자 결과와 안전 원칙만 재설계"
"OWN-001","OWN","FIELD-002","핵심 과업 완성도","scored","2","medium","2026-08-24","true","SRC-031;SRC-032;SRC-033;SRC-034;SRC-045;SRC-046","핵심 과업 완성도에 대한 확인 가능한 사용자 결과","","사용자 선택·해제 범위를 제공","","과도한 보호 보장·자동 동의·추적 확대를 피해야 함","외형이나 문구를 복제하지 않고 사용자 결과와 안전 원칙만 재설계"
"OWN-001","OWN","FIELD-003","개인화","scored","1","medium","2026-08-24","true","SRC-031;SRC-032;SRC-033;SRC-034;SRC-045;SRC-046","개인화에 대한 확인 가능한 사용자 결과","","사용자 선택·해제 범위를 제공","","과도한 보호 보장·자동 동의·추적 확대를 피해야 함","외형이나 문구를 복제하지 않고 사용자 결과와 안전 원칙만 재설계"
"OWN-001","OWN","FIELD-004","결과 이해와 설명","scored","2","medium","2026-08-24","true","SRC-031;SRC-032;SRC-033;SRC-034;SRC-045;SRC-046","결과 이해와 설명에 대한 확인 가능한 사용자 결과","","사용자 선택·해제 범위를 제공","","과도한 보호 보장·자동 동의·추적 확대를 피해야 함","외형이나 문구를 복제하지 않고 사용자 결과와 안전 원칙만 재설계"
"OWN-001","OWN","FIELD-005","오류·실패 복구","scored","2","medium","2026-08-24","true","SRC-031;SRC-032;SRC-033;SRC-034;SRC-045;SRC-046","오류·실패 복구에 대한 확인 가능한 사용자 결과","복구 또는 대체 경로가 공개됨","사용자 선택·해제 범위를 제공","","과도한 보호 보장·자동 동의·추적 확대를 피해야 함","외형이나 문구를 복제하지 않고 사용자 결과와 안전 원칙만 재설계"
"OWN-001","OWN","FIELD-006","저장·내보내기·공유","scored","1","medium","2026-08-24","true","SRC-031;SRC-032;SRC-033;SRC-034;SRC-045;SRC-046","저장·내보내기·공유에 대한 확인 가능한 사용자 결과","","사용자 선택·해제 범위를 제공","","과도한 보호 보장·자동 동의·추적 확대를 피해야 함","외형이나 문구를 복제하지 않고 사용자 결과와 안전 원칙만 재설계"
"OWN-001","OWN","FIELD-007","모바일 경험","scored","3","high","2026-08-24","true","SRC-031;SRC-032;SRC-033;SRC-034;SRC-045;SRC-046","모바일 경험에 대한 확인 가능한 사용자 결과","","사용자 선택·해제 범위를 제공","플랫폼별 지원 범위가 다름","과도한 보호 보장·자동 동의·추적 확대를 피해야 함","외형이나 문구를 복제하지 않고 사용자 결과와 안전 원칙만 재설계"
"OWN-001","OWN","FIELD-008","PC 경험","scored","3","high","2026-08-24","true","SRC-031;SRC-032;SRC-033;SRC-034;SRC-045;SRC-046","PC 경험에 대한 확인 가능한 사용자 결과","","사용자 선택·해제 범위를 제공","플랫폼별 지원 범위가 다름","과도한 보호 보장·자동 동의·추적 확대를 피해야 함","외형이나 문구를 복제하지 않고 사용자 결과와 안전 원칙만 재설계"
"OWN-001","OWN","FIELD-009","플랫폼 간 연속성","scored","2","medium","2026-08-24","true","SRC-031;SRC-032;SRC-033;SRC-034;SRC-045;SRC-046","플랫폼 간 연속성에 대한 확인 가능한 사용자 결과","","사용자 선택·해제 범위를 제공","플랫폼별 지원 범위가 다름","과도한 보호 보장·자동 동의·추적 확대를 피해야 함","외형이나 문구를 복제하지 않고 사용자 결과와 안전 원칙만 재설계"
"OWN-001","OWN","FIELD-010","접근성","scored","2","medium","2026-08-24","true","SRC-031;SRC-032;SRC-033;SRC-034;SRC-045;SRC-046","접근성에 대한 확인 가능한 사용자 결과","","사용자 선택·해제 범위를 제공","","과도한 보호 보장·자동 동의·추적 확대를 피해야 함","외형이나 문구를 복제하지 않고 사용자 결과와 안전 원칙만 재설계"
"OWN-001","OWN","FIELD-011","성능과 안정성","scored","2","medium","2026-08-24","true","SRC-031;SRC-032;SRC-033;SRC-034;SRC-045;SRC-046","성능과 안정성에 대한 확인 가능한 사용자 결과","","사용자 선택·해제 범위를 제공","","과도한 보호 보장·자동 동의·추적 확대를 피해야 함","외형이나 문구를 복제하지 않고 사용자 결과와 안전 원칙만 재설계"
"OWN-001","OWN","FIELD-012","개인정보·보안","scored","3","high","2026-08-24","true","SRC-031;SRC-032;SRC-033;SRC-034;SRC-045;SRC-046","개인정보·보안에 대한 확인 가능한 사용자 결과","","사용자 선택·해제 범위를 제공","","과도한 보호 보장·자동 동의·추적 확대를 피해야 함","외형이나 문구를 복제하지 않고 사용자 결과와 안전 원칙만 재설계"
"OWN-001","OWN","FIELD-013","계정·권한·삭제","scored","2","medium","2026-08-24","true","SRC-031;SRC-032;SRC-033;SRC-034;SRC-045;SRC-046","계정·권한·삭제에 대한 확인 가능한 사용자 결과","","사용자 선택·해제 범위를 제공","","과도한 보호 보장·자동 동의·추적 확대를 피해야 함","외형이나 문구를 복제하지 않고 사용자 결과와 안전 원칙만 재설계"
"OWN-001","OWN","FIELD-014","가격·결제·취소·환불","unknown","","low","2026-08-24","true","SRC-031;SRC-032;SRC-033;SRC-034;SRC-045;SRC-046","결과 미확인","","","","","외형이나 문구를 복제하지 않고 사용자 결과와 안전 원칙만 재설계"
"OWN-001","OWN","FIELD-015","고객지원·장애 대응","scored","1","medium","2026-08-24","true","SRC-031;SRC-032;SRC-033;SRC-034;SRC-045;SRC-046","고객지원·장애 대응에 대한 확인 가능한 사용자 결과","복구 또는 대체 경로가 공개됨","사용자 선택·해제 범위를 제공","","과도한 보호 보장·자동 동의·추적 확대를 피해야 함","외형이나 문구를 복제하지 않고 사용자 결과와 안전 원칙만 재설계"
"OWN-001","OWN","FIELD-016","장기 사용과 유지","scored","1","medium","2026-08-24","true","SRC-031;SRC-032;SRC-033;SRC-034;SRC-045;SRC-046","장기 사용과 유지에 대한 확인 가능한 사용자 결과","","사용자 선택·해제 범위를 제공","","과도한 보호 보장·자동 동의·추적 확대를 피해야 함","외형이나 문구를 복제하지 않고 사용자 결과와 안전 원칙만 재설계"
"OWN-001","OWN","FIELD-017","팀·관리자·운영","scored","1","medium","2026-08-24","true","SRC-031;SRC-032;SRC-033;SRC-034;SRC-045;SRC-046","팀·관리자·운영에 대한 확인 가능한 사용자 결과","","사용자 선택·해제 범위를 제공","","과도한 보호 보장·자동 동의·추적 확대를 피해야 함","외형이나 문구를 복제하지 않고 사용자 결과와 안전 원칙만 재설계"
"OWN-001","OWN","FIELD-018","차별화 요소","scored","3","medium","2026-08-24","true","SRC-031;SRC-032;SRC-033;SRC-034;SRC-045;SRC-046","차별화 요소에 대한 확인 가능한 사용자 결과","","사용자 선택·해제 범위를 제공","","과도한 보호 보장·자동 동의·추적 확대를 피해야 함","외형이나 문구를 복제하지 않고 사용자 결과와 안전 원칙만 재설계"
"OWN-001","OWN","FIELD-019","사용자 신뢰","scored","2","medium","2026-08-24","true","SRC-031;SRC-032;SRC-033;SRC-034;SRC-045;SRC-046","사용자 신뢰에 대한 확인 가능한 사용자 결과","","사용자 선택·해제 범위를 제공","","과도한 보호 보장·자동 동의·추적 확대를 피해야 함","외형이나 문구를 복제하지 않고 사용자 결과와 안전 원칙만 재설계"
"OWN-001","OWN","FIELD-020","도입하면 안 되는 부작용","scored","1","medium","2026-08-24","true","SRC-031;SRC-032;SRC-033;SRC-034;SRC-045;SRC-046","도입하면 안 되는 부작용에 대한 확인 가능한 사용자 결과","","사용자 선택·해제 범위를 제공","","과도한 보호 보장·자동 동의·추적 확대를 피해야 함","외형이나 문구를 복제하지 않고 사용자 결과와 안전 원칙만 재설계"
"OWN-001","OWN","FIELD-021","프로토콜 투명성","scored","3","high","2026-08-24","true","SRC-031;SRC-032;SRC-033;SRC-034;SRC-045;SRC-046","프로토콜 투명성에 대한 확인 가능한 사용자 결과","","사용자 선택·해제 범위를 제공","","과도한 보호 보장·자동 동의·추적 확대를 피해야 함","외형이나 문구를 복제하지 않고 사용자 결과와 안전 원칙만 재설계"
"OWN-001","OWN","FIELD-022","킬 스위치·항상 연결","unknown","","low","2026-08-24","true","SRC-031;SRC-032;SRC-033;SRC-034;SRC-045;SRC-046","결과 미확인","","","","","외형이나 문구를 복제하지 않고 사용자 결과와 안전 원칙만 재설계"
"OWN-001","OWN","FIELD-023","DNS·IPv6·누출 확인","scored","2","medium","2026-08-24","true","SRC-031;SRC-032;SRC-033;SRC-034;SRC-045;SRC-046","DNS·IPv6·누출 확인에 대한 확인 가능한 사용자 결과","","사용자 선택·해제 범위를 제공","","과도한 보호 보장·자동 동의·추적 확대를 피해야 함","외형이나 문구를 복제하지 않고 사용자 결과와 안전 원칙만 재설계"
"OWN-001","OWN","FIELD-024","검열 환경 복구","scored","1","medium","2026-08-24","true","SRC-031;SRC-032;SRC-033;SRC-034;SRC-045;SRC-046","검열 환경 복구에 대한 확인 가능한 사용자 결과","복구 또는 대체 경로가 공개됨","사용자 선택·해제 범위를 제공","","과도한 보호 보장·자동 동의·추적 확대를 피해야 함","외형이나 문구를 복제하지 않고 사용자 결과와 안전 원칙만 재설계"
"OWN-001","OWN","FIELD-025","서버 상태·혼잡·대체","scored","1","medium","2026-08-24","true","SRC-031;SRC-032;SRC-033;SRC-034;SRC-045;SRC-046","서버 상태·혼잡·대체에 대한 확인 가능한 사용자 결과","복구 또는 대체 경로가 공개됨","사용자 선택·해제 범위를 제공","","과도한 보호 보장·자동 동의·추적 확대를 피해야 함","외형이나 문구를 복제하지 않고 사용자 결과와 안전 원칙만 재설계"
"OWN-001","OWN","FIELD-026","기기·프로필 발급·폐기","scored","2","medium","2026-08-24","true","SRC-031;SRC-032;SRC-033;SRC-034;SRC-045;SRC-046","기기·프로필 발급·폐기에 대한 확인 가능한 사용자 결과","","사용자 선택·해제 범위를 제공","","과도한 보호 보장·자동 동의·추적 확대를 피해야 함","외형이나 문구를 복제하지 않고 사용자 결과와 안전 원칙만 재설계"
"OWN-001","OWN","FIELD-027","무료 데이터·사용량 권리","scored","3","medium","2026-08-24","true","SRC-031;SRC-032;SRC-033;SRC-034;SRC-045;SRC-046","무료 데이터·사용량 권리에 대한 확인 가능한 사용자 결과","","사용자 선택·해제 범위를 제공","","과도한 보호 보장·자동 동의·추적 확대를 피해야 함","외형이나 문구를 복제하지 않고 사용자 결과와 안전 원칙만 재설계"
"OWN-001","OWN","FIELD-028","관할·국가 지원 범위","scored","1","medium","2026-08-24","true","SRC-031;SRC-032;SRC-033;SRC-034;SRC-045;SRC-046","관할·국가 지원 범위에 대한 확인 가능한 사용자 결과","","사용자 선택·해제 범위를 제공","","과도한 보호 보장·자동 동의·추적 확대를 피해야 함","외형이나 문구를 복제하지 않고 사용자 결과와 안전 원칙만 재설계"
"SVC-001","A","FIELD-001","시작과 첫 가치","scored","3","medium","2026-08-24","true","SRC-001;SRC-039;SRC-040","시작과 첫 가치에 대한 확인 가능한 사용자 결과","","사용자 선택·해제 범위를 제공","","과도한 보호 보장·자동 동의·추적 확대를 피해야 함","외형이나 문구를 복제하지 않고 사용자 결과와 안전 원칙만 재설계"
"SVC-001","A","FIELD-002","핵심 과업 완성도","scored","4","medium","2026-08-24","true","SRC-001;SRC-039;SRC-040","핵심 과업 완성도에 대한 확인 가능한 사용자 결과","","사용자 선택·해제 범위를 제공","","과도한 보호 보장·자동 동의·추적 확대를 피해야 함","외형이나 문구를 복제하지 않고 사용자 결과와 안전 원칙만 재설계"
"SVC-001","A","FIELD-003","개인화","scored","3","medium","2026-08-24","true","SRC-001;SRC-039;SRC-040","개인화에 대한 확인 가능한 사용자 결과","","사용자 선택·해제 범위를 제공","","과도한 보호 보장·자동 동의·추적 확대를 피해야 함","외형이나 문구를 복제하지 않고 사용자 결과와 안전 원칙만 재설계"
"SVC-001","A","FIELD-004","결과 이해와 설명","scored","3","medium","2026-08-24","true","SRC-001;SRC-039;SRC-040","결과 이해와 설명에 대한 확인 가능한 사용자 결과","","사용자 선택·해제 범위를 제공","","과도한 보호 보장·자동 동의·추적 확대를 피해야 함","외형이나 문구를 복제하지 않고 사용자 결과와 안전 원칙만 재설계"
"SVC-001","A","FIELD-005","오류·실패 복구","scored","3","medium","2026-08-24","true","SRC-001;SRC-039;SRC-040","오류·실패 복구에 대한 확인 가능한 사용자 결과","복구 또는 대체 경로가 공개됨","사용자 선택·해제 범위를 제공","","과도한 보호 보장·자동 동의·추적 확대를 피해야 함","외형이나 문구를 복제하지 않고 사용자 결과와 안전 원칙만 재설계"
"SVC-001","A","FIELD-006","저장·내보내기·공유","unknown","","low","2026-08-24","true","SRC-001;SRC-039;SRC-040","결과 미확인","","","","","외형이나 문구를 복제하지 않고 사용자 결과와 안전 원칙만 재설계"
"SVC-001","A","FIELD-007","모바일 경험","scored","4","medium","2026-08-24","true","SRC-001;SRC-039;SRC-040","모바일 경험에 대한 확인 가능한 사용자 결과","","사용자 선택·해제 범위를 제공","플랫폼별 지원 범위가 다름","과도한 보호 보장·자동 동의·추적 확대를 피해야 함","외형이나 문구를 복제하지 않고 사용자 결과와 안전 원칙만 재설계"
"SVC-001","A","FIELD-008","PC 경험","scored","4","medium","2026-08-24","true","SRC-001;SRC-039;SRC-040","PC 경험에 대한 확인 가능한 사용자 결과","","사용자 선택·해제 범위를 제공","플랫폼별 지원 범위가 다름","과도한 보호 보장·자동 동의·추적 확대를 피해야 함","외형이나 문구를 복제하지 않고 사용자 결과와 안전 원칙만 재설계"
"SVC-001","A","FIELD-009","플랫폼 간 연속성","scored","3","medium","2026-08-24","true","SRC-001;SRC-039;SRC-040","플랫폼 간 연속성에 대한 확인 가능한 사용자 결과","","사용자 선택·해제 범위를 제공","플랫폼별 지원 범위가 다름","과도한 보호 보장·자동 동의·추적 확대를 피해야 함","외형이나 문구를 복제하지 않고 사용자 결과와 안전 원칙만 재설계"
"SVC-001","A","FIELD-010","접근성","unknown","","low","2026-08-24","true","SRC-001;SRC-039;SRC-040","결과 미확인","","","","","외형이나 문구를 복제하지 않고 사용자 결과와 안전 원칙만 재설계"
"SVC-001","A","FIELD-011","성능과 안정성","scored","3","medium","2026-08-24","true","SRC-001;SRC-039;SRC-040","성능과 안정성에 대한 확인 가능한 사용자 결과","","사용자 선택·해제 범위를 제공","","과도한 보호 보장·자동 동의·추적 확대를 피해야 함","외형이나 문구를 복제하지 않고 사용자 결과와 안전 원칙만 재설계"
"SVC-001","A","FIELD-012","개인정보·보안","scored","3","medium","2026-08-24","true","SRC-001;SRC-039;SRC-040","개인정보·보안에 대한 확인 가능한 사용자 결과","","사용자 선택·해제 범위를 제공","","과도한 보호 보장·자동 동의·추적 확대를 피해야 함","외형이나 문구를 복제하지 않고 사용자 결과와 안전 원칙만 재설계"
"SVC-001","A","FIELD-013","계정·권한·삭제","scored","3","medium","2026-08-24","true","SRC-001;SRC-039;SRC-040","계정·권한·삭제에 대한 확인 가능한 사용자 결과","","사용자 선택·해제 범위를 제공","","과도한 보호 보장·자동 동의·추적 확대를 피해야 함","외형이나 문구를 복제하지 않고 사용자 결과와 안전 원칙만 재설계"
"SVC-001","A","FIELD-014","가격·결제·취소·환불","scored","3","medium","2026-08-24","true","SRC-001;SRC-039;SRC-040","가격·결제·취소·환불에 대한 확인 가능한 사용자 결과","","사용자 선택·해제 범위를 제공","","과도한 보호 보장·자동 동의·추적 확대를 피해야 함","외형이나 문구를 복제하지 않고 사용자 결과와 안전 원칙만 재설계"
"SVC-001","A","FIELD-015","고객지원·장애 대응","scored","2","medium","2026-08-24","true","SRC-001;SRC-039;SRC-040","고객지원·장애 대응에 대한 확인 가능한 사용자 결과","복구 또는 대체 경로가 공개됨","사용자 선택·해제 범위를 제공","","과도한 보호 보장·자동 동의·추적 확대를 피해야 함","외형이나 문구를 복제하지 않고 사용자 결과와 안전 원칙만 재설계"
"SVC-001","A","FIELD-016","장기 사용과 유지","scored","3","medium","2026-08-24","true","SRC-001;SRC-039;SRC-040","장기 사용과 유지에 대한 확인 가능한 사용자 결과","","사용자 선택·해제 범위를 제공","","과도한 보호 보장·자동 동의·추적 확대를 피해야 함","외형이나 문구를 복제하지 않고 사용자 결과와 안전 원칙만 재설계"
"SVC-001","A","FIELD-017","팀·관리자·운영","scored","2","medium","2026-08-24","true","SRC-001;SRC-039;SRC-040","팀·관리자·운영에 대한 확인 가능한 사용자 결과","","사용자 선택·해제 범위를 제공","","과도한 보호 보장·자동 동의·추적 확대를 피해야 함","외형이나 문구를 복제하지 않고 사용자 결과와 안전 원칙만 재설계"
"SVC-001","A","FIELD-018","차별화 요소","scored","3","medium","2026-08-24","true","SRC-001;SRC-039;SRC-040","차별화 요소에 대한 확인 가능한 사용자 결과","","사용자 선택·해제 범위를 제공","","과도한 보호 보장·자동 동의·추적 확대를 피해야 함","외형이나 문구를 복제하지 않고 사용자 결과와 안전 원칙만 재설계"
"SVC-001","A","FIELD-019","사용자 신뢰","scored","3","medium","2026-08-24","true","SRC-001;SRC-039;SRC-040","사용자 신뢰에 대한 확인 가능한 사용자 결과","","사용자 선택·해제 범위를 제공","","과도한 보호 보장·자동 동의·추적 확대를 피해야 함","외형이나 문구를 복제하지 않고 사용자 결과와 안전 원칙만 재설계"
"SVC-001","A","FIELD-020","도입하면 안 되는 부작용","scored","2","medium","2026-08-24","true","SRC-001;SRC-039;SRC-040","도입하면 안 되는 부작용에 대한 확인 가능한 사용자 결과","","사용자 선택·해제 범위를 제공","","과도한 보호 보장·자동 동의·추적 확대를 피해야 함","외형이나 문구를 복제하지 않고 사용자 결과와 안전 원칙만 재설계"
"SVC-001","A","FIELD-021","프로토콜 투명성","scored","4","medium","2026-08-24","true","SRC-001;SRC-039;SRC-040","프로토콜 투명성에 대한 확인 가능한 사용자 결과","","사용자 선택·해제 범위를 제공","","과도한 보호 보장·자동 동의·추적 확대를 피해야 함","외형이나 문구를 복제하지 않고 사용자 결과와 안전 원칙만 재설계"
"SVC-001","A","FIELD-022","킬 스위치·항상 연결","scored","3","medium","2026-08-24","true","SRC-001;SRC-039;SRC-040","킬 스위치·항상 연결에 대한 확인 가능한 사용자 결과","","사용자 선택·해제 범위를 제공","","과도한 보호 보장·자동 동의·추적 확대를 피해야 함","외형이나 문구를 복제하지 않고 사용자 결과와 안전 원칙만 재설계"
"SVC-001","A","FIELD-023","DNS·IPv6·누출 확인","scored","3","medium","2026-08-24","true","SRC-001;SRC-039;SRC-040","DNS·IPv6·누출 확인에 대한 확인 가능한 사용자 결과","","사용자 선택·해제 범위를 제공","","과도한 보호 보장·자동 동의·추적 확대를 피해야 함","외형이나 문구를 복제하지 않고 사용자 결과와 안전 원칙만 재설계"
"SVC-001","A","FIELD-024","검열 환경 복구","scored","2","medium","2026-08-24","true","SRC-001;SRC-039;SRC-040","검열 환경 복구에 대한 확인 가능한 사용자 결과","복구 또는 대체 경로가 공개됨","사용자 선택·해제 범위를 제공","","과도한 보호 보장·자동 동의·추적 확대를 피해야 함","외형이나 문구를 복제하지 않고 사용자 결과와 안전 원칙만 재설계"
"SVC-001","A","FIELD-025","서버 상태·혼잡·대체","scored","2","medium","2026-08-24","true","SRC-001;SRC-039;SRC-040","서버 상태·혼잡·대체에 대한 확인 가능한 사용자 결과","복구 또는 대체 경로가 공개됨","사용자 선택·해제 범위를 제공","","과도한 보호 보장·자동 동의·추적 확대를 피해야 함","외형이나 문구를 복제하지 않고 사용자 결과와 안전 원칙만 재설계"
"SVC-001","A","FIELD-026","기기·프로필 발급·폐기","scored","3","medium","2026-08-24","true","SRC-001;SRC-039;SRC-040","기기·프로필 발급·폐기에 대한 확인 가능한 사용자 결과","","사용자 선택·해제 범위를 제공","","과도한 보호 보장·자동 동의·추적 확대를 피해야 함","외형이나 문구를 복제하지 않고 사용자 결과와 안전 원칙만 재설계"
"SVC-001","A","FIELD-027","무료 데이터·사용량 권리","scored","3","medium","2026-08-24","true","SRC-001;SRC-039;SRC-040","무료 데이터·사용량 권리에 대한 확인 가능한 사용자 결과","","사용자 선택·해제 범위를 제공","","과도한 보호 보장·자동 동의·추적 확대를 피해야 함","외형이나 문구를 복제하지 않고 사용자 결과와 안전 원칙만 재설계"
"SVC-001","A","FIELD-028","관할·국가 지원 범위","scored","3","medium","2026-08-24","true","SRC-001;SRC-039;SRC-040","관할·국가 지원 범위에 대한 확인 가능한 사용자 결과","","사용자 선택·해제 범위를 제공","","과도한 보호 보장·자동 동의·추적 확대를 피해야 함","외형이나 문구를 복제하지 않고 사용자 결과와 안전 원칙만 재설계"
"SVC-002","A","FIELD-001","시작과 첫 가치","scored","3","medium","2026-08-24","true","SRC-002;SRC-039;SRC-040","시작과 첫 가치에 대한 확인 가능한 사용자 결과","","사용자 선택·해제 범위를 제공","","과도한 보호 보장·자동 동의·추적 확대를 피해야 함","외형이나 문구를 복제하지 않고 사용자 결과와 안전 원칙만 재설계"
"SVC-002","A","FIELD-002","핵심 과업 완성도","scored","4","medium","2026-08-24","true","SRC-002;SRC-039;SRC-040","핵심 과업 완성도에 대한 확인 가능한 사용자 결과","","사용자 선택·해제 범위를 제공","","과도한 보호 보장·자동 동의·추적 확대를 피해야 함","외형이나 문구를 복제하지 않고 사용자 결과와 안전 원칙만 재설계"
"SVC-002","A","FIELD-003","개인화","scored","3","medium","2026-08-24","true","SRC-002;SRC-039;SRC-040","개인화에 대한 확인 가능한 사용자 결과","","사용자 선택·해제 범위를 제공","","과도한 보호 보장·자동 동의·추적 확대를 피해야 함","외형이나 문구를 복제하지 않고 사용자 결과와 안전 원칙만 재설계"
"SVC-002","A","FIELD-004","결과 이해와 설명","scored","3","medium","2026-08-24","true","SRC-002;SRC-039;SRC-040","결과 이해와 설명에 대한 확인 가능한 사용자 결과","","사용자 선택·해제 범위를 제공","","과도한 보호 보장·자동 동의·추적 확대를 피해야 함","외형이나 문구를 복제하지 않고 사용자 결과와 안전 원칙만 재설계"
"SVC-002","A","FIELD-005","오류·실패 복구","scored","3","medium","2026-08-24","true","SRC-002;SRC-039;SRC-040","오류·실패 복구에 대한 확인 가능한 사용자 결과","복구 또는 대체 경로가 공개됨","사용자 선택·해제 범위를 제공","","과도한 보호 보장·자동 동의·추적 확대를 피해야 함","외형이나 문구를 복제하지 않고 사용자 결과와 안전 원칙만 재설계"
"SVC-002","A","FIELD-006","저장·내보내기·공유","unknown","","low","2026-08-24","true","SRC-002;SRC-039;SRC-040","결과 미확인","","","","","외형이나 문구를 복제하지 않고 사용자 결과와 안전 원칙만 재설계"
"SVC-002","A","FIELD-007","모바일 경험","scored","4","medium","2026-08-24","true","SRC-002;SRC-039;SRC-040","모바일 경험에 대한 확인 가능한 사용자 결과","","사용자 선택·해제 범위를 제공","플랫폼별 지원 범위가 다름","과도한 보호 보장·자동 동의·추적 확대를 피해야 함","외형이나 문구를 복제하지 않고 사용자 결과와 안전 원칙만 재설계"
"SVC-002","A","FIELD-008","PC 경험","scored","4","medium","2026-08-24","true","SRC-002;SRC-039;SRC-040","PC 경험에 대한 확인 가능한 사용자 결과","","사용자 선택·해제 범위를 제공","플랫폼별 지원 범위가 다름","과도한 보호 보장·자동 동의·추적 확대를 피해야 함","외형이나 문구를 복제하지 않고 사용자 결과와 안전 원칙만 재설계"
"SVC-002","A","FIELD-009","플랫폼 간 연속성","scored","3","medium","2026-08-24","true","SRC-002;SRC-039;SRC-040","플랫폼 간 연속성에 대한 확인 가능한 사용자 결과","","사용자 선택·해제 범위를 제공","플랫폼별 지원 범위가 다름","과도한 보호 보장·자동 동의·추적 확대를 피해야 함","외형이나 문구를 복제하지 않고 사용자 결과와 안전 원칙만 재설계"
"SVC-002","A","FIELD-010","접근성","unknown","","low","2026-08-24","true","SRC-002;SRC-039;SRC-040","결과 미확인","","","","","외형이나 문구를 복제하지 않고 사용자 결과와 안전 원칙만 재설계"
"SVC-002","A","FIELD-011","성능과 안정성","scored","3","medium","2026-08-24","true","SRC-002;SRC-039;SRC-040","성능과 안정성에 대한 확인 가능한 사용자 결과","","사용자 선택·해제 범위를 제공","","과도한 보호 보장·자동 동의·추적 확대를 피해야 함","외형이나 문구를 복제하지 않고 사용자 결과와 안전 원칙만 재설계"
"SVC-002","A","FIELD-012","개인정보·보안","scored","3","medium","2026-08-24","true","SRC-002;SRC-039;SRC-040","개인정보·보안에 대한 확인 가능한 사용자 결과","","사용자 선택·해제 범위를 제공","","과도한 보호 보장·자동 동의·추적 확대를 피해야 함","외형이나 문구를 복제하지 않고 사용자 결과와 안전 원칙만 재설계"
"SVC-002","A","FIELD-013","계정·권한·삭제","scored","3","medium","2026-08-24","true","SRC-002;SRC-039;SRC-040","계정·권한·삭제에 대한 확인 가능한 사용자 결과","","사용자 선택·해제 범위를 제공","","과도한 보호 보장·자동 동의·추적 확대를 피해야 함","외형이나 문구를 복제하지 않고 사용자 결과와 안전 원칙만 재설계"
"SVC-002","A","FIELD-014","가격·결제·취소·환불","scored","3","medium","2026-08-24","true","SRC-002;SRC-039;SRC-040","가격·결제·취소·환불에 대한 확인 가능한 사용자 결과","","사용자 선택·해제 범위를 제공","","과도한 보호 보장·자동 동의·추적 확대를 피해야 함","외형이나 문구를 복제하지 않고 사용자 결과와 안전 원칙만 재설계"
"SVC-002","A","FIELD-015","고객지원·장애 대응","scored","2","medium","2026-08-24","true","SRC-002;SRC-039;SRC-040","고객지원·장애 대응에 대한 확인 가능한 사용자 결과","복구 또는 대체 경로가 공개됨","사용자 선택·해제 범위를 제공","","과도한 보호 보장·자동 동의·추적 확대를 피해야 함","외형이나 문구를 복제하지 않고 사용자 결과와 안전 원칙만 재설계"
"SVC-002","A","FIELD-016","장기 사용과 유지","scored","3","medium","2026-08-24","true","SRC-002;SRC-039;SRC-040","장기 사용과 유지에 대한 확인 가능한 사용자 결과","","사용자 선택·해제 범위를 제공","","과도한 보호 보장·자동 동의·추적 확대를 피해야 함","외형이나 문구를 복제하지 않고 사용자 결과와 안전 원칙만 재설계"
"SVC-002","A","FIELD-017","팀·관리자·운영","scored","2","medium","2026-08-24","true","SRC-002;SRC-039;SRC-040","팀·관리자·운영에 대한 확인 가능한 사용자 결과","","사용자 선택·해제 범위를 제공","","과도한 보호 보장·자동 동의·추적 확대를 피해야 함","외형이나 문구를 복제하지 않고 사용자 결과와 안전 원칙만 재설계"
"SVC-002","A","FIELD-018","차별화 요소","scored","3","medium","2026-08-24","true","SRC-002;SRC-039;SRC-040","차별화 요소에 대한 확인 가능한 사용자 결과","","사용자 선택·해제 범위를 제공","","과도한 보호 보장·자동 동의·추적 확대를 피해야 함","외형이나 문구를 복제하지 않고 사용자 결과와 안전 원칙만 재설계"
"SVC-002","A","FIELD-019","사용자 신뢰","scored","3","medium","2026-08-24","true","SRC-002;SRC-039;SRC-040","사용자 신뢰에 대한 확인 가능한 사용자 결과","","사용자 선택·해제 범위를 제공","","과도한 보호 보장·자동 동의·추적 확대를 피해야 함","외형이나 문구를 복제하지 않고 사용자 결과와 안전 원칙만 재설계"
"SVC-002","A","FIELD-020","도입하면 안 되는 부작용","scored","2","medium","2026-08-24","true","SRC-002;SRC-039;SRC-040","도입하면 안 되는 부작용에 대한 확인 가능한 사용자 결과","","사용자 선택·해제 범위를 제공","","과도한 보호 보장·자동 동의·추적 확대를 피해야 함","외형이나 문구를 복제하지 않고 사용자 결과와 안전 원칙만 재설계"
"SVC-002","A","FIELD-021","프로토콜 투명성","scored","4","medium","2026-08-24","true","SRC-002;SRC-039;SRC-040","프로토콜 투명성에 대한 확인 가능한 사용자 결과","","사용자 선택·해제 범위를 제공","","과도한 보호 보장·자동 동의·추적 확대를 피해야 함","외형이나 문구를 복제하지 않고 사용자 결과와 안전 원칙만 재설계"
"SVC-002","A","FIELD-022","킬 스위치·항상 연결","scored","3","medium","2026-08-24","true","SRC-002;SRC-039;SRC-040","킬 스위치·항상 연결에 대한 확인 가능한 사용자 결과","","사용자 선택·해제 범위를 제공","","과도한 보호 보장·자동 동의·추적 확대를 피해야 함","외형이나 문구를 복제하지 않고 사용자 결과와 안전 원칙만 재설계"
"SVC-002","A","FIELD-023","DNS·IPv6·누출 확인","scored","3","medium","2026-08-24","true","SRC-002;SRC-039;SRC-040","DNS·IPv6·누출 확인에 대한 확인 가능한 사용자 결과","","사용자 선택·해제 범위를 제공","","과도한 보호 보장·자동 동의·추적 확대를 피해야 함","외형이나 문구를 복제하지 않고 사용자 결과와 안전 원칙만 재설계"
"SVC-002","A","FIELD-024","검열 환경 복구","scored","2","medium","2026-08-24","true","SRC-002;SRC-039;SRC-040","검열 환경 복구에 대한 확인 가능한 사용자 결과","복구 또는 대체 경로가 공개됨","사용자 선택·해제 범위를 제공","","과도한 보호 보장·자동 동의·추적 확대를 피해야 함","외형이나 문구를 복제하지 않고 사용자 결과와 안전 원칙만 재설계"
"SVC-002","A","FIELD-025","서버 상태·혼잡·대체","scored","2","medium","2026-08-24","true","SRC-002;SRC-039;SRC-040","서버 상태·혼잡·대체에 대한 확인 가능한 사용자 결과","복구 또는 대체 경로가 공개됨","사용자 선택·해제 범위를 제공","","과도한 보호 보장·자동 동의·추적 확대를 피해야 함","외형이나 문구를 복제하지 않고 사용자 결과와 안전 원칙만 재설계"
"SVC-002","A","FIELD-026","기기·프로필 발급·폐기","scored","3","medium","2026-08-24","true","SRC-002;SRC-039;SRC-040","기기·프로필 발급·폐기에 대한 확인 가능한 사용자 결과","","사용자 선택·해제 범위를 제공","","과도한 보호 보장·자동 동의·추적 확대를 피해야 함","외형이나 문구를 복제하지 않고 사용자 결과와 안전 원칙만 재설계"
"SVC-002","A","FIELD-027","무료 데이터·사용량 권리","scored","3","medium","2026-08-24","true","SRC-002;SRC-039;SRC-040","무료 데이터·사용량 권리에 대한 확인 가능한 사용자 결과","","사용자 선택·해제 범위를 제공","","과도한 보호 보장·자동 동의·추적 확대를 피해야 함","외형이나 문구를 복제하지 않고 사용자 결과와 안전 원칙만 재설계"
"SVC-002","A","FIELD-028","관할·국가 지원 범위","scored","3","medium","2026-08-24","true","SRC-002;SRC-039;SRC-040","관할·국가 지원 범위에 대한 확인 가능한 사용자 결과","","사용자 선택·해제 범위를 제공","","과도한 보호 보장·자동 동의·추적 확대를 피해야 함","외형이나 문구를 복제하지 않고 사용자 결과와 안전 원칙만 재설계"
"SVC-003","A","FIELD-001","시작과 첫 가치","scored","3","medium","2026-08-24","true","SRC-003;SRC-039;SRC-040","시작과 첫 가치에 대한 확인 가능한 사용자 결과","","사용자 선택·해제 범위를 제공","","과도한 보호 보장·자동 동의·추적 확대를 피해야 함","외형이나 문구를 복제하지 않고 사용자 결과와 안전 원칙만 재설계"
"SVC-003","A","FIELD-002","핵심 과업 완성도","scored","4","medium","2026-08-24","true","SRC-003;SRC-039;SRC-040","핵심 과업 완성도에 대한 확인 가능한 사용자 결과","","사용자 선택·해제 범위를 제공","","과도한 보호 보장·자동 동의·추적 확대를 피해야 함","외형이나 문구를 복제하지 않고 사용자 결과와 안전 원칙만 재설계"
"SVC-003","A","FIELD-003","개인화","scored","3","medium","2026-08-24","true","SRC-003;SRC-039;SRC-040","개인화에 대한 확인 가능한 사용자 결과","","사용자 선택·해제 범위를 제공","","과도한 보호 보장·자동 동의·추적 확대를 피해야 함","외형이나 문구를 복제하지 않고 사용자 결과와 안전 원칙만 재설계"
"SVC-003","A","FIELD-004","결과 이해와 설명","scored","3","medium","2026-08-24","true","SRC-003;SRC-039;SRC-040","결과 이해와 설명에 대한 확인 가능한 사용자 결과","","사용자 선택·해제 범위를 제공","","과도한 보호 보장·자동 동의·추적 확대를 피해야 함","외형이나 문구를 복제하지 않고 사용자 결과와 안전 원칙만 재설계"
"SVC-003","A","FIELD-005","오류·실패 복구","scored","3","medium","2026-08-24","true","SRC-003;SRC-039;SRC-040","오류·실패 복구에 대한 확인 가능한 사용자 결과","복구 또는 대체 경로가 공개됨","사용자 선택·해제 범위를 제공","","과도한 보호 보장·자동 동의·추적 확대를 피해야 함","외형이나 문구를 복제하지 않고 사용자 결과와 안전 원칙만 재설계"
"SVC-003","A","FIELD-006","저장·내보내기·공유","unknown","","low","2026-08-24","true","SRC-003;SRC-039;SRC-040","결과 미확인","","","","","외형이나 문구를 복제하지 않고 사용자 결과와 안전 원칙만 재설계"
"SVC-003","A","FIELD-007","모바일 경험","scored","4","medium","2026-08-24","true","SRC-003;SRC-039;SRC-040","모바일 경험에 대한 확인 가능한 사용자 결과","","사용자 선택·해제 범위를 제공","플랫폼별 지원 범위가 다름","과도한 보호 보장·자동 동의·추적 확대를 피해야 함","외형이나 문구를 복제하지 않고 사용자 결과와 안전 원칙만 재설계"
"SVC-003","A","FIELD-008","PC 경험","scored","4","medium","2026-08-24","true","SRC-003;SRC-039;SRC-040","PC 경험에 대한 확인 가능한 사용자 결과","","사용자 선택·해제 범위를 제공","플랫폼별 지원 범위가 다름","과도한 보호 보장·자동 동의·추적 확대를 피해야 함","외형이나 문구를 복제하지 않고 사용자 결과와 안전 원칙만 재설계"
"SVC-003","A","FIELD-009","플랫폼 간 연속성","scored","3","medium","2026-08-24","true","SRC-003;SRC-039;SRC-040","플랫폼 간 연속성에 대한 확인 가능한 사용자 결과","","사용자 선택·해제 범위를 제공","플랫폼별 지원 범위가 다름","과도한 보호 보장·자동 동의·추적 확대를 피해야 함","외형이나 문구를 복제하지 않고 사용자 결과와 안전 원칙만 재설계"
"SVC-003","A","FIELD-010","접근성","unknown","","low","2026-08-24","true","SRC-003;SRC-039;SRC-040","결과 미확인","","","","","외형이나 문구를 복제하지 않고 사용자 결과와 안전 원칙만 재설계"
"SVC-003","A","FIELD-011","성능과 안정성","scored","3","medium","2026-08-24","true","SRC-003;SRC-039;SRC-040","성능과 안정성에 대한 확인 가능한 사용자 결과","","사용자 선택·해제 범위를 제공","","과도한 보호 보장·자동 동의·추적 확대를 피해야 함","외형이나 문구를 복제하지 않고 사용자 결과와 안전 원칙만 재설계"
"SVC-003","A","FIELD-012","개인정보·보안","scored","3","medium","2026-08-24","true","SRC-003;SRC-039;SRC-040","개인정보·보안에 대한 확인 가능한 사용자 결과","","사용자 선택·해제 범위를 제공","","과도한 보호 보장·자동 동의·추적 확대를 피해야 함","외형이나 문구를 복제하지 않고 사용자 결과와 안전 원칙만 재설계"
"SVC-003","A","FIELD-013","계정·권한·삭제","scored","3","medium","2026-08-24","true","SRC-003;SRC-039;SRC-040","계정·권한·삭제에 대한 확인 가능한 사용자 결과","","사용자 선택·해제 범위를 제공","","과도한 보호 보장·자동 동의·추적 확대를 피해야 함","외형이나 문구를 복제하지 않고 사용자 결과와 안전 원칙만 재설계"
"SVC-003","A","FIELD-014","가격·결제·취소·환불","scored","3","medium","2026-08-24","true","SRC-003;SRC-039;SRC-040","가격·결제·취소·환불에 대한 확인 가능한 사용자 결과","","사용자 선택·해제 범위를 제공","","과도한 보호 보장·자동 동의·추적 확대를 피해야 함","외형이나 문구를 복제하지 않고 사용자 결과와 안전 원칙만 재설계"
"SVC-003","A","FIELD-015","고객지원·장애 대응","scored","2","medium","2026-08-24","true","SRC-003;SRC-039;SRC-040","고객지원·장애 대응에 대한 확인 가능한 사용자 결과","복구 또는 대체 경로가 공개됨","사용자 선택·해제 범위를 제공","","과도한 보호 보장·자동 동의·추적 확대를 피해야 함","외형이나 문구를 복제하지 않고 사용자 결과와 안전 원칙만 재설계"
"SVC-003","A","FIELD-016","장기 사용과 유지","scored","3","medium","2026-08-24","true","SRC-003;SRC-039;SRC-040","장기 사용과 유지에 대한 확인 가능한 사용자 결과","","사용자 선택·해제 범위를 제공","","과도한 보호 보장·자동 동의·추적 확대를 피해야 함","외형이나 문구를 복제하지 않고 사용자 결과와 안전 원칙만 재설계"
"SVC-003","A","FIELD-017","팀·관리자·운영","scored","2","medium","2026-08-24","true","SRC-003;SRC-039;SRC-040","팀·관리자·운영에 대한 확인 가능한 사용자 결과","","사용자 선택·해제 범위를 제공","","과도한 보호 보장·자동 동의·추적 확대를 피해야 함","외형이나 문구를 복제하지 않고 사용자 결과와 안전 원칙만 재설계"
"SVC-003","A","FIELD-018","차별화 요소","scored","3","medium","2026-08-24","true","SRC-003;SRC-039;SRC-040","차별화 요소에 대한 확인 가능한 사용자 결과","","사용자 선택·해제 범위를 제공","","과도한 보호 보장·자동 동의·추적 확대를 피해야 함","외형이나 문구를 복제하지 않고 사용자 결과와 안전 원칙만 재설계"
"SVC-003","A","FIELD-019","사용자 신뢰","scored","3","medium","2026-08-24","true","SRC-003;SRC-039;SRC-040","사용자 신뢰에 대한 확인 가능한 사용자 결과","","사용자 선택·해제 범위를 제공","","과도한 보호 보장·자동 동의·추적 확대를 피해야 함","외형이나 문구를 복제하지 않고 사용자 결과와 안전 원칙만 재설계"
"SVC-003","A","FIELD-020","도입하면 안 되는 부작용","scored","2","medium","2026-08-24","true","SRC-003;SRC-039;SRC-040","도입하면 안 되는 부작용에 대한 확인 가능한 사용자 결과","","사용자 선택·해제 범위를 제공","","과도한 보호 보장·자동 동의·추적 확대를 피해야 함","외형이나 문구를 복제하지 않고 사용자 결과와 안전 원칙만 재설계"
"SVC-003","A","FIELD-021","프로토콜 투명성","scored","4","medium","2026-08-24","true","SRC-003;SRC-039;SRC-040","프로토콜 투명성에 대한 확인 가능한 사용자 결과","","사용자 선택·해제 범위를 제공","","과도한 보호 보장·자동 동의·추적 확대를 피해야 함","외형이나 문구를 복제하지 않고 사용자 결과와 안전 원칙만 재설계"
"SVC-003","A","FIELD-022","킬 스위치·항상 연결","scored","3","medium","2026-08-24","true","SRC-003;SRC-039;SRC-040","킬 스위치·항상 연결에 대한 확인 가능한 사용자 결과","","사용자 선택·해제 범위를 제공","","과도한 보호 보장·자동 동의·추적 확대를 피해야 함","외형이나 문구를 복제하지 않고 사용자 결과와 안전 원칙만 재설계"
"SVC-003","A","FIELD-023","DNS·IPv6·누출 확인","scored","3","medium","2026-08-24","true","SRC-003;SRC-039;SRC-040","DNS·IPv6·누출 확인에 대한 확인 가능한 사용자 결과","","사용자 선택·해제 범위를 제공","","과도한 보호 보장·자동 동의·추적 확대를 피해야 함","외형이나 문구를 복제하지 않고 사용자 결과와 안전 원칙만 재설계"
"SVC-003","A","FIELD-024","검열 환경 복구","scored","2","medium","2026-08-24","true","SRC-003;SRC-039;SRC-040","검열 환경 복구에 대한 확인 가능한 사용자 결과","복구 또는 대체 경로가 공개됨","사용자 선택·해제 범위를 제공","","과도한 보호 보장·자동 동의·추적 확대를 피해야 함","외형이나 문구를 복제하지 않고 사용자 결과와 안전 원칙만 재설계"
"SVC-003","A","FIELD-025","서버 상태·혼잡·대체","scored","2","medium","2026-08-24","true","SRC-003;SRC-039;SRC-040","서버 상태·혼잡·대체에 대한 확인 가능한 사용자 결과","복구 또는 대체 경로가 공개됨","사용자 선택·해제 범위를 제공","","과도한 보호 보장·자동 동의·추적 확대를 피해야 함","외형이나 문구를 복제하지 않고 사용자 결과와 안전 원칙만 재설계"
"SVC-003","A","FIELD-026","기기·프로필 발급·폐기","scored","3","medium","2026-08-24","true","SRC-003;SRC-039;SRC-040","기기·프로필 발급·폐기에 대한 확인 가능한 사용자 결과","","사용자 선택·해제 범위를 제공","","과도한 보호 보장·자동 동의·추적 확대를 피해야 함","외형이나 문구를 복제하지 않고 사용자 결과와 안전 원칙만 재설계"
"SVC-003","A","FIELD-027","무료 데이터·사용량 권리","scored","3","medium","2026-08-24","true","SRC-003;SRC-039;SRC-040","무료 데이터·사용량 권리에 대한 확인 가능한 사용자 결과","","사용자 선택·해제 범위를 제공","","과도한 보호 보장·자동 동의·추적 확대를 피해야 함","외형이나 문구를 복제하지 않고 사용자 결과와 안전 원칙만 재설계"
"SVC-003","A","FIELD-028","관할·국가 지원 범위","scored","3","medium","2026-08-24","true","SRC-003;SRC-039;SRC-040","관할·국가 지원 범위에 대한 확인 가능한 사용자 결과","","사용자 선택·해제 범위를 제공","","과도한 보호 보장·자동 동의·추적 확대를 피해야 함","외형이나 문구를 복제하지 않고 사용자 결과와 안전 원칙만 재설계"
"SVC-004","A","FIELD-001","시작과 첫 가치","scored","3","medium","2026-08-24","true","SRC-004;SRC-039;SRC-040","시작과 첫 가치에 대한 확인 가능한 사용자 결과","","사용자 선택·해제 범위를 제공","","과도한 보호 보장·자동 동의·추적 확대를 피해야 함","외형이나 문구를 복제하지 않고 사용자 결과와 안전 원칙만 재설계"
"SVC-004","A","FIELD-002","핵심 과업 완성도","scored","4","medium","2026-08-24","true","SRC-004;SRC-039;SRC-040","핵심 과업 완성도에 대한 확인 가능한 사용자 결과","","사용자 선택·해제 범위를 제공","","과도한 보호 보장·자동 동의·추적 확대를 피해야 함","외형이나 문구를 복제하지 않고 사용자 결과와 안전 원칙만 재설계"
"SVC-004","A","FIELD-003","개인화","scored","3","medium","2026-08-24","true","SRC-004;SRC-039;SRC-040","개인화에 대한 확인 가능한 사용자 결과","","사용자 선택·해제 범위를 제공","","과도한 보호 보장·자동 동의·추적 확대를 피해야 함","외형이나 문구를 복제하지 않고 사용자 결과와 안전 원칙만 재설계"
"SVC-004","A","FIELD-004","결과 이해와 설명","scored","3","medium","2026-08-24","true","SRC-004;SRC-039;SRC-040","결과 이해와 설명에 대한 확인 가능한 사용자 결과","","사용자 선택·해제 범위를 제공","","과도한 보호 보장·자동 동의·추적 확대를 피해야 함","외형이나 문구를 복제하지 않고 사용자 결과와 안전 원칙만 재설계"
"SVC-004","A","FIELD-005","오류·실패 복구","scored","3","medium","2026-08-24","true","SRC-004;SRC-039;SRC-040","오류·실패 복구에 대한 확인 가능한 사용자 결과","복구 또는 대체 경로가 공개됨","사용자 선택·해제 범위를 제공","","과도한 보호 보장·자동 동의·추적 확대를 피해야 함","외형이나 문구를 복제하지 않고 사용자 결과와 안전 원칙만 재설계"
"SVC-004","A","FIELD-006","저장·내보내기·공유","unknown","","low","2026-08-24","true","SRC-004;SRC-039;SRC-040","결과 미확인","","","","","외형이나 문구를 복제하지 않고 사용자 결과와 안전 원칙만 재설계"
"SVC-004","A","FIELD-007","모바일 경험","scored","4","medium","2026-08-24","true","SRC-004;SRC-039;SRC-040","모바일 경험에 대한 확인 가능한 사용자 결과","","사용자 선택·해제 범위를 제공","플랫폼별 지원 범위가 다름","과도한 보호 보장·자동 동의·추적 확대를 피해야 함","외형이나 문구를 복제하지 않고 사용자 결과와 안전 원칙만 재설계"
"SVC-004","A","FIELD-008","PC 경험","scored","4","medium","2026-08-24","true","SRC-004;SRC-039;SRC-040","PC 경험에 대한 확인 가능한 사용자 결과","","사용자 선택·해제 범위를 제공","플랫폼별 지원 범위가 다름","과도한 보호 보장·자동 동의·추적 확대를 피해야 함","외형이나 문구를 복제하지 않고 사용자 결과와 안전 원칙만 재설계"
"SVC-004","A","FIELD-009","플랫폼 간 연속성","scored","3","medium","2026-08-24","true","SRC-004;SRC-039;SRC-040","플랫폼 간 연속성에 대한 확인 가능한 사용자 결과","","사용자 선택·해제 범위를 제공","플랫폼별 지원 범위가 다름","과도한 보호 보장·자동 동의·추적 확대를 피해야 함","외형이나 문구를 복제하지 않고 사용자 결과와 안전 원칙만 재설계"
"SVC-004","A","FIELD-010","접근성","unknown","","low","2026-08-24","true","SRC-004;SRC-039;SRC-040","결과 미확인","","","","","외형이나 문구를 복제하지 않고 사용자 결과와 안전 원칙만 재설계"
"SVC-004","A","FIELD-011","성능과 안정성","scored","3","medium","2026-08-24","true","SRC-004;SRC-039;SRC-040","성능과 안정성에 대한 확인 가능한 사용자 결과","","사용자 선택·해제 범위를 제공","","과도한 보호 보장·자동 동의·추적 확대를 피해야 함","외형이나 문구를 복제하지 않고 사용자 결과와 안전 원칙만 재설계"
"SVC-004","A","FIELD-012","개인정보·보안","scored","3","medium","2026-08-24","true","SRC-004;SRC-039;SRC-040","개인정보·보안에 대한 확인 가능한 사용자 결과","","사용자 선택·해제 범위를 제공","","과도한 보호 보장·자동 동의·추적 확대를 피해야 함","외형이나 문구를 복제하지 않고 사용자 결과와 안전 원칙만 재설계"
"SVC-004","A","FIELD-013","계정·권한·삭제","scored","3","medium","2026-08-24","true","SRC-004;SRC-039;SRC-040","계정·권한·삭제에 대한 확인 가능한 사용자 결과","","사용자 선택·해제 범위를 제공","","과도한 보호 보장·자동 동의·추적 확대를 피해야 함","외형이나 문구를 복제하지 않고 사용자 결과와 안전 원칙만 재설계"
"SVC-004","A","FIELD-014","가격·결제·취소·환불","scored","3","medium","2026-08-24","true","SRC-004;SRC-039;SRC-040","가격·결제·취소·환불에 대한 확인 가능한 사용자 결과","","사용자 선택·해제 범위를 제공","","과도한 보호 보장·자동 동의·추적 확대를 피해야 함","외형이나 문구를 복제하지 않고 사용자 결과와 안전 원칙만 재설계"
"SVC-004","A","FIELD-015","고객지원·장애 대응","scored","2","medium","2026-08-24","true","SRC-004;SRC-039;SRC-040","고객지원·장애 대응에 대한 확인 가능한 사용자 결과","복구 또는 대체 경로가 공개됨","사용자 선택·해제 범위를 제공","","과도한 보호 보장·자동 동의·추적 확대를 피해야 함","외형이나 문구를 복제하지 않고 사용자 결과와 안전 원칙만 재설계"
"SVC-004","A","FIELD-016","장기 사용과 유지","scored","3","medium","2026-08-24","true","SRC-004;SRC-039;SRC-040","장기 사용과 유지에 대한 확인 가능한 사용자 결과","","사용자 선택·해제 범위를 제공","","과도한 보호 보장·자동 동의·추적 확대를 피해야 함","외형이나 문구를 복제하지 않고 사용자 결과와 안전 원칙만 재설계"
"SVC-004","A","FIELD-017","팀·관리자·운영","scored","2","medium","2026-08-24","true","SRC-004;SRC-039;SRC-040","팀·관리자·운영에 대한 확인 가능한 사용자 결과","","사용자 선택·해제 범위를 제공","","과도한 보호 보장·자동 동의·추적 확대를 피해야 함","외형이나 문구를 복제하지 않고 사용자 결과와 안전 원칙만 재설계"
"SVC-004","A","FIELD-018","차별화 요소","scored","3","medium","2026-08-24","true","SRC-004;SRC-039;SRC-040","차별화 요소에 대한 확인 가능한 사용자 결과","","사용자 선택·해제 범위를 제공","","과도한 보호 보장·자동 동의·추적 확대를 피해야 함","외형이나 문구를 복제하지 않고 사용자 결과와 안전 원칙만 재설계"
"SVC-004","A","FIELD-019","사용자 신뢰","scored","3","medium","2026-08-24","true","SRC-004;SRC-039;SRC-040","사용자 신뢰에 대한 확인 가능한 사용자 결과","","사용자 선택·해제 범위를 제공","","과도한 보호 보장·자동 동의·추적 확대를 피해야 함","외형이나 문구를 복제하지 않고 사용자 결과와 안전 원칙만 재설계"
"SVC-004","A","FIELD-020","도입하면 안 되는 부작용","scored","2","medium","2026-08-24","true","SRC-004;SRC-039;SRC-040","도입하면 안 되는 부작용에 대한 확인 가능한 사용자 결과","","사용자 선택·해제 범위를 제공","","과도한 보호 보장·자동 동의·추적 확대를 피해야 함","외형이나 문구를 복제하지 않고 사용자 결과와 안전 원칙만 재설계"
"SVC-004","A","FIELD-021","프로토콜 투명성","scored","4","medium","2026-08-24","true","SRC-004;SRC-039;SRC-040","프로토콜 투명성에 대한 확인 가능한 사용자 결과","","사용자 선택·해제 범위를 제공","","과도한 보호 보장·자동 동의·추적 확대를 피해야 함","외형이나 문구를 복제하지 않고 사용자 결과와 안전 원칙만 재설계"
"SVC-004","A","FIELD-022","킬 스위치·항상 연결","scored","3","medium","2026-08-24","true","SRC-004;SRC-039;SRC-040","킬 스위치·항상 연결에 대한 확인 가능한 사용자 결과","","사용자 선택·해제 범위를 제공","","과도한 보호 보장·자동 동의·추적 확대를 피해야 함","외형이나 문구를 복제하지 않고 사용자 결과와 안전 원칙만 재설계"
"SVC-004","A","FIELD-023","DNS·IPv6·누출 확인","scored","3","medium","2026-08-24","true","SRC-004;SRC-039;SRC-040","DNS·IPv6·누출 확인에 대한 확인 가능한 사용자 결과","","사용자 선택·해제 범위를 제공","","과도한 보호 보장·자동 동의·추적 확대를 피해야 함","외형이나 문구를 복제하지 않고 사용자 결과와 안전 원칙만 재설계"
"SVC-004","A","FIELD-024","검열 환경 복구","scored","2","medium","2026-08-24","true","SRC-004;SRC-039;SRC-040","검열 환경 복구에 대한 확인 가능한 사용자 결과","복구 또는 대체 경로가 공개됨","사용자 선택·해제 범위를 제공","","과도한 보호 보장·자동 동의·추적 확대를 피해야 함","외형이나 문구를 복제하지 않고 사용자 결과와 안전 원칙만 재설계"
"SVC-004","A","FIELD-025","서버 상태·혼잡·대체","scored","2","medium","2026-08-24","true","SRC-004;SRC-039;SRC-040","서버 상태·혼잡·대체에 대한 확인 가능한 사용자 결과","복구 또는 대체 경로가 공개됨","사용자 선택·해제 범위를 제공","","과도한 보호 보장·자동 동의·추적 확대를 피해야 함","외형이나 문구를 복제하지 않고 사용자 결과와 안전 원칙만 재설계"
"SVC-004","A","FIELD-026","기기·프로필 발급·폐기","scored","3","medium","2026-08-24","true","SRC-004;SRC-039;SRC-040","기기·프로필 발급·폐기에 대한 확인 가능한 사용자 결과","","사용자 선택·해제 범위를 제공","","과도한 보호 보장·자동 동의·추적 확대를 피해야 함","외형이나 문구를 복제하지 않고 사용자 결과와 안전 원칙만 재설계"
"SVC-004","A","FIELD-027","무료 데이터·사용량 권리","scored","3","medium","2026-08-24","true","SRC-004;SRC-039;SRC-040","무료 데이터·사용량 권리에 대한 확인 가능한 사용자 결과","","사용자 선택·해제 범위를 제공","","과도한 보호 보장·자동 동의·추적 확대를 피해야 함","외형이나 문구를 복제하지 않고 사용자 결과와 안전 원칙만 재설계"
"SVC-004","A","FIELD-028","관할·국가 지원 범위","scored","3","medium","2026-08-24","true","SRC-004;SRC-039;SRC-040","관할·국가 지원 범위에 대한 확인 가능한 사용자 결과","","사용자 선택·해제 범위를 제공","","과도한 보호 보장·자동 동의·추적 확대를 피해야 함","외형이나 문구를 복제하지 않고 사용자 결과와 안전 원칙만 재설계"
"SVC-005","A","FIELD-001","시작과 첫 가치","scored","3","medium","2026-08-24","true","SRC-005;SRC-039;SRC-040","시작과 첫 가치에 대한 확인 가능한 사용자 결과","","사용자 선택·해제 범위를 제공","","과도한 보호 보장·자동 동의·추적 확대를 피해야 함","외형이나 문구를 복제하지 않고 사용자 결과와 안전 원칙만 재설계"
"SVC-005","A","FIELD-002","핵심 과업 완성도","scored","4","medium","2026-08-24","true","SRC-005;SRC-039;SRC-040","핵심 과업 완성도에 대한 확인 가능한 사용자 결과","","사용자 선택·해제 범위를 제공","","과도한 보호 보장·자동 동의·추적 확대를 피해야 함","외형이나 문구를 복제하지 않고 사용자 결과와 안전 원칙만 재설계"
"SVC-005","A","FIELD-003","개인화","scored","3","medium","2026-08-24","true","SRC-005;SRC-039;SRC-040","개인화에 대한 확인 가능한 사용자 결과","","사용자 선택·해제 범위를 제공","","과도한 보호 보장·자동 동의·추적 확대를 피해야 함","외형이나 문구를 복제하지 않고 사용자 결과와 안전 원칙만 재설계"
"SVC-005","A","FIELD-004","결과 이해와 설명","scored","3","medium","2026-08-24","true","SRC-005;SRC-039;SRC-040","결과 이해와 설명에 대한 확인 가능한 사용자 결과","","사용자 선택·해제 범위를 제공","","과도한 보호 보장·자동 동의·추적 확대를 피해야 함","외형이나 문구를 복제하지 않고 사용자 결과와 안전 원칙만 재설계"
"SVC-005","A","FIELD-005","오류·실패 복구","scored","3","medium","2026-08-24","true","SRC-005;SRC-039;SRC-040","오류·실패 복구에 대한 확인 가능한 사용자 결과","복구 또는 대체 경로가 공개됨","사용자 선택·해제 범위를 제공","","과도한 보호 보장·자동 동의·추적 확대를 피해야 함","외형이나 문구를 복제하지 않고 사용자 결과와 안전 원칙만 재설계"
"SVC-005","A","FIELD-006","저장·내보내기·공유","unknown","","low","2026-08-24","true","SRC-005;SRC-039;SRC-040","결과 미확인","","","","","외형이나 문구를 복제하지 않고 사용자 결과와 안전 원칙만 재설계"
"SVC-005","A","FIELD-007","모바일 경험","scored","4","medium","2026-08-24","true","SRC-005;SRC-039;SRC-040","모바일 경험에 대한 확인 가능한 사용자 결과","","사용자 선택·해제 범위를 제공","플랫폼별 지원 범위가 다름","과도한 보호 보장·자동 동의·추적 확대를 피해야 함","외형이나 문구를 복제하지 않고 사용자 결과와 안전 원칙만 재설계"
"SVC-005","A","FIELD-008","PC 경험","scored","4","medium","2026-08-24","true","SRC-005;SRC-039;SRC-040","PC 경험에 대한 확인 가능한 사용자 결과","","사용자 선택·해제 범위를 제공","플랫폼별 지원 범위가 다름","과도한 보호 보장·자동 동의·추적 확대를 피해야 함","외형이나 문구를 복제하지 않고 사용자 결과와 안전 원칙만 재설계"
"SVC-005","A","FIELD-009","플랫폼 간 연속성","scored","3","medium","2026-08-24","true","SRC-005;SRC-039;SRC-040","플랫폼 간 연속성에 대한 확인 가능한 사용자 결과","","사용자 선택·해제 범위를 제공","플랫폼별 지원 범위가 다름","과도한 보호 보장·자동 동의·추적 확대를 피해야 함","외형이나 문구를 복제하지 않고 사용자 결과와 안전 원칙만 재설계"
"SVC-005","A","FIELD-010","접근성","unknown","","low","2026-08-24","true","SRC-005;SRC-039;SRC-040","결과 미확인","","","","","외형이나 문구를 복제하지 않고 사용자 결과와 안전 원칙만 재설계"
"SVC-005","A","FIELD-011","성능과 안정성","scored","3","medium","2026-08-24","true","SRC-005;SRC-039;SRC-040","성능과 안정성에 대한 확인 가능한 사용자 결과","","사용자 선택·해제 범위를 제공","","과도한 보호 보장·자동 동의·추적 확대를 피해야 함","외형이나 문구를 복제하지 않고 사용자 결과와 안전 원칙만 재설계"
"SVC-005","A","FIELD-012","개인정보·보안","scored","3","medium","2026-08-24","true","SRC-005;SRC-039;SRC-040","개인정보·보안에 대한 확인 가능한 사용자 결과","","사용자 선택·해제 범위를 제공","","과도한 보호 보장·자동 동의·추적 확대를 피해야 함","외형이나 문구를 복제하지 않고 사용자 결과와 안전 원칙만 재설계"
"SVC-005","A","FIELD-013","계정·권한·삭제","scored","3","medium","2026-08-24","true","SRC-005;SRC-039;SRC-040","계정·권한·삭제에 대한 확인 가능한 사용자 결과","","사용자 선택·해제 범위를 제공","","과도한 보호 보장·자동 동의·추적 확대를 피해야 함","외형이나 문구를 복제하지 않고 사용자 결과와 안전 원칙만 재설계"
"SVC-005","A","FIELD-014","가격·결제·취소·환불","scored","3","medium","2026-08-24","true","SRC-005;SRC-039;SRC-040","가격·결제·취소·환불에 대한 확인 가능한 사용자 결과","","사용자 선택·해제 범위를 제공","","과도한 보호 보장·자동 동의·추적 확대를 피해야 함","외형이나 문구를 복제하지 않고 사용자 결과와 안전 원칙만 재설계"
"SVC-005","A","FIELD-015","고객지원·장애 대응","scored","2","medium","2026-08-24","true","SRC-005;SRC-039;SRC-040","고객지원·장애 대응에 대한 확인 가능한 사용자 결과","복구 또는 대체 경로가 공개됨","사용자 선택·해제 범위를 제공","","과도한 보호 보장·자동 동의·추적 확대를 피해야 함","외형이나 문구를 복제하지 않고 사용자 결과와 안전 원칙만 재설계"
"SVC-005","A","FIELD-016","장기 사용과 유지","scored","3","medium","2026-08-24","true","SRC-005;SRC-039;SRC-040","장기 사용과 유지에 대한 확인 가능한 사용자 결과","","사용자 선택·해제 범위를 제공","","과도한 보호 보장·자동 동의·추적 확대를 피해야 함","외형이나 문구를 복제하지 않고 사용자 결과와 안전 원칙만 재설계"
"SVC-005","A","FIELD-017","팀·관리자·운영","scored","2","medium","2026-08-24","true","SRC-005;SRC-039;SRC-040","팀·관리자·운영에 대한 확인 가능한 사용자 결과","","사용자 선택·해제 범위를 제공","","과도한 보호 보장·자동 동의·추적 확대를 피해야 함","외형이나 문구를 복제하지 않고 사용자 결과와 안전 원칙만 재설계"
"SVC-005","A","FIELD-018","차별화 요소","scored","3","medium","2026-08-24","true","SRC-005;SRC-039;SRC-040","차별화 요소에 대한 확인 가능한 사용자 결과","","사용자 선택·해제 범위를 제공","","과도한 보호 보장·자동 동의·추적 확대를 피해야 함","외형이나 문구를 복제하지 않고 사용자 결과와 안전 원칙만 재설계"
"SVC-005","A","FIELD-019","사용자 신뢰","scored","3","medium","2026-08-24","true","SRC-005;SRC-039;SRC-040","사용자 신뢰에 대한 확인 가능한 사용자 결과","","사용자 선택·해제 범위를 제공","","과도한 보호 보장·자동 동의·추적 확대를 피해야 함","외형이나 문구를 복제하지 않고 사용자 결과와 안전 원칙만 재설계"
"SVC-005","A","FIELD-020","도입하면 안 되는 부작용","scored","2","medium","2026-08-24","true","SRC-005;SRC-039;SRC-040","도입하면 안 되는 부작용에 대한 확인 가능한 사용자 결과","","사용자 선택·해제 범위를 제공","","과도한 보호 보장·자동 동의·추적 확대를 피해야 함","외형이나 문구를 복제하지 않고 사용자 결과와 안전 원칙만 재설계"
"SVC-005","A","FIELD-021","프로토콜 투명성","scored","4","medium","2026-08-24","true","SRC-005;SRC-039;SRC-040","프로토콜 투명성에 대한 확인 가능한 사용자 결과","","사용자 선택·해제 범위를 제공","","과도한 보호 보장·자동 동의·추적 확대를 피해야 함","외형이나 문구를 복제하지 않고 사용자 결과와 안전 원칙만 재설계"
"SVC-005","A","FIELD-022","킬 스위치·항상 연결","scored","3","medium","2026-08-24","true","SRC-005;SRC-039;SRC-040","킬 스위치·항상 연결에 대한 확인 가능한 사용자 결과","","사용자 선택·해제 범위를 제공","","과도한 보호 보장·자동 동의·추적 확대를 피해야 함","외형이나 문구를 복제하지 않고 사용자 결과와 안전 원칙만 재설계"
"SVC-005","A","FIELD-023","DNS·IPv6·누출 확인","scored","3","medium","2026-08-24","true","SRC-005;SRC-039;SRC-040","DNS·IPv6·누출 확인에 대한 확인 가능한 사용자 결과","","사용자 선택·해제 범위를 제공","","과도한 보호 보장·자동 동의·추적 확대를 피해야 함","외형이나 문구를 복제하지 않고 사용자 결과와 안전 원칙만 재설계"
"SVC-005","A","FIELD-024","검열 환경 복구","scored","2","medium","2026-08-24","true","SRC-005;SRC-039;SRC-040","검열 환경 복구에 대한 확인 가능한 사용자 결과","복구 또는 대체 경로가 공개됨","사용자 선택·해제 범위를 제공","","과도한 보호 보장·자동 동의·추적 확대를 피해야 함","외형이나 문구를 복제하지 않고 사용자 결과와 안전 원칙만 재설계"
"SVC-005","A","FIELD-025","서버 상태·혼잡·대체","scored","2","medium","2026-08-24","true","SRC-005;SRC-039;SRC-040","서버 상태·혼잡·대체에 대한 확인 가능한 사용자 결과","복구 또는 대체 경로가 공개됨","사용자 선택·해제 범위를 제공","","과도한 보호 보장·자동 동의·추적 확대를 피해야 함","외형이나 문구를 복제하지 않고 사용자 결과와 안전 원칙만 재설계"
"SVC-005","A","FIELD-026","기기·프로필 발급·폐기","scored","3","medium","2026-08-24","true","SRC-005;SRC-039;SRC-040","기기·프로필 발급·폐기에 대한 확인 가능한 사용자 결과","","사용자 선택·해제 범위를 제공","","과도한 보호 보장·자동 동의·추적 확대를 피해야 함","외형이나 문구를 복제하지 않고 사용자 결과와 안전 원칙만 재설계"
"SVC-005","A","FIELD-027","무료 데이터·사용량 권리","scored","3","medium","2026-08-24","true","SRC-005;SRC-039;SRC-040","무료 데이터·사용량 권리에 대한 확인 가능한 사용자 결과","","사용자 선택·해제 범위를 제공","","과도한 보호 보장·자동 동의·추적 확대를 피해야 함","외형이나 문구를 복제하지 않고 사용자 결과와 안전 원칙만 재설계"
"SVC-005","A","FIELD-028","관할·국가 지원 범위","scored","3","medium","2026-08-24","true","SRC-005;SRC-039;SRC-040","관할·국가 지원 범위에 대한 확인 가능한 사용자 결과","","사용자 선택·해제 범위를 제공","","과도한 보호 보장·자동 동의·추적 확대를 피해야 함","외형이나 문구를 복제하지 않고 사용자 결과와 안전 원칙만 재설계"
"SVC-006","A","FIELD-001","시작과 첫 가치","scored","3","medium","2026-08-24","true","SRC-006;SRC-039;SRC-040","시작과 첫 가치에 대한 확인 가능한 사용자 결과","","사용자 선택·해제 범위를 제공","","과도한 보호 보장·자동 동의·추적 확대를 피해야 함","외형이나 문구를 복제하지 않고 사용자 결과와 안전 원칙만 재설계"
"SVC-006","A","FIELD-002","핵심 과업 완성도","scored","4","medium","2026-08-24","true","SRC-006;SRC-039;SRC-040","핵심 과업 완성도에 대한 확인 가능한 사용자 결과","","사용자 선택·해제 범위를 제공","","과도한 보호 보장·자동 동의·추적 확대를 피해야 함","외형이나 문구를 복제하지 않고 사용자 결과와 안전 원칙만 재설계"
"SVC-006","A","FIELD-003","개인화","scored","3","medium","2026-08-24","true","SRC-006;SRC-039;SRC-040","개인화에 대한 확인 가능한 사용자 결과","","사용자 선택·해제 범위를 제공","","과도한 보호 보장·자동 동의·추적 확대를 피해야 함","외형이나 문구를 복제하지 않고 사용자 결과와 안전 원칙만 재설계"
"SVC-006","A","FIELD-004","결과 이해와 설명","scored","3","medium","2026-08-24","true","SRC-006;SRC-039;SRC-040","결과 이해와 설명에 대한 확인 가능한 사용자 결과","","사용자 선택·해제 범위를 제공","","과도한 보호 보장·자동 동의·추적 확대를 피해야 함","외형이나 문구를 복제하지 않고 사용자 결과와 안전 원칙만 재설계"
"SVC-006","A","FIELD-005","오류·실패 복구","scored","3","medium","2026-08-24","true","SRC-006;SRC-039;SRC-040","오류·실패 복구에 대한 확인 가능한 사용자 결과","복구 또는 대체 경로가 공개됨","사용자 선택·해제 범위를 제공","","과도한 보호 보장·자동 동의·추적 확대를 피해야 함","외형이나 문구를 복제하지 않고 사용자 결과와 안전 원칙만 재설계"
"SVC-006","A","FIELD-006","저장·내보내기·공유","unknown","","low","2026-08-24","true","SRC-006;SRC-039;SRC-040","결과 미확인","","","","","외형이나 문구를 복제하지 않고 사용자 결과와 안전 원칙만 재설계"
"SVC-006","A","FIELD-007","모바일 경험","scored","4","medium","2026-08-24","true","SRC-006;SRC-039;SRC-040","모바일 경험에 대한 확인 가능한 사용자 결과","","사용자 선택·해제 범위를 제공","플랫폼별 지원 범위가 다름","과도한 보호 보장·자동 동의·추적 확대를 피해야 함","외형이나 문구를 복제하지 않고 사용자 결과와 안전 원칙만 재설계"
"SVC-006","A","FIELD-008","PC 경험","scored","4","medium","2026-08-24","true","SRC-006;SRC-039;SRC-040","PC 경험에 대한 확인 가능한 사용자 결과","","사용자 선택·해제 범위를 제공","플랫폼별 지원 범위가 다름","과도한 보호 보장·자동 동의·추적 확대를 피해야 함","외형이나 문구를 복제하지 않고 사용자 결과와 안전 원칙만 재설계"
"SVC-006","A","FIELD-009","플랫폼 간 연속성","scored","3","medium","2026-08-24","true","SRC-006;SRC-039;SRC-040","플랫폼 간 연속성에 대한 확인 가능한 사용자 결과","","사용자 선택·해제 범위를 제공","플랫폼별 지원 범위가 다름","과도한 보호 보장·자동 동의·추적 확대를 피해야 함","외형이나 문구를 복제하지 않고 사용자 결과와 안전 원칙만 재설계"
"SVC-006","A","FIELD-010","접근성","unknown","","low","2026-08-24","true","SRC-006;SRC-039;SRC-040","결과 미확인","","","","","외형이나 문구를 복제하지 않고 사용자 결과와 안전 원칙만 재설계"
"SVC-006","A","FIELD-011","성능과 안정성","scored","3","medium","2026-08-24","true","SRC-006;SRC-039;SRC-040","성능과 안정성에 대한 확인 가능한 사용자 결과","","사용자 선택·해제 범위를 제공","","과도한 보호 보장·자동 동의·추적 확대를 피해야 함","외형이나 문구를 복제하지 않고 사용자 결과와 안전 원칙만 재설계"
"SVC-006","A","FIELD-012","개인정보·보안","scored","3","medium","2026-08-24","true","SRC-006;SRC-039;SRC-040","개인정보·보안에 대한 확인 가능한 사용자 결과","","사용자 선택·해제 범위를 제공","","과도한 보호 보장·자동 동의·추적 확대를 피해야 함","외형이나 문구를 복제하지 않고 사용자 결과와 안전 원칙만 재설계"
"SVC-006","A","FIELD-013","계정·권한·삭제","scored","3","medium","2026-08-24","true","SRC-006;SRC-039;SRC-040","계정·권한·삭제에 대한 확인 가능한 사용자 결과","","사용자 선택·해제 범위를 제공","","과도한 보호 보장·자동 동의·추적 확대를 피해야 함","외형이나 문구를 복제하지 않고 사용자 결과와 안전 원칙만 재설계"
"SVC-006","A","FIELD-014","가격·결제·취소·환불","scored","3","medium","2026-08-24","true","SRC-006;SRC-039;SRC-040","가격·결제·취소·환불에 대한 확인 가능한 사용자 결과","","사용자 선택·해제 범위를 제공","","과도한 보호 보장·자동 동의·추적 확대를 피해야 함","외형이나 문구를 복제하지 않고 사용자 결과와 안전 원칙만 재설계"
"SVC-006","A","FIELD-015","고객지원·장애 대응","scored","2","medium","2026-08-24","true","SRC-006;SRC-039;SRC-040","고객지원·장애 대응에 대한 확인 가능한 사용자 결과","복구 또는 대체 경로가 공개됨","사용자 선택·해제 범위를 제공","","과도한 보호 보장·자동 동의·추적 확대를 피해야 함","외형이나 문구를 복제하지 않고 사용자 결과와 안전 원칙만 재설계"
"SVC-006","A","FIELD-016","장기 사용과 유지","scored","3","medium","2026-08-24","true","SRC-006;SRC-039;SRC-040","장기 사용과 유지에 대한 확인 가능한 사용자 결과","","사용자 선택·해제 범위를 제공","","과도한 보호 보장·자동 동의·추적 확대를 피해야 함","외형이나 문구를 복제하지 않고 사용자 결과와 안전 원칙만 재설계"
"SVC-006","A","FIELD-017","팀·관리자·운영","scored","2","medium","2026-08-24","true","SRC-006;SRC-039;SRC-040","팀·관리자·운영에 대한 확인 가능한 사용자 결과","","사용자 선택·해제 범위를 제공","","과도한 보호 보장·자동 동의·추적 확대를 피해야 함","외형이나 문구를 복제하지 않고 사용자 결과와 안전 원칙만 재설계"
"SVC-006","A","FIELD-018","차별화 요소","scored","3","medium","2026-08-24","true","SRC-006;SRC-039;SRC-040","차별화 요소에 대한 확인 가능한 사용자 결과","","사용자 선택·해제 범위를 제공","","과도한 보호 보장·자동 동의·추적 확대를 피해야 함","외형이나 문구를 복제하지 않고 사용자 결과와 안전 원칙만 재설계"
"SVC-006","A","FIELD-019","사용자 신뢰","scored","3","medium","2026-08-24","true","SRC-006;SRC-039;SRC-040","사용자 신뢰에 대한 확인 가능한 사용자 결과","","사용자 선택·해제 범위를 제공","","과도한 보호 보장·자동 동의·추적 확대를 피해야 함","외형이나 문구를 복제하지 않고 사용자 결과와 안전 원칙만 재설계"
"SVC-006","A","FIELD-020","도입하면 안 되는 부작용","scored","2","medium","2026-08-24","true","SRC-006;SRC-039;SRC-040","도입하면 안 되는 부작용에 대한 확인 가능한 사용자 결과","","사용자 선택·해제 범위를 제공","","과도한 보호 보장·자동 동의·추적 확대를 피해야 함","외형이나 문구를 복제하지 않고 사용자 결과와 안전 원칙만 재설계"
"SVC-006","A","FIELD-021","프로토콜 투명성","scored","4","medium","2026-08-24","true","SRC-006;SRC-039;SRC-040","프로토콜 투명성에 대한 확인 가능한 사용자 결과","","사용자 선택·해제 범위를 제공","","과도한 보호 보장·자동 동의·추적 확대를 피해야 함","외형이나 문구를 복제하지 않고 사용자 결과와 안전 원칙만 재설계"
"SVC-006","A","FIELD-022","킬 스위치·항상 연결","scored","3","medium","2026-08-24","true","SRC-006;SRC-039;SRC-040","킬 스위치·항상 연결에 대한 확인 가능한 사용자 결과","","사용자 선택·해제 범위를 제공","","과도한 보호 보장·자동 동의·추적 확대를 피해야 함","외형이나 문구를 복제하지 않고 사용자 결과와 안전 원칙만 재설계"
"SVC-006","A","FIELD-023","DNS·IPv6·누출 확인","scored","3","medium","2026-08-24","true","SRC-006;SRC-039;SRC-040","DNS·IPv6·누출 확인에 대한 확인 가능한 사용자 결과","","사용자 선택·해제 범위를 제공","","과도한 보호 보장·자동 동의·추적 확대를 피해야 함","외형이나 문구를 복제하지 않고 사용자 결과와 안전 원칙만 재설계"
"SVC-006","A","FIELD-024","검열 환경 복구","scored","2","medium","2026-08-24","true","SRC-006;SRC-039;SRC-040","검열 환경 복구에 대한 확인 가능한 사용자 결과","복구 또는 대체 경로가 공개됨","사용자 선택·해제 범위를 제공","","과도한 보호 보장·자동 동의·추적 확대를 피해야 함","외형이나 문구를 복제하지 않고 사용자 결과와 안전 원칙만 재설계"
"SVC-006","A","FIELD-025","서버 상태·혼잡·대체","scored","2","medium","2026-08-24","true","SRC-006;SRC-039;SRC-040","서버 상태·혼잡·대체에 대한 확인 가능한 사용자 결과","복구 또는 대체 경로가 공개됨","사용자 선택·해제 범위를 제공","","과도한 보호 보장·자동 동의·추적 확대를 피해야 함","외형이나 문구를 복제하지 않고 사용자 결과와 안전 원칙만 재설계"
"SVC-006","A","FIELD-026","기기·프로필 발급·폐기","scored","3","medium","2026-08-24","true","SRC-006;SRC-039;SRC-040","기기·프로필 발급·폐기에 대한 확인 가능한 사용자 결과","","사용자 선택·해제 범위를 제공","","과도한 보호 보장·자동 동의·추적 확대를 피해야 함","외형이나 문구를 복제하지 않고 사용자 결과와 안전 원칙만 재설계"
"SVC-006","A","FIELD-027","무료 데이터·사용량 권리","scored","3","medium","2026-08-24","true","SRC-006;SRC-039;SRC-040","무료 데이터·사용량 권리에 대한 확인 가능한 사용자 결과","","사용자 선택·해제 범위를 제공","","과도한 보호 보장·자동 동의·추적 확대를 피해야 함","외형이나 문구를 복제하지 않고 사용자 결과와 안전 원칙만 재설계"
"SVC-006","A","FIELD-028","관할·국가 지원 범위","scored","3","medium","2026-08-24","true","SRC-006;SRC-039;SRC-040","관할·국가 지원 범위에 대한 확인 가능한 사용자 결과","","사용자 선택·해제 범위를 제공","","과도한 보호 보장·자동 동의·추적 확대를 피해야 함","외형이나 문구를 복제하지 않고 사용자 결과와 안전 원칙만 재설계"
"SVC-007","A","FIELD-001","시작과 첫 가치","scored","3","medium","2026-08-24","true","SRC-007;SRC-039;SRC-040","시작과 첫 가치에 대한 확인 가능한 사용자 결과","","사용자 선택·해제 범위를 제공","","과도한 보호 보장·자동 동의·추적 확대를 피해야 함","외형이나 문구를 복제하지 않고 사용자 결과와 안전 원칙만 재설계"
"SVC-007","A","FIELD-002","핵심 과업 완성도","scored","4","medium","2026-08-24","true","SRC-007;SRC-039;SRC-040","핵심 과업 완성도에 대한 확인 가능한 사용자 결과","","사용자 선택·해제 범위를 제공","","과도한 보호 보장·자동 동의·추적 확대를 피해야 함","외형이나 문구를 복제하지 않고 사용자 결과와 안전 원칙만 재설계"
"SVC-007","A","FIELD-003","개인화","scored","3","medium","2026-08-24","true","SRC-007;SRC-039;SRC-040","개인화에 대한 확인 가능한 사용자 결과","","사용자 선택·해제 범위를 제공","","과도한 보호 보장·자동 동의·추적 확대를 피해야 함","외형이나 문구를 복제하지 않고 사용자 결과와 안전 원칙만 재설계"
"SVC-007","A","FIELD-004","결과 이해와 설명","scored","3","medium","2026-08-24","true","SRC-007;SRC-039;SRC-040","결과 이해와 설명에 대한 확인 가능한 사용자 결과","","사용자 선택·해제 범위를 제공","","과도한 보호 보장·자동 동의·추적 확대를 피해야 함","외형이나 문구를 복제하지 않고 사용자 결과와 안전 원칙만 재설계"
"SVC-007","A","FIELD-005","오류·실패 복구","scored","3","medium","2026-08-24","true","SRC-007;SRC-039;SRC-040","오류·실패 복구에 대한 확인 가능한 사용자 결과","복구 또는 대체 경로가 공개됨","사용자 선택·해제 범위를 제공","","과도한 보호 보장·자동 동의·추적 확대를 피해야 함","외형이나 문구를 복제하지 않고 사용자 결과와 안전 원칙만 재설계"
"SVC-007","A","FIELD-006","저장·내보내기·공유","unknown","","low","2026-08-24","true","SRC-007;SRC-039;SRC-040","결과 미확인","","","","","외형이나 문구를 복제하지 않고 사용자 결과와 안전 원칙만 재설계"
"SVC-007","A","FIELD-007","모바일 경험","scored","4","medium","2026-08-24","true","SRC-007;SRC-039;SRC-040","모바일 경험에 대한 확인 가능한 사용자 결과","","사용자 선택·해제 범위를 제공","플랫폼별 지원 범위가 다름","과도한 보호 보장·자동 동의·추적 확대를 피해야 함","외형이나 문구를 복제하지 않고 사용자 결과와 안전 원칙만 재설계"
"SVC-007","A","FIELD-008","PC 경험","scored","4","medium","2026-08-24","true","SRC-007;SRC-039;SRC-040","PC 경험에 대한 확인 가능한 사용자 결과","","사용자 선택·해제 범위를 제공","플랫폼별 지원 범위가 다름","과도한 보호 보장·자동 동의·추적 확대를 피해야 함","외형이나 문구를 복제하지 않고 사용자 결과와 안전 원칙만 재설계"
"SVC-007","A","FIELD-009","플랫폼 간 연속성","scored","3","medium","2026-08-24","true","SRC-007;SRC-039;SRC-040","플랫폼 간 연속성에 대한 확인 가능한 사용자 결과","","사용자 선택·해제 범위를 제공","플랫폼별 지원 범위가 다름","과도한 보호 보장·자동 동의·추적 확대를 피해야 함","외형이나 문구를 복제하지 않고 사용자 결과와 안전 원칙만 재설계"
"SVC-007","A","FIELD-010","접근성","unknown","","low","2026-08-24","true","SRC-007;SRC-039;SRC-040","결과 미확인","","","","","외형이나 문구를 복제하지 않고 사용자 결과와 안전 원칙만 재설계"
"SVC-007","A","FIELD-011","성능과 안정성","scored","3","medium","2026-08-24","true","SRC-007;SRC-039;SRC-040","성능과 안정성에 대한 확인 가능한 사용자 결과","","사용자 선택·해제 범위를 제공","","과도한 보호 보장·자동 동의·추적 확대를 피해야 함","외형이나 문구를 복제하지 않고 사용자 결과와 안전 원칙만 재설계"
"SVC-007","A","FIELD-012","개인정보·보안","scored","3","medium","2026-08-24","true","SRC-007;SRC-039;SRC-040","개인정보·보안에 대한 확인 가능한 사용자 결과","","사용자 선택·해제 범위를 제공","","과도한 보호 보장·자동 동의·추적 확대를 피해야 함","외형이나 문구를 복제하지 않고 사용자 결과와 안전 원칙만 재설계"
"SVC-007","A","FIELD-013","계정·권한·삭제","scored","3","medium","2026-08-24","true","SRC-007;SRC-039;SRC-040","계정·권한·삭제에 대한 확인 가능한 사용자 결과","","사용자 선택·해제 범위를 제공","","과도한 보호 보장·자동 동의·추적 확대를 피해야 함","외형이나 문구를 복제하지 않고 사용자 결과와 안전 원칙만 재설계"
"SVC-007","A","FIELD-014","가격·결제·취소·환불","scored","3","medium","2026-08-24","true","SRC-007;SRC-039;SRC-040","가격·결제·취소·환불에 대한 확인 가능한 사용자 결과","","사용자 선택·해제 범위를 제공","","과도한 보호 보장·자동 동의·추적 확대를 피해야 함","외형이나 문구를 복제하지 않고 사용자 결과와 안전 원칙만 재설계"
"SVC-007","A","FIELD-015","고객지원·장애 대응","scored","2","medium","2026-08-24","true","SRC-007;SRC-039;SRC-040","고객지원·장애 대응에 대한 확인 가능한 사용자 결과","복구 또는 대체 경로가 공개됨","사용자 선택·해제 범위를 제공","","과도한 보호 보장·자동 동의·추적 확대를 피해야 함","외형이나 문구를 복제하지 않고 사용자 결과와 안전 원칙만 재설계"
"SVC-007","A","FIELD-016","장기 사용과 유지","scored","3","medium","2026-08-24","true","SRC-007;SRC-039;SRC-040","장기 사용과 유지에 대한 확인 가능한 사용자 결과","","사용자 선택·해제 범위를 제공","","과도한 보호 보장·자동 동의·추적 확대를 피해야 함","외형이나 문구를 복제하지 않고 사용자 결과와 안전 원칙만 재설계"
"SVC-007","A","FIELD-017","팀·관리자·운영","scored","2","medium","2026-08-24","true","SRC-007;SRC-039;SRC-040","팀·관리자·운영에 대한 확인 가능한 사용자 결과","","사용자 선택·해제 범위를 제공","","과도한 보호 보장·자동 동의·추적 확대를 피해야 함","외형이나 문구를 복제하지 않고 사용자 결과와 안전 원칙만 재설계"
"SVC-007","A","FIELD-018","차별화 요소","scored","3","medium","2026-08-24","true","SRC-007;SRC-039;SRC-040","차별화 요소에 대한 확인 가능한 사용자 결과","","사용자 선택·해제 범위를 제공","","과도한 보호 보장·자동 동의·추적 확대를 피해야 함","외형이나 문구를 복제하지 않고 사용자 결과와 안전 원칙만 재설계"
"SVC-007","A","FIELD-019","사용자 신뢰","scored","3","medium","2026-08-24","true","SRC-007;SRC-039;SRC-040","사용자 신뢰에 대한 확인 가능한 사용자 결과","","사용자 선택·해제 범위를 제공","","과도한 보호 보장·자동 동의·추적 확대를 피해야 함","외형이나 문구를 복제하지 않고 사용자 결과와 안전 원칙만 재설계"
"SVC-007","A","FIELD-020","도입하면 안 되는 부작용","scored","2","medium","2026-08-24","true","SRC-007;SRC-039;SRC-040","도입하면 안 되는 부작용에 대한 확인 가능한 사용자 결과","","사용자 선택·해제 범위를 제공","","과도한 보호 보장·자동 동의·추적 확대를 피해야 함","외형이나 문구를 복제하지 않고 사용자 결과와 안전 원칙만 재설계"
"SVC-007","A","FIELD-021","프로토콜 투명성","scored","4","medium","2026-08-24","true","SRC-007;SRC-039;SRC-040","프로토콜 투명성에 대한 확인 가능한 사용자 결과","","사용자 선택·해제 범위를 제공","","과도한 보호 보장·자동 동의·추적 확대를 피해야 함","외형이나 문구를 복제하지 않고 사용자 결과와 안전 원칙만 재설계"
"SVC-007","A","FIELD-022","킬 스위치·항상 연결","scored","3","medium","2026-08-24","true","SRC-007;SRC-039;SRC-040","킬 스위치·항상 연결에 대한 확인 가능한 사용자 결과","","사용자 선택·해제 범위를 제공","","과도한 보호 보장·자동 동의·추적 확대를 피해야 함","외형이나 문구를 복제하지 않고 사용자 결과와 안전 원칙만 재설계"
"SVC-007","A","FIELD-023","DNS·IPv6·누출 확인","scored","3","medium","2026-08-24","true","SRC-007;SRC-039;SRC-040","DNS·IPv6·누출 확인에 대한 확인 가능한 사용자 결과","","사용자 선택·해제 범위를 제공","","과도한 보호 보장·자동 동의·추적 확대를 피해야 함","외형이나 문구를 복제하지 않고 사용자 결과와 안전 원칙만 재설계"
"SVC-007","A","FIELD-024","검열 환경 복구","scored","2","medium","2026-08-24","true","SRC-007;SRC-039;SRC-040","검열 환경 복구에 대한 확인 가능한 사용자 결과","복구 또는 대체 경로가 공개됨","사용자 선택·해제 범위를 제공","","과도한 보호 보장·자동 동의·추적 확대를 피해야 함","외형이나 문구를 복제하지 않고 사용자 결과와 안전 원칙만 재설계"
"SVC-007","A","FIELD-025","서버 상태·혼잡·대체","scored","2","medium","2026-08-24","true","SRC-007;SRC-039;SRC-040","서버 상태·혼잡·대체에 대한 확인 가능한 사용자 결과","복구 또는 대체 경로가 공개됨","사용자 선택·해제 범위를 제공","","과도한 보호 보장·자동 동의·추적 확대를 피해야 함","외형이나 문구를 복제하지 않고 사용자 결과와 안전 원칙만 재설계"
"SVC-007","A","FIELD-026","기기·프로필 발급·폐기","scored","3","medium","2026-08-24","true","SRC-007;SRC-039;SRC-040","기기·프로필 발급·폐기에 대한 확인 가능한 사용자 결과","","사용자 선택·해제 범위를 제공","","과도한 보호 보장·자동 동의·추적 확대를 피해야 함","외형이나 문구를 복제하지 않고 사용자 결과와 안전 원칙만 재설계"
"SVC-007","A","FIELD-027","무료 데이터·사용량 권리","scored","3","medium","2026-08-24","true","SRC-007;SRC-039;SRC-040","무료 데이터·사용량 권리에 대한 확인 가능한 사용자 결과","","사용자 선택·해제 범위를 제공","","과도한 보호 보장·자동 동의·추적 확대를 피해야 함","외형이나 문구를 복제하지 않고 사용자 결과와 안전 원칙만 재설계"
"SVC-007","A","FIELD-028","관할·국가 지원 범위","scored","3","medium","2026-08-24","true","SRC-007;SRC-039;SRC-040","관할·국가 지원 범위에 대한 확인 가능한 사용자 결과","","사용자 선택·해제 범위를 제공","","과도한 보호 보장·자동 동의·추적 확대를 피해야 함","외형이나 문구를 복제하지 않고 사용자 결과와 안전 원칙만 재설계"
"SVC-008","A","FIELD-001","시작과 첫 가치","scored","3","medium","2026-08-24","true","SRC-008;SRC-039;SRC-040","시작과 첫 가치에 대한 확인 가능한 사용자 결과","","사용자 선택·해제 범위를 제공","","과도한 보호 보장·자동 동의·추적 확대를 피해야 함","외형이나 문구를 복제하지 않고 사용자 결과와 안전 원칙만 재설계"
"SVC-008","A","FIELD-002","핵심 과업 완성도","scored","4","medium","2026-08-24","true","SRC-008;SRC-039;SRC-040","핵심 과업 완성도에 대한 확인 가능한 사용자 결과","","사용자 선택·해제 범위를 제공","","과도한 보호 보장·자동 동의·추적 확대를 피해야 함","외형이나 문구를 복제하지 않고 사용자 결과와 안전 원칙만 재설계"
"SVC-008","A","FIELD-003","개인화","scored","3","medium","2026-08-24","true","SRC-008;SRC-039;SRC-040","개인화에 대한 확인 가능한 사용자 결과","","사용자 선택·해제 범위를 제공","","과도한 보호 보장·자동 동의·추적 확대를 피해야 함","외형이나 문구를 복제하지 않고 사용자 결과와 안전 원칙만 재설계"
"SVC-008","A","FIELD-004","결과 이해와 설명","scored","3","medium","2026-08-24","true","SRC-008;SRC-039;SRC-040","결과 이해와 설명에 대한 확인 가능한 사용자 결과","","사용자 선택·해제 범위를 제공","","과도한 보호 보장·자동 동의·추적 확대를 피해야 함","외형이나 문구를 복제하지 않고 사용자 결과와 안전 원칙만 재설계"
"SVC-008","A","FIELD-005","오류·실패 복구","scored","3","medium","2026-08-24","true","SRC-008;SRC-039;SRC-040","오류·실패 복구에 대한 확인 가능한 사용자 결과","복구 또는 대체 경로가 공개됨","사용자 선택·해제 범위를 제공","","과도한 보호 보장·자동 동의·추적 확대를 피해야 함","외형이나 문구를 복제하지 않고 사용자 결과와 안전 원칙만 재설계"
"SVC-008","A","FIELD-006","저장·내보내기·공유","unknown","","low","2026-08-24","true","SRC-008;SRC-039;SRC-040","결과 미확인","","","","","외형이나 문구를 복제하지 않고 사용자 결과와 안전 원칙만 재설계"
"SVC-008","A","FIELD-007","모바일 경험","scored","4","medium","2026-08-24","true","SRC-008;SRC-039;SRC-040","모바일 경험에 대한 확인 가능한 사용자 결과","","사용자 선택·해제 범위를 제공","플랫폼별 지원 범위가 다름","과도한 보호 보장·자동 동의·추적 확대를 피해야 함","외형이나 문구를 복제하지 않고 사용자 결과와 안전 원칙만 재설계"
"SVC-008","A","FIELD-008","PC 경험","scored","4","medium","2026-08-24","true","SRC-008;SRC-039;SRC-040","PC 경험에 대한 확인 가능한 사용자 결과","","사용자 선택·해제 범위를 제공","플랫폼별 지원 범위가 다름","과도한 보호 보장·자동 동의·추적 확대를 피해야 함","외형이나 문구를 복제하지 않고 사용자 결과와 안전 원칙만 재설계"
"SVC-008","A","FIELD-009","플랫폼 간 연속성","scored","3","medium","2026-08-24","true","SRC-008;SRC-039;SRC-040","플랫폼 간 연속성에 대한 확인 가능한 사용자 결과","","사용자 선택·해제 범위를 제공","플랫폼별 지원 범위가 다름","과도한 보호 보장·자동 동의·추적 확대를 피해야 함","외형이나 문구를 복제하지 않고 사용자 결과와 안전 원칙만 재설계"
"SVC-008","A","FIELD-010","접근성","unknown","","low","2026-08-24","true","SRC-008;SRC-039;SRC-040","결과 미확인","","","","","외형이나 문구를 복제하지 않고 사용자 결과와 안전 원칙만 재설계"
"SVC-008","A","FIELD-011","성능과 안정성","scored","3","medium","2026-08-24","true","SRC-008;SRC-039;SRC-040","성능과 안정성에 대한 확인 가능한 사용자 결과","","사용자 선택·해제 범위를 제공","","과도한 보호 보장·자동 동의·추적 확대를 피해야 함","외형이나 문구를 복제하지 않고 사용자 결과와 안전 원칙만 재설계"
"SVC-008","A","FIELD-012","개인정보·보안","scored","3","medium","2026-08-24","true","SRC-008;SRC-039;SRC-040","개인정보·보안에 대한 확인 가능한 사용자 결과","","사용자 선택·해제 범위를 제공","","과도한 보호 보장·자동 동의·추적 확대를 피해야 함","외형이나 문구를 복제하지 않고 사용자 결과와 안전 원칙만 재설계"
"SVC-008","A","FIELD-013","계정·권한·삭제","scored","3","medium","2026-08-24","true","SRC-008;SRC-039;SRC-040","계정·권한·삭제에 대한 확인 가능한 사용자 결과","","사용자 선택·해제 범위를 제공","","과도한 보호 보장·자동 동의·추적 확대를 피해야 함","외형이나 문구를 복제하지 않고 사용자 결과와 안전 원칙만 재설계"
"SVC-008","A","FIELD-014","가격·결제·취소·환불","scored","3","medium","2026-08-24","true","SRC-008;SRC-039;SRC-040","가격·결제·취소·환불에 대한 확인 가능한 사용자 결과","","사용자 선택·해제 범위를 제공","","과도한 보호 보장·자동 동의·추적 확대를 피해야 함","외형이나 문구를 복제하지 않고 사용자 결과와 안전 원칙만 재설계"
"SVC-008","A","FIELD-015","고객지원·장애 대응","scored","2","medium","2026-08-24","true","SRC-008;SRC-039;SRC-040","고객지원·장애 대응에 대한 확인 가능한 사용자 결과","복구 또는 대체 경로가 공개됨","사용자 선택·해제 범위를 제공","","과도한 보호 보장·자동 동의·추적 확대를 피해야 함","외형이나 문구를 복제하지 않고 사용자 결과와 안전 원칙만 재설계"
"SVC-008","A","FIELD-016","장기 사용과 유지","scored","3","medium","2026-08-24","true","SRC-008;SRC-039;SRC-040","장기 사용과 유지에 대한 확인 가능한 사용자 결과","","사용자 선택·해제 범위를 제공","","과도한 보호 보장·자동 동의·추적 확대를 피해야 함","외형이나 문구를 복제하지 않고 사용자 결과와 안전 원칙만 재설계"
"SVC-008","A","FIELD-017","팀·관리자·운영","scored","2","medium","2026-08-24","true","SRC-008;SRC-039;SRC-040","팀·관리자·운영에 대한 확인 가능한 사용자 결과","","사용자 선택·해제 범위를 제공","","과도한 보호 보장·자동 동의·추적 확대를 피해야 함","외형이나 문구를 복제하지 않고 사용자 결과와 안전 원칙만 재설계"
"SVC-008","A","FIELD-018","차별화 요소","scored","3","medium","2026-08-24","true","SRC-008;SRC-039;SRC-040","차별화 요소에 대한 확인 가능한 사용자 결과","","사용자 선택·해제 범위를 제공","","과도한 보호 보장·자동 동의·추적 확대를 피해야 함","외형이나 문구를 복제하지 않고 사용자 결과와 안전 원칙만 재설계"
"SVC-008","A","FIELD-019","사용자 신뢰","scored","3","medium","2026-08-24","true","SRC-008;SRC-039;SRC-040","사용자 신뢰에 대한 확인 가능한 사용자 결과","","사용자 선택·해제 범위를 제공","","과도한 보호 보장·자동 동의·추적 확대를 피해야 함","외형이나 문구를 복제하지 않고 사용자 결과와 안전 원칙만 재설계"
"SVC-008","A","FIELD-020","도입하면 안 되는 부작용","scored","2","medium","2026-08-24","true","SRC-008;SRC-039;SRC-040","도입하면 안 되는 부작용에 대한 확인 가능한 사용자 결과","","사용자 선택·해제 범위를 제공","","과도한 보호 보장·자동 동의·추적 확대를 피해야 함","외형이나 문구를 복제하지 않고 사용자 결과와 안전 원칙만 재설계"
"SVC-008","A","FIELD-021","프로토콜 투명성","scored","4","medium","2026-08-24","true","SRC-008;SRC-039;SRC-040","프로토콜 투명성에 대한 확인 가능한 사용자 결과","","사용자 선택·해제 범위를 제공","","과도한 보호 보장·자동 동의·추적 확대를 피해야 함","외형이나 문구를 복제하지 않고 사용자 결과와 안전 원칙만 재설계"
"SVC-008","A","FIELD-022","킬 스위치·항상 연결","scored","3","medium","2026-08-24","true","SRC-008;SRC-039;SRC-040","킬 스위치·항상 연결에 대한 확인 가능한 사용자 결과","","사용자 선택·해제 범위를 제공","","과도한 보호 보장·자동 동의·추적 확대를 피해야 함","외형이나 문구를 복제하지 않고 사용자 결과와 안전 원칙만 재설계"
"SVC-008","A","FIELD-023","DNS·IPv6·누출 확인","scored","3","medium","2026-08-24","true","SRC-008;SRC-039;SRC-040","DNS·IPv6·누출 확인에 대한 확인 가능한 사용자 결과","","사용자 선택·해제 범위를 제공","","과도한 보호 보장·자동 동의·추적 확대를 피해야 함","외형이나 문구를 복제하지 않고 사용자 결과와 안전 원칙만 재설계"
"SVC-008","A","FIELD-024","검열 환경 복구","scored","2","medium","2026-08-24","true","SRC-008;SRC-039;SRC-040","검열 환경 복구에 대한 확인 가능한 사용자 결과","복구 또는 대체 경로가 공개됨","사용자 선택·해제 범위를 제공","","과도한 보호 보장·자동 동의·추적 확대를 피해야 함","외형이나 문구를 복제하지 않고 사용자 결과와 안전 원칙만 재설계"
"SVC-008","A","FIELD-025","서버 상태·혼잡·대체","scored","2","medium","2026-08-24","true","SRC-008;SRC-039;SRC-040","서버 상태·혼잡·대체에 대한 확인 가능한 사용자 결과","복구 또는 대체 경로가 공개됨","사용자 선택·해제 범위를 제공","","과도한 보호 보장·자동 동의·추적 확대를 피해야 함","외형이나 문구를 복제하지 않고 사용자 결과와 안전 원칙만 재설계"
"SVC-008","A","FIELD-026","기기·프로필 발급·폐기","scored","3","medium","2026-08-24","true","SRC-008;SRC-039;SRC-040","기기·프로필 발급·폐기에 대한 확인 가능한 사용자 결과","","사용자 선택·해제 범위를 제공","","과도한 보호 보장·자동 동의·추적 확대를 피해야 함","외형이나 문구를 복제하지 않고 사용자 결과와 안전 원칙만 재설계"
"SVC-008","A","FIELD-027","무료 데이터·사용량 권리","scored","3","medium","2026-08-24","true","SRC-008;SRC-039;SRC-040","무료 데이터·사용량 권리에 대한 확인 가능한 사용자 결과","","사용자 선택·해제 범위를 제공","","과도한 보호 보장·자동 동의·추적 확대를 피해야 함","외형이나 문구를 복제하지 않고 사용자 결과와 안전 원칙만 재설계"
"SVC-008","A","FIELD-028","관할·국가 지원 범위","scored","3","medium","2026-08-24","true","SRC-008;SRC-039;SRC-040","관할·국가 지원 범위에 대한 확인 가능한 사용자 결과","","사용자 선택·해제 범위를 제공","","과도한 보호 보장·자동 동의·추적 확대를 피해야 함","외형이나 문구를 복제하지 않고 사용자 결과와 안전 원칙만 재설계"
"SVC-009","A","FIELD-001","시작과 첫 가치","scored","3","medium","2026-08-24","true","SRC-009;SRC-039;SRC-040","시작과 첫 가치에 대한 확인 가능한 사용자 결과","","사용자 선택·해제 범위를 제공","","과도한 보호 보장·자동 동의·추적 확대를 피해야 함","외형이나 문구를 복제하지 않고 사용자 결과와 안전 원칙만 재설계"
"SVC-009","A","FIELD-002","핵심 과업 완성도","scored","4","medium","2026-08-24","true","SRC-009;SRC-039;SRC-040","핵심 과업 완성도에 대한 확인 가능한 사용자 결과","","사용자 선택·해제 범위를 제공","","과도한 보호 보장·자동 동의·추적 확대를 피해야 함","외형이나 문구를 복제하지 않고 사용자 결과와 안전 원칙만 재설계"
"SVC-009","A","FIELD-003","개인화","scored","3","medium","2026-08-24","true","SRC-009;SRC-039;SRC-040","개인화에 대한 확인 가능한 사용자 결과","","사용자 선택·해제 범위를 제공","","과도한 보호 보장·자동 동의·추적 확대를 피해야 함","외형이나 문구를 복제하지 않고 사용자 결과와 안전 원칙만 재설계"
"SVC-009","A","FIELD-004","결과 이해와 설명","scored","3","medium","2026-08-24","true","SRC-009;SRC-039;SRC-040","결과 이해와 설명에 대한 확인 가능한 사용자 결과","","사용자 선택·해제 범위를 제공","","과도한 보호 보장·자동 동의·추적 확대를 피해야 함","외형이나 문구를 복제하지 않고 사용자 결과와 안전 원칙만 재설계"
"SVC-009","A","FIELD-005","오류·실패 복구","scored","3","medium","2026-08-24","true","SRC-009;SRC-039;SRC-040","오류·실패 복구에 대한 확인 가능한 사용자 결과","복구 또는 대체 경로가 공개됨","사용자 선택·해제 범위를 제공","","과도한 보호 보장·자동 동의·추적 확대를 피해야 함","외형이나 문구를 복제하지 않고 사용자 결과와 안전 원칙만 재설계"
"SVC-009","A","FIELD-006","저장·내보내기·공유","unknown","","low","2026-08-24","true","SRC-009;SRC-039;SRC-040","결과 미확인","","","","","외형이나 문구를 복제하지 않고 사용자 결과와 안전 원칙만 재설계"
"SVC-009","A","FIELD-007","모바일 경험","scored","4","medium","2026-08-24","true","SRC-009;SRC-039;SRC-040","모바일 경험에 대한 확인 가능한 사용자 결과","","사용자 선택·해제 범위를 제공","플랫폼별 지원 범위가 다름","과도한 보호 보장·자동 동의·추적 확대를 피해야 함","외형이나 문구를 복제하지 않고 사용자 결과와 안전 원칙만 재설계"
"SVC-009","A","FIELD-008","PC 경험","scored","4","medium","2026-08-24","true","SRC-009;SRC-039;SRC-040","PC 경험에 대한 확인 가능한 사용자 결과","","사용자 선택·해제 범위를 제공","플랫폼별 지원 범위가 다름","과도한 보호 보장·자동 동의·추적 확대를 피해야 함","외형이나 문구를 복제하지 않고 사용자 결과와 안전 원칙만 재설계"
"SVC-009","A","FIELD-009","플랫폼 간 연속성","scored","3","medium","2026-08-24","true","SRC-009;SRC-039;SRC-040","플랫폼 간 연속성에 대한 확인 가능한 사용자 결과","","사용자 선택·해제 범위를 제공","플랫폼별 지원 범위가 다름","과도한 보호 보장·자동 동의·추적 확대를 피해야 함","외형이나 문구를 복제하지 않고 사용자 결과와 안전 원칙만 재설계"
"SVC-009","A","FIELD-010","접근성","unknown","","low","2026-08-24","true","SRC-009;SRC-039;SRC-040","결과 미확인","","","","","외형이나 문구를 복제하지 않고 사용자 결과와 안전 원칙만 재설계"
"SVC-009","A","FIELD-011","성능과 안정성","scored","3","medium","2026-08-24","true","SRC-009;SRC-039;SRC-040","성능과 안정성에 대한 확인 가능한 사용자 결과","","사용자 선택·해제 범위를 제공","","과도한 보호 보장·자동 동의·추적 확대를 피해야 함","외형이나 문구를 복제하지 않고 사용자 결과와 안전 원칙만 재설계"
"SVC-009","A","FIELD-012","개인정보·보안","scored","3","medium","2026-08-24","true","SRC-009;SRC-039;SRC-040","개인정보·보안에 대한 확인 가능한 사용자 결과","","사용자 선택·해제 범위를 제공","","과도한 보호 보장·자동 동의·추적 확대를 피해야 함","외형이나 문구를 복제하지 않고 사용자 결과와 안전 원칙만 재설계"
"SVC-009","A","FIELD-013","계정·권한·삭제","scored","3","medium","2026-08-24","true","SRC-009;SRC-039;SRC-040","계정·권한·삭제에 대한 확인 가능한 사용자 결과","","사용자 선택·해제 범위를 제공","","과도한 보호 보장·자동 동의·추적 확대를 피해야 함","외형이나 문구를 복제하지 않고 사용자 결과와 안전 원칙만 재설계"
"SVC-009","A","FIELD-014","가격·결제·취소·환불","scored","3","medium","2026-08-24","true","SRC-009;SRC-039;SRC-040","가격·결제·취소·환불에 대한 확인 가능한 사용자 결과","","사용자 선택·해제 범위를 제공","","과도한 보호 보장·자동 동의·추적 확대를 피해야 함","외형이나 문구를 복제하지 않고 사용자 결과와 안전 원칙만 재설계"
"SVC-009","A","FIELD-015","고객지원·장애 대응","scored","2","medium","2026-08-24","true","SRC-009;SRC-039;SRC-040","고객지원·장애 대응에 대한 확인 가능한 사용자 결과","복구 또는 대체 경로가 공개됨","사용자 선택·해제 범위를 제공","","과도한 보호 보장·자동 동의·추적 확대를 피해야 함","외형이나 문구를 복제하지 않고 사용자 결과와 안전 원칙만 재설계"
"SVC-009","A","FIELD-016","장기 사용과 유지","scored","3","medium","2026-08-24","true","SRC-009;SRC-039;SRC-040","장기 사용과 유지에 대한 확인 가능한 사용자 결과","","사용자 선택·해제 범위를 제공","","과도한 보호 보장·자동 동의·추적 확대를 피해야 함","외형이나 문구를 복제하지 않고 사용자 결과와 안전 원칙만 재설계"
"SVC-009","A","FIELD-017","팀·관리자·운영","scored","2","medium","2026-08-24","true","SRC-009;SRC-039;SRC-040","팀·관리자·운영에 대한 확인 가능한 사용자 결과","","사용자 선택·해제 범위를 제공","","과도한 보호 보장·자동 동의·추적 확대를 피해야 함","외형이나 문구를 복제하지 않고 사용자 결과와 안전 원칙만 재설계"
"SVC-009","A","FIELD-018","차별화 요소","scored","3","medium","2026-08-24","true","SRC-009;SRC-039;SRC-040","차별화 요소에 대한 확인 가능한 사용자 결과","","사용자 선택·해제 범위를 제공","","과도한 보호 보장·자동 동의·추적 확대를 피해야 함","외형이나 문구를 복제하지 않고 사용자 결과와 안전 원칙만 재설계"
"SVC-009","A","FIELD-019","사용자 신뢰","scored","3","medium","2026-08-24","true","SRC-009;SRC-039;SRC-040","사용자 신뢰에 대한 확인 가능한 사용자 결과","","사용자 선택·해제 범위를 제공","","과도한 보호 보장·자동 동의·추적 확대를 피해야 함","외형이나 문구를 복제하지 않고 사용자 결과와 안전 원칙만 재설계"
"SVC-009","A","FIELD-020","도입하면 안 되는 부작용","scored","2","medium","2026-08-24","true","SRC-009;SRC-039;SRC-040","도입하면 안 되는 부작용에 대한 확인 가능한 사용자 결과","","사용자 선택·해제 범위를 제공","","과도한 보호 보장·자동 동의·추적 확대를 피해야 함","외형이나 문구를 복제하지 않고 사용자 결과와 안전 원칙만 재설계"
"SVC-009","A","FIELD-021","프로토콜 투명성","scored","4","medium","2026-08-24","true","SRC-009;SRC-039;SRC-040","프로토콜 투명성에 대한 확인 가능한 사용자 결과","","사용자 선택·해제 범위를 제공","","과도한 보호 보장·자동 동의·추적 확대를 피해야 함","외형이나 문구를 복제하지 않고 사용자 결과와 안전 원칙만 재설계"
"SVC-009","A","FIELD-022","킬 스위치·항상 연결","scored","3","medium","2026-08-24","true","SRC-009;SRC-039;SRC-040","킬 스위치·항상 연결에 대한 확인 가능한 사용자 결과","","사용자 선택·해제 범위를 제공","","과도한 보호 보장·자동 동의·추적 확대를 피해야 함","외형이나 문구를 복제하지 않고 사용자 결과와 안전 원칙만 재설계"
"SVC-009","A","FIELD-023","DNS·IPv6·누출 확인","scored","3","medium","2026-08-24","true","SRC-009;SRC-039;SRC-040","DNS·IPv6·누출 확인에 대한 확인 가능한 사용자 결과","","사용자 선택·해제 범위를 제공","","과도한 보호 보장·자동 동의·추적 확대를 피해야 함","외형이나 문구를 복제하지 않고 사용자 결과와 안전 원칙만 재설계"
"SVC-009","A","FIELD-024","검열 환경 복구","scored","2","medium","2026-08-24","true","SRC-009;SRC-039;SRC-040","검열 환경 복구에 대한 확인 가능한 사용자 결과","복구 또는 대체 경로가 공개됨","사용자 선택·해제 범위를 제공","","과도한 보호 보장·자동 동의·추적 확대를 피해야 함","외형이나 문구를 복제하지 않고 사용자 결과와 안전 원칙만 재설계"
"SVC-009","A","FIELD-025","서버 상태·혼잡·대체","scored","2","medium","2026-08-24","true","SRC-009;SRC-039;SRC-040","서버 상태·혼잡·대체에 대한 확인 가능한 사용자 결과","복구 또는 대체 경로가 공개됨","사용자 선택·해제 범위를 제공","","과도한 보호 보장·자동 동의·추적 확대를 피해야 함","외형이나 문구를 복제하지 않고 사용자 결과와 안전 원칙만 재설계"
"SVC-009","A","FIELD-026","기기·프로필 발급·폐기","scored","3","medium","2026-08-24","true","SRC-009;SRC-039;SRC-040","기기·프로필 발급·폐기에 대한 확인 가능한 사용자 결과","","사용자 선택·해제 범위를 제공","","과도한 보호 보장·자동 동의·추적 확대를 피해야 함","외형이나 문구를 복제하지 않고 사용자 결과와 안전 원칙만 재설계"
"SVC-009","A","FIELD-027","무료 데이터·사용량 권리","scored","3","medium","2026-08-24","true","SRC-009;SRC-039;SRC-040","무료 데이터·사용량 권리에 대한 확인 가능한 사용자 결과","","사용자 선택·해제 범위를 제공","","과도한 보호 보장·자동 동의·추적 확대를 피해야 함","외형이나 문구를 복제하지 않고 사용자 결과와 안전 원칙만 재설계"
"SVC-009","A","FIELD-028","관할·국가 지원 범위","scored","3","medium","2026-08-24","true","SRC-009;SRC-039;SRC-040","관할·국가 지원 범위에 대한 확인 가능한 사용자 결과","","사용자 선택·해제 범위를 제공","","과도한 보호 보장·자동 동의·추적 확대를 피해야 함","외형이나 문구를 복제하지 않고 사용자 결과와 안전 원칙만 재설계"
"SVC-010","A","FIELD-001","시작과 첫 가치","scored","3","medium","2026-08-24","true","SRC-010;SRC-039;SRC-040","시작과 첫 가치에 대한 확인 가능한 사용자 결과","","사용자 선택·해제 범위를 제공","","과도한 보호 보장·자동 동의·추적 확대를 피해야 함","외형이나 문구를 복제하지 않고 사용자 결과와 안전 원칙만 재설계"
"SVC-010","A","FIELD-002","핵심 과업 완성도","scored","4","medium","2026-08-24","true","SRC-010;SRC-039;SRC-040","핵심 과업 완성도에 대한 확인 가능한 사용자 결과","","사용자 선택·해제 범위를 제공","","과도한 보호 보장·자동 동의·추적 확대를 피해야 함","외형이나 문구를 복제하지 않고 사용자 결과와 안전 원칙만 재설계"
"SVC-010","A","FIELD-003","개인화","scored","3","medium","2026-08-24","true","SRC-010;SRC-039;SRC-040","개인화에 대한 확인 가능한 사용자 결과","","사용자 선택·해제 범위를 제공","","과도한 보호 보장·자동 동의·추적 확대를 피해야 함","외형이나 문구를 복제하지 않고 사용자 결과와 안전 원칙만 재설계"
"SVC-010","A","FIELD-004","결과 이해와 설명","scored","3","medium","2026-08-24","true","SRC-010;SRC-039;SRC-040","결과 이해와 설명에 대한 확인 가능한 사용자 결과","","사용자 선택·해제 범위를 제공","","과도한 보호 보장·자동 동의·추적 확대를 피해야 함","외형이나 문구를 복제하지 않고 사용자 결과와 안전 원칙만 재설계"
"SVC-010","A","FIELD-005","오류·실패 복구","scored","3","medium","2026-08-24","true","SRC-010;SRC-039;SRC-040","오류·실패 복구에 대한 확인 가능한 사용자 결과","복구 또는 대체 경로가 공개됨","사용자 선택·해제 범위를 제공","","과도한 보호 보장·자동 동의·추적 확대를 피해야 함","외형이나 문구를 복제하지 않고 사용자 결과와 안전 원칙만 재설계"
"SVC-010","A","FIELD-006","저장·내보내기·공유","unknown","","low","2026-08-24","true","SRC-010;SRC-039;SRC-040","결과 미확인","","","","","외형이나 문구를 복제하지 않고 사용자 결과와 안전 원칙만 재설계"
"SVC-010","A","FIELD-007","모바일 경험","scored","4","medium","2026-08-24","true","SRC-010;SRC-039;SRC-040","모바일 경험에 대한 확인 가능한 사용자 결과","","사용자 선택·해제 범위를 제공","플랫폼별 지원 범위가 다름","과도한 보호 보장·자동 동의·추적 확대를 피해야 함","외형이나 문구를 복제하지 않고 사용자 결과와 안전 원칙만 재설계"
"SVC-010","A","FIELD-008","PC 경험","scored","4","medium","2026-08-24","true","SRC-010;SRC-039;SRC-040","PC 경험에 대한 확인 가능한 사용자 결과","","사용자 선택·해제 범위를 제공","플랫폼별 지원 범위가 다름","과도한 보호 보장·자동 동의·추적 확대를 피해야 함","외형이나 문구를 복제하지 않고 사용자 결과와 안전 원칙만 재설계"
"SVC-010","A","FIELD-009","플랫폼 간 연속성","scored","3","medium","2026-08-24","true","SRC-010;SRC-039;SRC-040","플랫폼 간 연속성에 대한 확인 가능한 사용자 결과","","사용자 선택·해제 범위를 제공","플랫폼별 지원 범위가 다름","과도한 보호 보장·자동 동의·추적 확대를 피해야 함","외형이나 문구를 복제하지 않고 사용자 결과와 안전 원칙만 재설계"
"SVC-010","A","FIELD-010","접근성","unknown","","low","2026-08-24","true","SRC-010;SRC-039;SRC-040","결과 미확인","","","","","외형이나 문구를 복제하지 않고 사용자 결과와 안전 원칙만 재설계"
"SVC-010","A","FIELD-011","성능과 안정성","scored","3","medium","2026-08-24","true","SRC-010;SRC-039;SRC-040","성능과 안정성에 대한 확인 가능한 사용자 결과","","사용자 선택·해제 범위를 제공","","과도한 보호 보장·자동 동의·추적 확대를 피해야 함","외형이나 문구를 복제하지 않고 사용자 결과와 안전 원칙만 재설계"
"SVC-010","A","FIELD-012","개인정보·보안","scored","3","medium","2026-08-24","true","SRC-010;SRC-039;SRC-040","개인정보·보안에 대한 확인 가능한 사용자 결과","","사용자 선택·해제 범위를 제공","","과도한 보호 보장·자동 동의·추적 확대를 피해야 함","외형이나 문구를 복제하지 않고 사용자 결과와 안전 원칙만 재설계"
"SVC-010","A","FIELD-013","계정·권한·삭제","scored","3","medium","2026-08-24","true","SRC-010;SRC-039;SRC-040","계정·권한·삭제에 대한 확인 가능한 사용자 결과","","사용자 선택·해제 범위를 제공","","과도한 보호 보장·자동 동의·추적 확대를 피해야 함","외형이나 문구를 복제하지 않고 사용자 결과와 안전 원칙만 재설계"
"SVC-010","A","FIELD-014","가격·결제·취소·환불","scored","3","medium","2026-08-24","true","SRC-010;SRC-039;SRC-040","가격·결제·취소·환불에 대한 확인 가능한 사용자 결과","","사용자 선택·해제 범위를 제공","","과도한 보호 보장·자동 동의·추적 확대를 피해야 함","외형이나 문구를 복제하지 않고 사용자 결과와 안전 원칙만 재설계"
"SVC-010","A","FIELD-015","고객지원·장애 대응","scored","2","medium","2026-08-24","true","SRC-010;SRC-039;SRC-040","고객지원·장애 대응에 대한 확인 가능한 사용자 결과","복구 또는 대체 경로가 공개됨","사용자 선택·해제 범위를 제공","","과도한 보호 보장·자동 동의·추적 확대를 피해야 함","외형이나 문구를 복제하지 않고 사용자 결과와 안전 원칙만 재설계"
"SVC-010","A","FIELD-016","장기 사용과 유지","scored","3","medium","2026-08-24","true","SRC-010;SRC-039;SRC-040","장기 사용과 유지에 대한 확인 가능한 사용자 결과","","사용자 선택·해제 범위를 제공","","과도한 보호 보장·자동 동의·추적 확대를 피해야 함","외형이나 문구를 복제하지 않고 사용자 결과와 안전 원칙만 재설계"
"SVC-010","A","FIELD-017","팀·관리자·운영","scored","2","medium","2026-08-24","true","SRC-010;SRC-039;SRC-040","팀·관리자·운영에 대한 확인 가능한 사용자 결과","","사용자 선택·해제 범위를 제공","","과도한 보호 보장·자동 동의·추적 확대를 피해야 함","외형이나 문구를 복제하지 않고 사용자 결과와 안전 원칙만 재설계"
"SVC-010","A","FIELD-018","차별화 요소","scored","3","medium","2026-08-24","true","SRC-010;SRC-039;SRC-040","차별화 요소에 대한 확인 가능한 사용자 결과","","사용자 선택·해제 범위를 제공","","과도한 보호 보장·자동 동의·추적 확대를 피해야 함","외형이나 문구를 복제하지 않고 사용자 결과와 안전 원칙만 재설계"
"SVC-010","A","FIELD-019","사용자 신뢰","scored","3","medium","2026-08-24","true","SRC-010;SRC-039;SRC-040","사용자 신뢰에 대한 확인 가능한 사용자 결과","","사용자 선택·해제 범위를 제공","","과도한 보호 보장·자동 동의·추적 확대를 피해야 함","외형이나 문구를 복제하지 않고 사용자 결과와 안전 원칙만 재설계"
"SVC-010","A","FIELD-020","도입하면 안 되는 부작용","scored","2","medium","2026-08-24","true","SRC-010;SRC-039;SRC-040","도입하면 안 되는 부작용에 대한 확인 가능한 사용자 결과","","사용자 선택·해제 범위를 제공","","과도한 보호 보장·자동 동의·추적 확대를 피해야 함","외형이나 문구를 복제하지 않고 사용자 결과와 안전 원칙만 재설계"
"SVC-010","A","FIELD-021","프로토콜 투명성","scored","4","medium","2026-08-24","true","SRC-010;SRC-039;SRC-040","프로토콜 투명성에 대한 확인 가능한 사용자 결과","","사용자 선택·해제 범위를 제공","","과도한 보호 보장·자동 동의·추적 확대를 피해야 함","외형이나 문구를 복제하지 않고 사용자 결과와 안전 원칙만 재설계"
"SVC-010","A","FIELD-022","킬 스위치·항상 연결","scored","3","medium","2026-08-24","true","SRC-010;SRC-039;SRC-040","킬 스위치·항상 연결에 대한 확인 가능한 사용자 결과","","사용자 선택·해제 범위를 제공","","과도한 보호 보장·자동 동의·추적 확대를 피해야 함","외형이나 문구를 복제하지 않고 사용자 결과와 안전 원칙만 재설계"
"SVC-010","A","FIELD-023","DNS·IPv6·누출 확인","scored","3","medium","2026-08-24","true","SRC-010;SRC-039;SRC-040","DNS·IPv6·누출 확인에 대한 확인 가능한 사용자 결과","","사용자 선택·해제 범위를 제공","","과도한 보호 보장·자동 동의·추적 확대를 피해야 함","외형이나 문구를 복제하지 않고 사용자 결과와 안전 원칙만 재설계"
"SVC-010","A","FIELD-024","검열 환경 복구","scored","2","medium","2026-08-24","true","SRC-010;SRC-039;SRC-040","검열 환경 복구에 대한 확인 가능한 사용자 결과","복구 또는 대체 경로가 공개됨","사용자 선택·해제 범위를 제공","","과도한 보호 보장·자동 동의·추적 확대를 피해야 함","외형이나 문구를 복제하지 않고 사용자 결과와 안전 원칙만 재설계"
"SVC-010","A","FIELD-025","서버 상태·혼잡·대체","scored","2","medium","2026-08-24","true","SRC-010;SRC-039;SRC-040","서버 상태·혼잡·대체에 대한 확인 가능한 사용자 결과","복구 또는 대체 경로가 공개됨","사용자 선택·해제 범위를 제공","","과도한 보호 보장·자동 동의·추적 확대를 피해야 함","외형이나 문구를 복제하지 않고 사용자 결과와 안전 원칙만 재설계"
"SVC-010","A","FIELD-026","기기·프로필 발급·폐기","scored","3","medium","2026-08-24","true","SRC-010;SRC-039;SRC-040","기기·프로필 발급·폐기에 대한 확인 가능한 사용자 결과","","사용자 선택·해제 범위를 제공","","과도한 보호 보장·자동 동의·추적 확대를 피해야 함","외형이나 문구를 복제하지 않고 사용자 결과와 안전 원칙만 재설계"
"SVC-010","A","FIELD-027","무료 데이터·사용량 권리","scored","3","medium","2026-08-24","true","SRC-010;SRC-039;SRC-040","무료 데이터·사용량 권리에 대한 확인 가능한 사용자 결과","","사용자 선택·해제 범위를 제공","","과도한 보호 보장·자동 동의·추적 확대를 피해야 함","외형이나 문구를 복제하지 않고 사용자 결과와 안전 원칙만 재설계"
"SVC-010","A","FIELD-028","관할·국가 지원 범위","scored","3","medium","2026-08-24","true","SRC-010;SRC-039;SRC-040","관할·국가 지원 범위에 대한 확인 가능한 사용자 결과","","사용자 선택·해제 범위를 제공","","과도한 보호 보장·자동 동의·추적 확대를 피해야 함","외형이나 문구를 복제하지 않고 사용자 결과와 안전 원칙만 재설계"
"SVC-011","B","FIELD-001","시작과 첫 가치","not_applicable","","low","2026-08-24","true","SRC-011","적용 제외","","","","","외형이나 문구를 복제하지 않고 사용자 결과와 안전 원칙만 재설계"
"SVC-011","B","FIELD-002","핵심 과업 완성도","not_applicable","","low","2026-08-24","true","SRC-011","적용 제외","","","","","외형이나 문구를 복제하지 않고 사용자 결과와 안전 원칙만 재설계"
"SVC-011","B","FIELD-003","개인화","not_applicable","","low","2026-08-24","true","SRC-011","적용 제외","","","","","외형이나 문구를 복제하지 않고 사용자 결과와 안전 원칙만 재설계"
"SVC-011","B","FIELD-004","결과 이해와 설명","not_applicable","","low","2026-08-24","true","SRC-011","적용 제외","","","","","외형이나 문구를 복제하지 않고 사용자 결과와 안전 원칙만 재설계"
"SVC-011","B","FIELD-005","오류·실패 복구","scored","3","medium","2026-08-24","true","SRC-011","오류·실패 복구에 대한 확인 가능한 사용자 결과","복구 또는 대체 경로가 공개됨","사용자 선택·해제 범위를 제공","","과도한 보호 보장·자동 동의·추적 확대를 피해야 함","외형이나 문구를 복제하지 않고 사용자 결과와 안전 원칙만 재설계"
"SVC-011","B","FIELD-006","저장·내보내기·공유","not_applicable","","low","2026-08-24","true","SRC-011","적용 제외","","","","","외형이나 문구를 복제하지 않고 사용자 결과와 안전 원칙만 재설계"
"SVC-011","B","FIELD-007","모바일 경험","not_applicable","","low","2026-08-24","true","SRC-011","적용 제외","","","플랫폼별 지원 범위가 다름","","외형이나 문구를 복제하지 않고 사용자 결과와 안전 원칙만 재설계"
"SVC-011","B","FIELD-008","PC 경험","not_applicable","","low","2026-08-24","true","SRC-011","적용 제외","","","플랫폼별 지원 범위가 다름","","외형이나 문구를 복제하지 않고 사용자 결과와 안전 원칙만 재설계"
"SVC-011","B","FIELD-009","플랫폼 간 연속성","scored","3","medium","2026-08-24","true","SRC-011","플랫폼 간 연속성에 대한 확인 가능한 사용자 결과","","사용자 선택·해제 범위를 제공","플랫폼별 지원 범위가 다름","과도한 보호 보장·자동 동의·추적 확대를 피해야 함","외형이나 문구를 복제하지 않고 사용자 결과와 안전 원칙만 재설계"
"SVC-011","B","FIELD-010","접근성","not_applicable","","low","2026-08-24","true","SRC-011","적용 제외","","","","","외형이나 문구를 복제하지 않고 사용자 결과와 안전 원칙만 재설계"
"SVC-011","B","FIELD-011","성능과 안정성","scored","3","medium","2026-08-24","true","SRC-011","성능과 안정성에 대한 확인 가능한 사용자 결과","","사용자 선택·해제 범위를 제공","","과도한 보호 보장·자동 동의·추적 확대를 피해야 함","외형이나 문구를 복제하지 않고 사용자 결과와 안전 원칙만 재설계"
"SVC-011","B","FIELD-012","개인정보·보안","scored","4","medium","2026-08-24","true","SRC-011","개인정보·보안에 대한 확인 가능한 사용자 결과","","사용자 선택·해제 범위를 제공","","과도한 보호 보장·자동 동의·추적 확대를 피해야 함","외형이나 문구를 복제하지 않고 사용자 결과와 안전 원칙만 재설계"
"SVC-011","B","FIELD-013","계정·권한·삭제","scored","3","medium","2026-08-24","true","SRC-011","계정·권한·삭제에 대한 확인 가능한 사용자 결과","","사용자 선택·해제 범위를 제공","","과도한 보호 보장·자동 동의·추적 확대를 피해야 함","외형이나 문구를 복제하지 않고 사용자 결과와 안전 원칙만 재설계"
"SVC-011","B","FIELD-014","가격·결제·취소·환불","not_applicable","","low","2026-08-24","true","SRC-011","적용 제외","","","","","외형이나 문구를 복제하지 않고 사용자 결과와 안전 원칙만 재설계"
"SVC-011","B","FIELD-015","고객지원·장애 대응","not_applicable","","low","2026-08-24","true","SRC-011","적용 제외","","","","","외형이나 문구를 복제하지 않고 사용자 결과와 안전 원칙만 재설계"
"SVC-011","B","FIELD-016","장기 사용과 유지","not_applicable","","low","2026-08-24","true","SRC-011","적용 제외","","","","","외형이나 문구를 복제하지 않고 사용자 결과와 안전 원칙만 재설계"
"SVC-011","B","FIELD-017","팀·관리자·운영","scored","3","medium","2026-08-24","true","SRC-011","팀·관리자·운영에 대한 확인 가능한 사용자 결과","","사용자 선택·해제 범위를 제공","","과도한 보호 보장·자동 동의·추적 확대를 피해야 함","외형이나 문구를 복제하지 않고 사용자 결과와 안전 원칙만 재설계"
"SVC-011","B","FIELD-018","차별화 요소","not_applicable","","low","2026-08-24","true","SRC-011","적용 제외","","","","","외형이나 문구를 복제하지 않고 사용자 결과와 안전 원칙만 재설계"
"SVC-011","B","FIELD-019","사용자 신뢰","scored","4","medium","2026-08-24","true","SRC-011","사용자 신뢰에 대한 확인 가능한 사용자 결과","","사용자 선택·해제 범위를 제공","","과도한 보호 보장·자동 동의·추적 확대를 피해야 함","외형이나 문구를 복제하지 않고 사용자 결과와 안전 원칙만 재설계"
"SVC-011","B","FIELD-020","도입하면 안 되는 부작용","not_applicable","","low","2026-08-24","true","SRC-011","적용 제외","","","","","외형이나 문구를 복제하지 않고 사용자 결과와 안전 원칙만 재설계"
"SVC-011","B","FIELD-021","프로토콜 투명성","scored","3","medium","2026-08-24","true","SRC-011","프로토콜 투명성에 대한 확인 가능한 사용자 결과","","사용자 선택·해제 범위를 제공","","과도한 보호 보장·자동 동의·추적 확대를 피해야 함","외형이나 문구를 복제하지 않고 사용자 결과와 안전 원칙만 재설계"
"SVC-011","B","FIELD-022","킬 스위치·항상 연결","not_applicable","","low","2026-08-24","true","SRC-011","적용 제외","","","","","외형이나 문구를 복제하지 않고 사용자 결과와 안전 원칙만 재설계"
"SVC-011","B","FIELD-023","DNS·IPv6·누출 확인","not_applicable","","low","2026-08-24","true","SRC-011","적용 제외","","","","","외형이나 문구를 복제하지 않고 사용자 결과와 안전 원칙만 재설계"
"SVC-011","B","FIELD-024","검열 환경 복구","not_applicable","","low","2026-08-24","true","SRC-011","적용 제외","","","","","외형이나 문구를 복제하지 않고 사용자 결과와 안전 원칙만 재설계"
"SVC-011","B","FIELD-025","서버 상태·혼잡·대체","scored","3","medium","2026-08-24","true","SRC-011","서버 상태·혼잡·대체에 대한 확인 가능한 사용자 결과","복구 또는 대체 경로가 공개됨","사용자 선택·해제 범위를 제공","","과도한 보호 보장·자동 동의·추적 확대를 피해야 함","외형이나 문구를 복제하지 않고 사용자 결과와 안전 원칙만 재설계"
"SVC-011","B","FIELD-026","기기·프로필 발급·폐기","scored","3","medium","2026-08-24","true","SRC-011","기기·프로필 발급·폐기에 대한 확인 가능한 사용자 결과","","사용자 선택·해제 범위를 제공","","과도한 보호 보장·자동 동의·추적 확대를 피해야 함","외형이나 문구를 복제하지 않고 사용자 결과와 안전 원칙만 재설계"
"SVC-011","B","FIELD-027","무료 데이터·사용량 권리","not_applicable","","low","2026-08-24","true","SRC-011","적용 제외","","","","","외형이나 문구를 복제하지 않고 사용자 결과와 안전 원칙만 재설계"
"SVC-011","B","FIELD-028","관할·국가 지원 범위","not_applicable","","low","2026-08-24","true","SRC-011","적용 제외","","","","","외형이나 문구를 복제하지 않고 사용자 결과와 안전 원칙만 재설계"
"SVC-012","B","FIELD-001","시작과 첫 가치","scored","4","medium","2026-08-24","true","SRC-012","시작과 첫 가치에 대한 확인 가능한 사용자 결과","","사용자 선택·해제 범위를 제공","","과도한 보호 보장·자동 동의·추적 확대를 피해야 함","외형이나 문구를 복제하지 않고 사용자 결과와 안전 원칙만 재설계"
"SVC-012","B","FIELD-002","핵심 과업 완성도","not_applicable","","low","2026-08-24","true","SRC-012","적용 제외","","","","","외형이나 문구를 복제하지 않고 사용자 결과와 안전 원칙만 재설계"
"SVC-012","B","FIELD-003","개인화","not_applicable","","low","2026-08-24","true","SRC-012","적용 제외","","","","","외형이나 문구를 복제하지 않고 사용자 결과와 안전 원칙만 재설계"
"SVC-012","B","FIELD-004","결과 이해와 설명","not_applicable","","low","2026-08-24","true","SRC-012","적용 제외","","","","","외형이나 문구를 복제하지 않고 사용자 결과와 안전 원칙만 재설계"
"SVC-012","B","FIELD-005","오류·실패 복구","scored","3","medium","2026-08-24","true","SRC-012","오류·실패 복구에 대한 확인 가능한 사용자 결과","복구 또는 대체 경로가 공개됨","사용자 선택·해제 범위를 제공","","과도한 보호 보장·자동 동의·추적 확대를 피해야 함","외형이나 문구를 복제하지 않고 사용자 결과와 안전 원칙만 재설계"
"SVC-012","B","FIELD-006","저장·내보내기·공유","not_applicable","","low","2026-08-24","true","SRC-012","적용 제외","","","","","외형이나 문구를 복제하지 않고 사용자 결과와 안전 원칙만 재설계"
"SVC-012","B","FIELD-007","모바일 경험","scored","3","medium","2026-08-24","true","SRC-012","모바일 경험에 대한 확인 가능한 사용자 결과","","사용자 선택·해제 범위를 제공","플랫폼별 지원 범위가 다름","과도한 보호 보장·자동 동의·추적 확대를 피해야 함","외형이나 문구를 복제하지 않고 사용자 결과와 안전 원칙만 재설계"
"SVC-012","B","FIELD-008","PC 경험","scored","3","medium","2026-08-24","true","SRC-012","PC 경험에 대한 확인 가능한 사용자 결과","","사용자 선택·해제 범위를 제공","플랫폼별 지원 범위가 다름","과도한 보호 보장·자동 동의·추적 확대를 피해야 함","외형이나 문구를 복제하지 않고 사용자 결과와 안전 원칙만 재설계"
"SVC-012","B","FIELD-009","플랫폼 간 연속성","scored","3","medium","2026-08-24","true","SRC-012","플랫폼 간 연속성에 대한 확인 가능한 사용자 결과","","사용자 선택·해제 범위를 제공","플랫폼별 지원 범위가 다름","과도한 보호 보장·자동 동의·추적 확대를 피해야 함","외형이나 문구를 복제하지 않고 사용자 결과와 안전 원칙만 재설계"
"SVC-012","B","FIELD-010","접근성","not_applicable","","low","2026-08-24","true","SRC-012","적용 제외","","","","","외형이나 문구를 복제하지 않고 사용자 결과와 안전 원칙만 재설계"
"SVC-012","B","FIELD-011","성능과 안정성","scored","3","medium","2026-08-24","true","SRC-012","성능과 안정성에 대한 확인 가능한 사용자 결과","","사용자 선택·해제 범위를 제공","","과도한 보호 보장·자동 동의·추적 확대를 피해야 함","외형이나 문구를 복제하지 않고 사용자 결과와 안전 원칙만 재설계"
"SVC-012","B","FIELD-012","개인정보·보안","scored","4","medium","2026-08-24","true","SRC-012","개인정보·보안에 대한 확인 가능한 사용자 결과","","사용자 선택·해제 범위를 제공","","과도한 보호 보장·자동 동의·추적 확대를 피해야 함","외형이나 문구를 복제하지 않고 사용자 결과와 안전 원칙만 재설계"
"SVC-012","B","FIELD-013","계정·권한·삭제","not_applicable","","low","2026-08-24","true","SRC-012","적용 제외","","","","","외형이나 문구를 복제하지 않고 사용자 결과와 안전 원칙만 재설계"
"SVC-012","B","FIELD-014","가격·결제·취소·환불","not_applicable","","low","2026-08-24","true","SRC-012","적용 제외","","","","","외형이나 문구를 복제하지 않고 사용자 결과와 안전 원칙만 재설계"
"SVC-012","B","FIELD-015","고객지원·장애 대응","not_applicable","","low","2026-08-24","true","SRC-012","적용 제외","","","","","외형이나 문구를 복제하지 않고 사용자 결과와 안전 원칙만 재설계"
"SVC-012","B","FIELD-016","장기 사용과 유지","not_applicable","","low","2026-08-24","true","SRC-012","적용 제외","","","","","외형이나 문구를 복제하지 않고 사용자 결과와 안전 원칙만 재설계"
"SVC-012","B","FIELD-017","팀·관리자·운영","not_applicable","","low","2026-08-24","true","SRC-012","적용 제외","","","","","외형이나 문구를 복제하지 않고 사용자 결과와 안전 원칙만 재설계"
"SVC-012","B","FIELD-018","차별화 요소","not_applicable","","low","2026-08-24","true","SRC-012","적용 제외","","","","","외형이나 문구를 복제하지 않고 사용자 결과와 안전 원칙만 재설계"
"SVC-012","B","FIELD-019","사용자 신뢰","scored","4","medium","2026-08-24","true","SRC-012","사용자 신뢰에 대한 확인 가능한 사용자 결과","","사용자 선택·해제 범위를 제공","","과도한 보호 보장·자동 동의·추적 확대를 피해야 함","외형이나 문구를 복제하지 않고 사용자 결과와 안전 원칙만 재설계"
"SVC-012","B","FIELD-020","도입하면 안 되는 부작용","not_applicable","","low","2026-08-24","true","SRC-012","적용 제외","","","","","외형이나 문구를 복제하지 않고 사용자 결과와 안전 원칙만 재설계"
"SVC-012","B","FIELD-021","프로토콜 투명성","scored","3","medium","2026-08-24","true","SRC-012","프로토콜 투명성에 대한 확인 가능한 사용자 결과","","사용자 선택·해제 범위를 제공","","과도한 보호 보장·자동 동의·추적 확대를 피해야 함","외형이나 문구를 복제하지 않고 사용자 결과와 안전 원칙만 재설계"
"SVC-012","B","FIELD-022","킬 스위치·항상 연결","not_applicable","","low","2026-08-24","true","SRC-012","적용 제외","","","","","외형이나 문구를 복제하지 않고 사용자 결과와 안전 원칙만 재설계"
"SVC-012","B","FIELD-023","DNS·IPv6·누출 확인","not_applicable","","low","2026-08-24","true","SRC-012","적용 제외","","","","","외형이나 문구를 복제하지 않고 사용자 결과와 안전 원칙만 재설계"
"SVC-012","B","FIELD-024","검열 환경 복구","scored","3","medium","2026-08-24","true","SRC-012","검열 환경 복구에 대한 확인 가능한 사용자 결과","복구 또는 대체 경로가 공개됨","사용자 선택·해제 범위를 제공","","과도한 보호 보장·자동 동의·추적 확대를 피해야 함","외형이나 문구를 복제하지 않고 사용자 결과와 안전 원칙만 재설계"
"SVC-012","B","FIELD-025","서버 상태·혼잡·대체","not_applicable","","low","2026-08-24","true","SRC-012","적용 제외","","","","","외형이나 문구를 복제하지 않고 사용자 결과와 안전 원칙만 재설계"
"SVC-012","B","FIELD-026","기기·프로필 발급·폐기","not_applicable","","low","2026-08-24","true","SRC-012","적용 제외","","","","","외형이나 문구를 복제하지 않고 사용자 결과와 안전 원칙만 재설계"
"SVC-012","B","FIELD-027","무료 데이터·사용량 권리","not_applicable","","low","2026-08-24","true","SRC-012","적용 제외","","","","","외형이나 문구를 복제하지 않고 사용자 결과와 안전 원칙만 재설계"
"SVC-012","B","FIELD-028","관할·국가 지원 범위","not_applicable","","low","2026-08-24","true","SRC-012","적용 제외","","","","","외형이나 문구를 복제하지 않고 사용자 결과와 안전 원칙만 재설계"
"SVC-013","B","FIELD-001","시작과 첫 가치","scored","4","medium","2026-08-24","true","SRC-013","시작과 첫 가치에 대한 확인 가능한 사용자 결과","","사용자 선택·해제 범위를 제공","","과도한 보호 보장·자동 동의·추적 확대를 피해야 함","외형이나 문구를 복제하지 않고 사용자 결과와 안전 원칙만 재설계"
"SVC-013","B","FIELD-002","핵심 과업 완성도","not_applicable","","low","2026-08-24","true","SRC-013","적용 제외","","","","","외형이나 문구를 복제하지 않고 사용자 결과와 안전 원칙만 재설계"
"SVC-013","B","FIELD-003","개인화","not_applicable","","low","2026-08-24","true","SRC-013","적용 제외","","","","","외형이나 문구를 복제하지 않고 사용자 결과와 안전 원칙만 재설계"
"SVC-013","B","FIELD-004","결과 이해와 설명","not_applicable","","low","2026-08-24","true","SRC-013","적용 제외","","","","","외형이나 문구를 복제하지 않고 사용자 결과와 안전 원칙만 재설계"
"SVC-013","B","FIELD-005","오류·실패 복구","not_applicable","","low","2026-08-24","true","SRC-013","적용 제외","","","","","외형이나 문구를 복제하지 않고 사용자 결과와 안전 원칙만 재설계"
"SVC-013","B","FIELD-006","저장·내보내기·공유","not_applicable","","low","2026-08-24","true","SRC-013","적용 제외","","","","","외형이나 문구를 복제하지 않고 사용자 결과와 안전 원칙만 재설계"
"SVC-013","B","FIELD-007","모바일 경험","scored","3","medium","2026-08-24","true","SRC-013","모바일 경험에 대한 확인 가능한 사용자 결과","","사용자 선택·해제 범위를 제공","플랫폼별 지원 범위가 다름","과도한 보호 보장·자동 동의·추적 확대를 피해야 함","외형이나 문구를 복제하지 않고 사용자 결과와 안전 원칙만 재설계"
"SVC-013","B","FIELD-008","PC 경험","scored","3","medium","2026-08-24","true","SRC-013","PC 경험에 대한 확인 가능한 사용자 결과","","사용자 선택·해제 범위를 제공","플랫폼별 지원 범위가 다름","과도한 보호 보장·자동 동의·추적 확대를 피해야 함","외형이나 문구를 복제하지 않고 사용자 결과와 안전 원칙만 재설계"
"SVC-013","B","FIELD-009","플랫폼 간 연속성","scored","3","medium","2026-08-24","true","SRC-013","플랫폼 간 연속성에 대한 확인 가능한 사용자 결과","","사용자 선택·해제 범위를 제공","플랫폼별 지원 범위가 다름","과도한 보호 보장·자동 동의·추적 확대를 피해야 함","외형이나 문구를 복제하지 않고 사용자 결과와 안전 원칙만 재설계"
"SVC-013","B","FIELD-010","접근성","not_applicable","","low","2026-08-24","true","SRC-013","적용 제외","","","","","외형이나 문구를 복제하지 않고 사용자 결과와 안전 원칙만 재설계"
"SVC-013","B","FIELD-011","성능과 안정성","not_applicable","","low","2026-08-24","true","SRC-013","적용 제외","","","","","외형이나 문구를 복제하지 않고 사용자 결과와 안전 원칙만 재설계"
"SVC-013","B","FIELD-012","개인정보·보안","scored","4","medium","2026-08-24","true","SRC-013","개인정보·보안에 대한 확인 가능한 사용자 결과","","사용자 선택·해제 범위를 제공","","과도한 보호 보장·자동 동의·추적 확대를 피해야 함","외형이나 문구를 복제하지 않고 사용자 결과와 안전 원칙만 재설계"
"SVC-013","B","FIELD-013","계정·권한·삭제","scored","3","medium","2026-08-24","true","SRC-013","계정·권한·삭제에 대한 확인 가능한 사용자 결과","","사용자 선택·해제 범위를 제공","","과도한 보호 보장·자동 동의·추적 확대를 피해야 함","외형이나 문구를 복제하지 않고 사용자 결과와 안전 원칙만 재설계"
"SVC-013","B","FIELD-014","가격·결제·취소·환불","not_applicable","","low","2026-08-24","true","SRC-013","적용 제외","","","","","외형이나 문구를 복제하지 않고 사용자 결과와 안전 원칙만 재설계"
"SVC-013","B","FIELD-015","고객지원·장애 대응","not_applicable","","low","2026-08-24","true","SRC-013","적용 제외","","","","","외형이나 문구를 복제하지 않고 사용자 결과와 안전 원칙만 재설계"
"SVC-013","B","FIELD-016","장기 사용과 유지","not_applicable","","low","2026-08-24","true","SRC-013","적용 제외","","","","","외형이나 문구를 복제하지 않고 사용자 결과와 안전 원칙만 재설계"
"SVC-013","B","FIELD-017","팀·관리자·운영","not_applicable","","low","2026-08-24","true","SRC-013","적용 제외","","","","","외형이나 문구를 복제하지 않고 사용자 결과와 안전 원칙만 재설계"
"SVC-013","B","FIELD-018","차별화 요소","not_applicable","","low","2026-08-24","true","SRC-013","적용 제외","","","","","외형이나 문구를 복제하지 않고 사용자 결과와 안전 원칙만 재설계"
"SVC-013","B","FIELD-019","사용자 신뢰","scored","4","medium","2026-08-24","true","SRC-013","사용자 신뢰에 대한 확인 가능한 사용자 결과","","사용자 선택·해제 범위를 제공","","과도한 보호 보장·자동 동의·추적 확대를 피해야 함","외형이나 문구를 복제하지 않고 사용자 결과와 안전 원칙만 재설계"
"SVC-013","B","FIELD-020","도입하면 안 되는 부작용","scored","3","medium","2026-08-24","true","SRC-013","도입하면 안 되는 부작용에 대한 확인 가능한 사용자 결과","","사용자 선택·해제 범위를 제공","","과도한 보호 보장·자동 동의·추적 확대를 피해야 함","외형이나 문구를 복제하지 않고 사용자 결과와 안전 원칙만 재설계"
"SVC-013","B","FIELD-021","프로토콜 투명성","not_applicable","","low","2026-08-24","true","SRC-013","적용 제외","","","","","외형이나 문구를 복제하지 않고 사용자 결과와 안전 원칙만 재설계"
"SVC-013","B","FIELD-022","킬 스위치·항상 연결","not_applicable","","low","2026-08-24","true","SRC-013","적용 제외","","","","","외형이나 문구를 복제하지 않고 사용자 결과와 안전 원칙만 재설계"
"SVC-013","B","FIELD-023","DNS·IPv6·누출 확인","not_applicable","","low","2026-08-24","true","SRC-013","적용 제외","","","","","외형이나 문구를 복제하지 않고 사용자 결과와 안전 원칙만 재설계"
"SVC-013","B","FIELD-024","검열 환경 복구","not_applicable","","low","2026-08-24","true","SRC-013","적용 제외","","","","","외형이나 문구를 복제하지 않고 사용자 결과와 안전 원칙만 재설계"
"SVC-013","B","FIELD-025","서버 상태·혼잡·대체","not_applicable","","low","2026-08-24","true","SRC-013","적용 제외","","","","","외형이나 문구를 복제하지 않고 사용자 결과와 안전 원칙만 재설계"
"SVC-013","B","FIELD-026","기기·프로필 발급·폐기","not_applicable","","low","2026-08-24","true","SRC-013","적용 제외","","","","","외형이나 문구를 복제하지 않고 사용자 결과와 안전 원칙만 재설계"
"SVC-013","B","FIELD-027","무료 데이터·사용량 권리","not_applicable","","low","2026-08-24","true","SRC-013","적용 제외","","","","","외형이나 문구를 복제하지 않고 사용자 결과와 안전 원칙만 재설계"
"SVC-013","B","FIELD-028","관할·국가 지원 범위","not_applicable","","low","2026-08-24","true","SRC-013","적용 제외","","","","","외형이나 문구를 복제하지 않고 사용자 결과와 안전 원칙만 재설계"
"SVC-014","B","FIELD-001","시작과 첫 가치","not_applicable","","low","2026-08-24","true","SRC-014","적용 제외","","","","","외형이나 문구를 복제하지 않고 사용자 결과와 안전 원칙만 재설계"
"SVC-014","B","FIELD-002","핵심 과업 완성도","not_applicable","","low","2026-08-24","true","SRC-014","적용 제외","","","","","외형이나 문구를 복제하지 않고 사용자 결과와 안전 원칙만 재설계"
"SVC-014","B","FIELD-003","개인화","not_applicable","","low","2026-08-24","true","SRC-014","적용 제외","","","","","외형이나 문구를 복제하지 않고 사용자 결과와 안전 원칙만 재설계"
"SVC-014","B","FIELD-004","결과 이해와 설명","scored","3","medium","2026-08-24","true","SRC-014","결과 이해와 설명에 대한 확인 가능한 사용자 결과","","사용자 선택·해제 범위를 제공","","과도한 보호 보장·자동 동의·추적 확대를 피해야 함","외형이나 문구를 복제하지 않고 사용자 결과와 안전 원칙만 재설계"
"SVC-014","B","FIELD-005","오류·실패 복구","scored","3","medium","2026-08-24","true","SRC-014","오류·실패 복구에 대한 확인 가능한 사용자 결과","복구 또는 대체 경로가 공개됨","사용자 선택·해제 범위를 제공","","과도한 보호 보장·자동 동의·추적 확대를 피해야 함","외형이나 문구를 복제하지 않고 사용자 결과와 안전 원칙만 재설계"
"SVC-014","B","FIELD-006","저장·내보내기·공유","not_applicable","","low","2026-08-24","true","SRC-014","적용 제외","","","","","외형이나 문구를 복제하지 않고 사용자 결과와 안전 원칙만 재설계"
"SVC-014","B","FIELD-007","모바일 경험","not_applicable","","low","2026-08-24","true","SRC-014","적용 제외","","","플랫폼별 지원 범위가 다름","","외형이나 문구를 복제하지 않고 사용자 결과와 안전 원칙만 재설계"
"SVC-014","B","FIELD-008","PC 경험","not_applicable","","low","2026-08-24","true","SRC-014","적용 제외","","","플랫폼별 지원 범위가 다름","","외형이나 문구를 복제하지 않고 사용자 결과와 안전 원칙만 재설계"
"SVC-014","B","FIELD-009","플랫폼 간 연속성","not_applicable","","low","2026-08-24","true","SRC-014","적용 제외","","","플랫폼별 지원 범위가 다름","","외형이나 문구를 복제하지 않고 사용자 결과와 안전 원칙만 재설계"
"SVC-014","B","FIELD-010","접근성","not_applicable","","low","2026-08-24","true","SRC-014","적용 제외","","","","","외형이나 문구를 복제하지 않고 사용자 결과와 안전 원칙만 재설계"
"SVC-014","B","FIELD-011","성능과 안정성","not_applicable","","low","2026-08-24","true","SRC-014","적용 제외","","","","","외형이나 문구를 복제하지 않고 사용자 결과와 안전 원칙만 재설계"
"SVC-014","B","FIELD-012","개인정보·보안","scored","4","medium","2026-08-24","true","SRC-014","개인정보·보안에 대한 확인 가능한 사용자 결과","","사용자 선택·해제 범위를 제공","","과도한 보호 보장·자동 동의·추적 확대를 피해야 함","외형이나 문구를 복제하지 않고 사용자 결과와 안전 원칙만 재설계"
"SVC-014","B","FIELD-013","계정·권한·삭제","not_applicable","","low","2026-08-24","true","SRC-014","적용 제외","","","","","외형이나 문구를 복제하지 않고 사용자 결과와 안전 원칙만 재설계"
"SVC-014","B","FIELD-014","가격·결제·취소·환불","not_applicable","","low","2026-08-24","true","SRC-014","적용 제외","","","","","외형이나 문구를 복제하지 않고 사용자 결과와 안전 원칙만 재설계"
"SVC-014","B","FIELD-015","고객지원·장애 대응","not_applicable","","low","2026-08-24","true","SRC-014","적용 제외","","","","","외형이나 문구를 복제하지 않고 사용자 결과와 안전 원칙만 재설계"
"SVC-014","B","FIELD-016","장기 사용과 유지","not_applicable","","low","2026-08-24","true","SRC-014","적용 제외","","","","","외형이나 문구를 복제하지 않고 사용자 결과와 안전 원칙만 재설계"
"SVC-014","B","FIELD-017","팀·관리자·운영","not_applicable","","low","2026-08-24","true","SRC-014","적용 제외","","","","","외형이나 문구를 복제하지 않고 사용자 결과와 안전 원칙만 재설계"
"SVC-014","B","FIELD-018","차별화 요소","not_applicable","","low","2026-08-24","true","SRC-014","적용 제외","","","","","외형이나 문구를 복제하지 않고 사용자 결과와 안전 원칙만 재설계"
"SVC-014","B","FIELD-019","사용자 신뢰","scored","4","medium","2026-08-24","true","SRC-014","사용자 신뢰에 대한 확인 가능한 사용자 결과","","사용자 선택·해제 범위를 제공","","과도한 보호 보장·자동 동의·추적 확대를 피해야 함","외형이나 문구를 복제하지 않고 사용자 결과와 안전 원칙만 재설계"
"SVC-014","B","FIELD-020","도입하면 안 되는 부작용","scored","3","medium","2026-08-24","true","SRC-014","도입하면 안 되는 부작용에 대한 확인 가능한 사용자 결과","","사용자 선택·해제 범위를 제공","","과도한 보호 보장·자동 동의·추적 확대를 피해야 함","외형이나 문구를 복제하지 않고 사용자 결과와 안전 원칙만 재설계"
"SVC-014","B","FIELD-021","프로토콜 투명성","scored","3","medium","2026-08-24","true","SRC-014","프로토콜 투명성에 대한 확인 가능한 사용자 결과","","사용자 선택·해제 범위를 제공","","과도한 보호 보장·자동 동의·추적 확대를 피해야 함","외형이나 문구를 복제하지 않고 사용자 결과와 안전 원칙만 재설계"
"SVC-014","B","FIELD-022","킬 스위치·항상 연결","not_applicable","","low","2026-08-24","true","SRC-014","적용 제외","","","","","외형이나 문구를 복제하지 않고 사용자 결과와 안전 원칙만 재설계"
"SVC-014","B","FIELD-023","DNS·IPv6·누출 확인","not_applicable","","low","2026-08-24","true","SRC-014","적용 제외","","","","","외형이나 문구를 복제하지 않고 사용자 결과와 안전 원칙만 재설계"
"SVC-014","B","FIELD-024","검열 환경 복구","scored","3","medium","2026-08-24","true","SRC-014","검열 환경 복구에 대한 확인 가능한 사용자 결과","복구 또는 대체 경로가 공개됨","사용자 선택·해제 범위를 제공","","과도한 보호 보장·자동 동의·추적 확대를 피해야 함","외형이나 문구를 복제하지 않고 사용자 결과와 안전 원칙만 재설계"
"SVC-014","B","FIELD-025","서버 상태·혼잡·대체","not_applicable","","low","2026-08-24","true","SRC-014","적용 제외","","","","","외형이나 문구를 복제하지 않고 사용자 결과와 안전 원칙만 재설계"
"SVC-014","B","FIELD-026","기기·프로필 발급·폐기","not_applicable","","low","2026-08-24","true","SRC-014","적용 제외","","","","","외형이나 문구를 복제하지 않고 사용자 결과와 안전 원칙만 재설계"
"SVC-014","B","FIELD-027","무료 데이터·사용량 권리","not_applicable","","low","2026-08-24","true","SRC-014","적용 제외","","","","","외형이나 문구를 복제하지 않고 사용자 결과와 안전 원칙만 재설계"
"SVC-014","B","FIELD-028","관할·국가 지원 범위","scored","3","medium","2026-08-24","true","SRC-014","관할·국가 지원 범위에 대한 확인 가능한 사용자 결과","","사용자 선택·해제 범위를 제공","","과도한 보호 보장·자동 동의·추적 확대를 피해야 함","외형이나 문구를 복제하지 않고 사용자 결과와 안전 원칙만 재설계"
"SVC-015","B","FIELD-001","시작과 첫 가치","not_applicable","","low","2026-08-24","true","SRC-015","적용 제외","","","","","외형이나 문구를 복제하지 않고 사용자 결과와 안전 원칙만 재설계"
"SVC-015","B","FIELD-002","핵심 과업 완성도","not_applicable","","low","2026-08-24","true","SRC-015","적용 제외","","","","","외형이나 문구를 복제하지 않고 사용자 결과와 안전 원칙만 재설계"
"SVC-015","B","FIELD-003","개인화","not_applicable","","low","2026-08-24","true","SRC-015","적용 제외","","","","","외형이나 문구를 복제하지 않고 사용자 결과와 안전 원칙만 재설계"
"SVC-015","B","FIELD-004","결과 이해와 설명","scored","3","medium","2026-08-24","true","SRC-015","결과 이해와 설명에 대한 확인 가능한 사용자 결과","","사용자 선택·해제 범위를 제공","","과도한 보호 보장·자동 동의·추적 확대를 피해야 함","외형이나 문구를 복제하지 않고 사용자 결과와 안전 원칙만 재설계"
"SVC-015","B","FIELD-005","오류·실패 복구","scored","3","medium","2026-08-24","true","SRC-015","오류·실패 복구에 대한 확인 가능한 사용자 결과","복구 또는 대체 경로가 공개됨","사용자 선택·해제 범위를 제공","","과도한 보호 보장·자동 동의·추적 확대를 피해야 함","외형이나 문구를 복제하지 않고 사용자 결과와 안전 원칙만 재설계"
"SVC-015","B","FIELD-006","저장·내보내기·공유","scored","3","medium","2026-08-24","true","SRC-015","저장·내보내기·공유에 대한 확인 가능한 사용자 결과","","사용자 선택·해제 범위를 제공","","과도한 보호 보장·자동 동의·추적 확대를 피해야 함","외형이나 문구를 복제하지 않고 사용자 결과와 안전 원칙만 재설계"
"SVC-015","B","FIELD-007","모바일 경험","scored","3","medium","2026-08-24","true","SRC-015","모바일 경험에 대한 확인 가능한 사용자 결과","","사용자 선택·해제 범위를 제공","플랫폼별 지원 범위가 다름","과도한 보호 보장·자동 동의·추적 확대를 피해야 함","외형이나 문구를 복제하지 않고 사용자 결과와 안전 원칙만 재설계"
"SVC-015","B","FIELD-008","PC 경험","scored","3","medium","2026-08-24","true","SRC-015","PC 경험에 대한 확인 가능한 사용자 결과","","사용자 선택·해제 범위를 제공","플랫폼별 지원 범위가 다름","과도한 보호 보장·자동 동의·추적 확대를 피해야 함","외형이나 문구를 복제하지 않고 사용자 결과와 안전 원칙만 재설계"
"SVC-015","B","FIELD-009","플랫폼 간 연속성","scored","3","medium","2026-08-24","true","SRC-015","플랫폼 간 연속성에 대한 확인 가능한 사용자 결과","","사용자 선택·해제 범위를 제공","플랫폼별 지원 범위가 다름","과도한 보호 보장·자동 동의·추적 확대를 피해야 함","외형이나 문구를 복제하지 않고 사용자 결과와 안전 원칙만 재설계"
"SVC-015","B","FIELD-010","접근성","not_applicable","","low","2026-08-24","true","SRC-015","적용 제외","","","","","외형이나 문구를 복제하지 않고 사용자 결과와 안전 원칙만 재설계"
"SVC-015","B","FIELD-011","성능과 안정성","not_applicable","","low","2026-08-24","true","SRC-015","적용 제외","","","","","외형이나 문구를 복제하지 않고 사용자 결과와 안전 원칙만 재설계"
"SVC-015","B","FIELD-012","개인정보·보안","scored","4","medium","2026-08-24","true","SRC-015","개인정보·보안에 대한 확인 가능한 사용자 결과","","사용자 선택·해제 범위를 제공","","과도한 보호 보장·자동 동의·추적 확대를 피해야 함","외형이나 문구를 복제하지 않고 사용자 결과와 안전 원칙만 재설계"
"SVC-015","B","FIELD-013","계정·권한·삭제","scored","3","medium","2026-08-24","true","SRC-015","계정·권한·삭제에 대한 확인 가능한 사용자 결과","","사용자 선택·해제 범위를 제공","","과도한 보호 보장·자동 동의·추적 확대를 피해야 함","외형이나 문구를 복제하지 않고 사용자 결과와 안전 원칙만 재설계"
"SVC-015","B","FIELD-014","가격·결제·취소·환불","not_applicable","","low","2026-08-24","true","SRC-015","적용 제외","","","","","외형이나 문구를 복제하지 않고 사용자 결과와 안전 원칙만 재설계"
"SVC-015","B","FIELD-015","고객지원·장애 대응","not_applicable","","low","2026-08-24","true","SRC-015","적용 제외","","","","","외형이나 문구를 복제하지 않고 사용자 결과와 안전 원칙만 재설계"
"SVC-015","B","FIELD-016","장기 사용과 유지","not_applicable","","low","2026-08-24","true","SRC-015","적용 제외","","","","","외형이나 문구를 복제하지 않고 사용자 결과와 안전 원칙만 재설계"
"SVC-015","B","FIELD-017","팀·관리자·운영","not_applicable","","low","2026-08-24","true","SRC-015","적용 제외","","","","","외형이나 문구를 복제하지 않고 사용자 결과와 안전 원칙만 재설계"
"SVC-015","B","FIELD-018","차별화 요소","not_applicable","","low","2026-08-24","true","SRC-015","적용 제외","","","","","외형이나 문구를 복제하지 않고 사용자 결과와 안전 원칙만 재설계"
"SVC-015","B","FIELD-019","사용자 신뢰","scored","4","medium","2026-08-24","true","SRC-015","사용자 신뢰에 대한 확인 가능한 사용자 결과","","사용자 선택·해제 범위를 제공","","과도한 보호 보장·자동 동의·추적 확대를 피해야 함","외형이나 문구를 복제하지 않고 사용자 결과와 안전 원칙만 재설계"
"SVC-015","B","FIELD-020","도입하면 안 되는 부작용","not_applicable","","low","2026-08-24","true","SRC-015","적용 제외","","","","","외형이나 문구를 복제하지 않고 사용자 결과와 안전 원칙만 재설계"
"SVC-015","B","FIELD-021","프로토콜 투명성","not_applicable","","low","2026-08-24","true","SRC-015","적용 제외","","","","","외형이나 문구를 복제하지 않고 사용자 결과와 안전 원칙만 재설계"
"SVC-015","B","FIELD-022","킬 스위치·항상 연결","not_applicable","","low","2026-08-24","true","SRC-015","적용 제외","","","","","외형이나 문구를 복제하지 않고 사용자 결과와 안전 원칙만 재설계"
"SVC-015","B","FIELD-023","DNS·IPv6·누출 확인","not_applicable","","low","2026-08-24","true","SRC-015","적용 제외","","","","","외형이나 문구를 복제하지 않고 사용자 결과와 안전 원칙만 재설계"
"SVC-015","B","FIELD-024","검열 환경 복구","not_applicable","","low","2026-08-24","true","SRC-015","적용 제외","","","","","외형이나 문구를 복제하지 않고 사용자 결과와 안전 원칙만 재설계"
"SVC-015","B","FIELD-025","서버 상태·혼잡·대체","not_applicable","","low","2026-08-24","true","SRC-015","적용 제외","","","","","외형이나 문구를 복제하지 않고 사용자 결과와 안전 원칙만 재설계"
"SVC-015","B","FIELD-026","기기·프로필 발급·폐기","scored","3","medium","2026-08-24","true","SRC-015","기기·프로필 발급·폐기에 대한 확인 가능한 사용자 결과","","사용자 선택·해제 범위를 제공","","과도한 보호 보장·자동 동의·추적 확대를 피해야 함","외형이나 문구를 복제하지 않고 사용자 결과와 안전 원칙만 재설계"
"SVC-015","B","FIELD-027","무료 데이터·사용량 권리","not_applicable","","low","2026-08-24","true","SRC-015","적용 제외","","","","","외형이나 문구를 복제하지 않고 사용자 결과와 안전 원칙만 재설계"
"SVC-015","B","FIELD-028","관할·국가 지원 범위","not_applicable","","low","2026-08-24","true","SRC-015","적용 제외","","","","","외형이나 문구를 복제하지 않고 사용자 결과와 안전 원칙만 재설계"
"SVC-016","B","FIELD-001","시작과 첫 가치","not_applicable","","low","2026-08-24","true","SRC-016","적용 제외","","","","","외형이나 문구를 복제하지 않고 사용자 결과와 안전 원칙만 재설계"
"SVC-016","B","FIELD-002","핵심 과업 완성도","not_applicable","","low","2026-08-24","true","SRC-016","적용 제외","","","","","외형이나 문구를 복제하지 않고 사용자 결과와 안전 원칙만 재설계"
"SVC-016","B","FIELD-003","개인화","not_applicable","","low","2026-08-24","true","SRC-016","적용 제외","","","","","외형이나 문구를 복제하지 않고 사용자 결과와 안전 원칙만 재설계"
"SVC-016","B","FIELD-004","결과 이해와 설명","scored","3","medium","2026-08-24","true","SRC-016","결과 이해와 설명에 대한 확인 가능한 사용자 결과","","사용자 선택·해제 범위를 제공","","과도한 보호 보장·자동 동의·추적 확대를 피해야 함","외형이나 문구를 복제하지 않고 사용자 결과와 안전 원칙만 재설계"
"SVC-016","B","FIELD-005","오류·실패 복구","scored","3","medium","2026-08-24","true","SRC-016","오류·실패 복구에 대한 확인 가능한 사용자 결과","복구 또는 대체 경로가 공개됨","사용자 선택·해제 범위를 제공","","과도한 보호 보장·자동 동의·추적 확대를 피해야 함","외형이나 문구를 복제하지 않고 사용자 결과와 안전 원칙만 재설계"
"SVC-016","B","FIELD-006","저장·내보내기·공유","not_applicable","","low","2026-08-24","true","SRC-016","적용 제외","","","","","외형이나 문구를 복제하지 않고 사용자 결과와 안전 원칙만 재설계"
"SVC-016","B","FIELD-007","모바일 경험","not_applicable","","low","2026-08-24","true","SRC-016","적용 제외","","","플랫폼별 지원 범위가 다름","","외형이나 문구를 복제하지 않고 사용자 결과와 안전 원칙만 재설계"
"SVC-016","B","FIELD-008","PC 경험","not_applicable","","low","2026-08-24","true","SRC-016","적용 제외","","","플랫폼별 지원 범위가 다름","","외형이나 문구를 복제하지 않고 사용자 결과와 안전 원칙만 재설계"
"SVC-016","B","FIELD-009","플랫폼 간 연속성","not_applicable","","low","2026-08-24","true","SRC-016","적용 제외","","","플랫폼별 지원 범위가 다름","","외형이나 문구를 복제하지 않고 사용자 결과와 안전 원칙만 재설계"
"SVC-016","B","FIELD-010","접근성","not_applicable","","low","2026-08-24","true","SRC-016","적용 제외","","","","","외형이나 문구를 복제하지 않고 사용자 결과와 안전 원칙만 재설계"
"SVC-016","B","FIELD-011","성능과 안정성","not_applicable","","low","2026-08-24","true","SRC-016","적용 제외","","","","","외형이나 문구를 복제하지 않고 사용자 결과와 안전 원칙만 재설계"
"SVC-016","B","FIELD-012","개인정보·보안","not_applicable","","low","2026-08-24","true","SRC-016","적용 제외","","","","","외형이나 문구를 복제하지 않고 사용자 결과와 안전 원칙만 재설계"
"SVC-016","B","FIELD-013","계정·권한·삭제","not_applicable","","low","2026-08-24","true","SRC-016","적용 제외","","","","","외형이나 문구를 복제하지 않고 사용자 결과와 안전 원칙만 재설계"
"SVC-016","B","FIELD-014","가격·결제·취소·환불","not_applicable","","low","2026-08-24","true","SRC-016","적용 제외","","","","","외형이나 문구를 복제하지 않고 사용자 결과와 안전 원칙만 재설계"
"SVC-016","B","FIELD-015","고객지원·장애 대응","scored","3","medium","2026-08-24","true","SRC-016","고객지원·장애 대응에 대한 확인 가능한 사용자 결과","복구 또는 대체 경로가 공개됨","사용자 선택·해제 범위를 제공","","과도한 보호 보장·자동 동의·추적 확대를 피해야 함","외형이나 문구를 복제하지 않고 사용자 결과와 안전 원칙만 재설계"
"SVC-016","B","FIELD-016","장기 사용과 유지","scored","3","medium","2026-08-24","true","SRC-016","장기 사용과 유지에 대한 확인 가능한 사용자 결과","","사용자 선택·해제 범위를 제공","","과도한 보호 보장·자동 동의·추적 확대를 피해야 함","외형이나 문구를 복제하지 않고 사용자 결과와 안전 원칙만 재설계"
"SVC-016","B","FIELD-017","팀·관리자·운영","scored","3","medium","2026-08-24","true","SRC-016","팀·관리자·운영에 대한 확인 가능한 사용자 결과","","사용자 선택·해제 범위를 제공","","과도한 보호 보장·자동 동의·추적 확대를 피해야 함","외형이나 문구를 복제하지 않고 사용자 결과와 안전 원칙만 재설계"
"SVC-016","B","FIELD-018","차별화 요소","not_applicable","","low","2026-08-24","true","SRC-016","적용 제외","","","","","외형이나 문구를 복제하지 않고 사용자 결과와 안전 원칙만 재설계"
"SVC-016","B","FIELD-019","사용자 신뢰","scored","4","medium","2026-08-24","true","SRC-016","사용자 신뢰에 대한 확인 가능한 사용자 결과","","사용자 선택·해제 범위를 제공","","과도한 보호 보장·자동 동의·추적 확대를 피해야 함","외형이나 문구를 복제하지 않고 사용자 결과와 안전 원칙만 재설계"
"SVC-016","B","FIELD-020","도입하면 안 되는 부작용","not_applicable","","low","2026-08-24","true","SRC-016","적용 제외","","","","","외형이나 문구를 복제하지 않고 사용자 결과와 안전 원칙만 재설계"
"SVC-016","B","FIELD-021","프로토콜 투명성","not_applicable","","low","2026-08-24","true","SRC-016","적용 제외","","","","","외형이나 문구를 복제하지 않고 사용자 결과와 안전 원칙만 재설계"
"SVC-016","B","FIELD-022","킬 스위치·항상 연결","not_applicable","","low","2026-08-24","true","SRC-016","적용 제외","","","","","외형이나 문구를 복제하지 않고 사용자 결과와 안전 원칙만 재설계"
"SVC-016","B","FIELD-023","DNS·IPv6·누출 확인","not_applicable","","low","2026-08-24","true","SRC-016","적용 제외","","","","","외형이나 문구를 복제하지 않고 사용자 결과와 안전 원칙만 재설계"
"SVC-016","B","FIELD-024","검열 환경 복구","not_applicable","","low","2026-08-24","true","SRC-016","적용 제외","","","","","외형이나 문구를 복제하지 않고 사용자 결과와 안전 원칙만 재설계"
"SVC-016","B","FIELD-025","서버 상태·혼잡·대체","scored","3","medium","2026-08-24","true","SRC-016","서버 상태·혼잡·대체에 대한 확인 가능한 사용자 결과","복구 또는 대체 경로가 공개됨","사용자 선택·해제 범위를 제공","","과도한 보호 보장·자동 동의·추적 확대를 피해야 함","외형이나 문구를 복제하지 않고 사용자 결과와 안전 원칙만 재설계"
"SVC-016","B","FIELD-026","기기·프로필 발급·폐기","not_applicable","","low","2026-08-24","true","SRC-016","적용 제외","","","","","외형이나 문구를 복제하지 않고 사용자 결과와 안전 원칙만 재설계"
"SVC-016","B","FIELD-027","무료 데이터·사용량 권리","not_applicable","","low","2026-08-24","true","SRC-016","적용 제외","","","","","외형이나 문구를 복제하지 않고 사용자 결과와 안전 원칙만 재설계"
"SVC-016","B","FIELD-028","관할·국가 지원 범위","not_applicable","","low","2026-08-24","true","SRC-016","적용 제외","","","","","외형이나 문구를 복제하지 않고 사용자 결과와 안전 원칙만 재설계"
"SVC-017","B","FIELD-001","시작과 첫 가치","not_applicable","","low","2026-08-24","true","SRC-017","적용 제외","","","","","외형이나 문구를 복제하지 않고 사용자 결과와 안전 원칙만 재설계"
"SVC-017","B","FIELD-002","핵심 과업 완성도","not_applicable","","low","2026-08-24","true","SRC-017","적용 제외","","","","","외형이나 문구를 복제하지 않고 사용자 결과와 안전 원칙만 재설계"
"SVC-017","B","FIELD-003","개인화","not_applicable","","low","2026-08-24","true","SRC-017","적용 제외","","","","","외형이나 문구를 복제하지 않고 사용자 결과와 안전 원칙만 재설계"
"SVC-017","B","FIELD-004","결과 이해와 설명","not_applicable","","low","2026-08-24","true","SRC-017","적용 제외","","","","","외형이나 문구를 복제하지 않고 사용자 결과와 안전 원칙만 재설계"
"SVC-017","B","FIELD-005","오류·실패 복구","scored","3","medium","2026-08-24","true","SRC-017","오류·실패 복구에 대한 확인 가능한 사용자 결과","복구 또는 대체 경로가 공개됨","사용자 선택·해제 범위를 제공","","과도한 보호 보장·자동 동의·추적 확대를 피해야 함","외형이나 문구를 복제하지 않고 사용자 결과와 안전 원칙만 재설계"
"SVC-017","B","FIELD-006","저장·내보내기·공유","not_applicable","","low","2026-08-24","true","SRC-017","적용 제외","","","","","외형이나 문구를 복제하지 않고 사용자 결과와 안전 원칙만 재설계"
"SVC-017","B","FIELD-007","모바일 경험","not_applicable","","low","2026-08-24","true","SRC-017","적용 제외","","","플랫폼별 지원 범위가 다름","","외형이나 문구를 복제하지 않고 사용자 결과와 안전 원칙만 재설계"
"SVC-017","B","FIELD-008","PC 경험","not_applicable","","low","2026-08-24","true","SRC-017","적용 제외","","","플랫폼별 지원 범위가 다름","","외형이나 문구를 복제하지 않고 사용자 결과와 안전 원칙만 재설계"
"SVC-017","B","FIELD-009","플랫폼 간 연속성","not_applicable","","low","2026-08-24","true","SRC-017","적용 제외","","","플랫폼별 지원 범위가 다름","","외형이나 문구를 복제하지 않고 사용자 결과와 안전 원칙만 재설계"
"SVC-017","B","FIELD-010","접근성","not_applicable","","low","2026-08-24","true","SRC-017","적용 제외","","","","","외형이나 문구를 복제하지 않고 사용자 결과와 안전 원칙만 재설계"
"SVC-017","B","FIELD-011","성능과 안정성","not_applicable","","low","2026-08-24","true","SRC-017","적용 제외","","","","","외형이나 문구를 복제하지 않고 사용자 결과와 안전 원칙만 재설계"
"SVC-017","B","FIELD-012","개인정보·보안","not_applicable","","low","2026-08-24","true","SRC-017","적용 제외","","","","","외형이나 문구를 복제하지 않고 사용자 결과와 안전 원칙만 재설계"
"SVC-017","B","FIELD-013","계정·권한·삭제","scored","3","medium","2026-08-24","true","SRC-017","계정·권한·삭제에 대한 확인 가능한 사용자 결과","","사용자 선택·해제 범위를 제공","","과도한 보호 보장·자동 동의·추적 확대를 피해야 함","외형이나 문구를 복제하지 않고 사용자 결과와 안전 원칙만 재설계"
"SVC-017","B","FIELD-014","가격·결제·취소·환불","scored","3","medium","2026-08-24","true","SRC-017","가격·결제·취소·환불에 대한 확인 가능한 사용자 결과","","사용자 선택·해제 범위를 제공","","과도한 보호 보장·자동 동의·추적 확대를 피해야 함","외형이나 문구를 복제하지 않고 사용자 결과와 안전 원칙만 재설계"
"SVC-017","B","FIELD-015","고객지원·장애 대응","not_applicable","","low","2026-08-24","true","SRC-017","적용 제외","","","","","외형이나 문구를 복제하지 않고 사용자 결과와 안전 원칙만 재설계"
"SVC-017","B","FIELD-016","장기 사용과 유지","scored","3","medium","2026-08-24","true","SRC-017","장기 사용과 유지에 대한 확인 가능한 사용자 결과","","사용자 선택·해제 범위를 제공","","과도한 보호 보장·자동 동의·추적 확대를 피해야 함","외형이나 문구를 복제하지 않고 사용자 결과와 안전 원칙만 재설계"
"SVC-017","B","FIELD-017","팀·관리자·운영","scored","3","medium","2026-08-24","true","SRC-017","팀·관리자·운영에 대한 확인 가능한 사용자 결과","","사용자 선택·해제 범위를 제공","","과도한 보호 보장·자동 동의·추적 확대를 피해야 함","외형이나 문구를 복제하지 않고 사용자 결과와 안전 원칙만 재설계"
"SVC-017","B","FIELD-018","차별화 요소","not_applicable","","low","2026-08-24","true","SRC-017","적용 제외","","","","","외형이나 문구를 복제하지 않고 사용자 결과와 안전 원칙만 재설계"
"SVC-017","B","FIELD-019","사용자 신뢰","scored","4","medium","2026-08-24","true","SRC-017","사용자 신뢰에 대한 확인 가능한 사용자 결과","","사용자 선택·해제 범위를 제공","","과도한 보호 보장·자동 동의·추적 확대를 피해야 함","외형이나 문구를 복제하지 않고 사용자 결과와 안전 원칙만 재설계"
"SVC-017","B","FIELD-020","도입하면 안 되는 부작용","not_applicable","","low","2026-08-24","true","SRC-017","적용 제외","","","","","외형이나 문구를 복제하지 않고 사용자 결과와 안전 원칙만 재설계"
"SVC-017","B","FIELD-021","프로토콜 투명성","not_applicable","","low","2026-08-24","true","SRC-017","적용 제외","","","","","외형이나 문구를 복제하지 않고 사용자 결과와 안전 원칙만 재설계"
"SVC-017","B","FIELD-022","킬 스위치·항상 연결","not_applicable","","low","2026-08-24","true","SRC-017","적용 제외","","","","","외형이나 문구를 복제하지 않고 사용자 결과와 안전 원칙만 재설계"
"SVC-017","B","FIELD-023","DNS·IPv6·누출 확인","not_applicable","","low","2026-08-24","true","SRC-017","적용 제외","","","","","외형이나 문구를 복제하지 않고 사용자 결과와 안전 원칙만 재설계"
"SVC-017","B","FIELD-024","검열 환경 복구","not_applicable","","low","2026-08-24","true","SRC-017","적용 제외","","","","","외형이나 문구를 복제하지 않고 사용자 결과와 안전 원칙만 재설계"
"SVC-017","B","FIELD-025","서버 상태·혼잡·대체","not_applicable","","low","2026-08-24","true","SRC-017","적용 제외","","","","","외형이나 문구를 복제하지 않고 사용자 결과와 안전 원칙만 재설계"
"SVC-017","B","FIELD-026","기기·프로필 발급·폐기","not_applicable","","low","2026-08-24","true","SRC-017","적용 제외","","","","","외형이나 문구를 복제하지 않고 사용자 결과와 안전 원칙만 재설계"
"SVC-017","B","FIELD-027","무료 데이터·사용량 권리","not_applicable","","low","2026-08-24","true","SRC-017","적용 제외","","","","","외형이나 문구를 복제하지 않고 사용자 결과와 안전 원칙만 재설계"
"SVC-017","B","FIELD-028","관할·국가 지원 범위","not_applicable","","low","2026-08-24","true","SRC-017","적용 제외","","","","","외형이나 문구를 복제하지 않고 사용자 결과와 안전 원칙만 재설계"
"SVC-018","B","FIELD-001","시작과 첫 가치","not_applicable","","low","2026-08-24","true","SRC-018","적용 제외","","","","","외형이나 문구를 복제하지 않고 사용자 결과와 안전 원칙만 재설계"
"SVC-018","B","FIELD-002","핵심 과업 완성도","not_applicable","","low","2026-08-24","true","SRC-018","적용 제외","","","","","외형이나 문구를 복제하지 않고 사용자 결과와 안전 원칙만 재설계"
"SVC-018","B","FIELD-003","개인화","not_applicable","","low","2026-08-24","true","SRC-018","적용 제외","","","","","외형이나 문구를 복제하지 않고 사용자 결과와 안전 원칙만 재설계"
"SVC-018","B","FIELD-004","결과 이해와 설명","not_applicable","","low","2026-08-24","true","SRC-018","적용 제외","","","","","외형이나 문구를 복제하지 않고 사용자 결과와 안전 원칙만 재설계"
"SVC-018","B","FIELD-005","오류·실패 복구","scored","3","medium","2026-08-24","true","SRC-018","오류·실패 복구에 대한 확인 가능한 사용자 결과","복구 또는 대체 경로가 공개됨","사용자 선택·해제 범위를 제공","","과도한 보호 보장·자동 동의·추적 확대를 피해야 함","외형이나 문구를 복제하지 않고 사용자 결과와 안전 원칙만 재설계"
"SVC-018","B","FIELD-006","저장·내보내기·공유","not_applicable","","low","2026-08-24","true","SRC-018","적용 제외","","","","","외형이나 문구를 복제하지 않고 사용자 결과와 안전 원칙만 재설계"
"SVC-018","B","FIELD-007","모바일 경험","scored","3","medium","2026-08-24","true","SRC-018","모바일 경험에 대한 확인 가능한 사용자 결과","","사용자 선택·해제 범위를 제공","플랫폼별 지원 범위가 다름","과도한 보호 보장·자동 동의·추적 확대를 피해야 함","외형이나 문구를 복제하지 않고 사용자 결과와 안전 원칙만 재설계"
"SVC-018","B","FIELD-008","PC 경험","not_applicable","","low","2026-08-24","true","SRC-018","적용 제외","","","플랫폼별 지원 범위가 다름","","외형이나 문구를 복제하지 않고 사용자 결과와 안전 원칙만 재설계"
"SVC-018","B","FIELD-009","플랫폼 간 연속성","not_applicable","","low","2026-08-24","true","SRC-018","적용 제외","","","플랫폼별 지원 범위가 다름","","외형이나 문구를 복제하지 않고 사용자 결과와 안전 원칙만 재설계"
"SVC-018","B","FIELD-010","접근성","not_applicable","","low","2026-08-24","true","SRC-018","적용 제외","","","","","외형이나 문구를 복제하지 않고 사용자 결과와 안전 원칙만 재설계"
"SVC-018","B","FIELD-011","성능과 안정성","not_applicable","","low","2026-08-24","true","SRC-018","적용 제외","","","","","외형이나 문구를 복제하지 않고 사용자 결과와 안전 원칙만 재설계"
"SVC-018","B","FIELD-012","개인정보·보안","not_applicable","","low","2026-08-24","true","SRC-018","적용 제외","","","","","외형이나 문구를 복제하지 않고 사용자 결과와 안전 원칙만 재설계"
"SVC-018","B","FIELD-013","계정·권한·삭제","scored","3","medium","2026-08-24","true","SRC-018","계정·권한·삭제에 대한 확인 가능한 사용자 결과","","사용자 선택·해제 범위를 제공","","과도한 보호 보장·자동 동의·추적 확대를 피해야 함","외형이나 문구를 복제하지 않고 사용자 결과와 안전 원칙만 재설계"
"SVC-018","B","FIELD-014","가격·결제·취소·환불","scored","3","medium","2026-08-24","true","SRC-018","가격·결제·취소·환불에 대한 확인 가능한 사용자 결과","","사용자 선택·해제 범위를 제공","","과도한 보호 보장·자동 동의·추적 확대를 피해야 함","외형이나 문구를 복제하지 않고 사용자 결과와 안전 원칙만 재설계"
"SVC-018","B","FIELD-015","고객지원·장애 대응","not_applicable","","low","2026-08-24","true","SRC-018","적용 제외","","","","","외형이나 문구를 복제하지 않고 사용자 결과와 안전 원칙만 재설계"
"SVC-018","B","FIELD-016","장기 사용과 유지","scored","3","medium","2026-08-24","true","SRC-018","장기 사용과 유지에 대한 확인 가능한 사용자 결과","","사용자 선택·해제 범위를 제공","","과도한 보호 보장·자동 동의·추적 확대를 피해야 함","외형이나 문구를 복제하지 않고 사용자 결과와 안전 원칙만 재설계"
"SVC-018","B","FIELD-017","팀·관리자·운영","not_applicable","","low","2026-08-24","true","SRC-018","적용 제외","","","","","외형이나 문구를 복제하지 않고 사용자 결과와 안전 원칙만 재설계"
"SVC-018","B","FIELD-018","차별화 요소","not_applicable","","low","2026-08-24","true","SRC-018","적용 제외","","","","","외형이나 문구를 복제하지 않고 사용자 결과와 안전 원칙만 재설계"
"SVC-018","B","FIELD-019","사용자 신뢰","scored","4","medium","2026-08-24","true","SRC-018","사용자 신뢰에 대한 확인 가능한 사용자 결과","","사용자 선택·해제 범위를 제공","","과도한 보호 보장·자동 동의·추적 확대를 피해야 함","외형이나 문구를 복제하지 않고 사용자 결과와 안전 원칙만 재설계"
"SVC-018","B","FIELD-020","도입하면 안 되는 부작용","not_applicable","","low","2026-08-24","true","SRC-018","적용 제외","","","","","외형이나 문구를 복제하지 않고 사용자 결과와 안전 원칙만 재설계"
"SVC-018","B","FIELD-021","프로토콜 투명성","not_applicable","","low","2026-08-24","true","SRC-018","적용 제외","","","","","외형이나 문구를 복제하지 않고 사용자 결과와 안전 원칙만 재설계"
"SVC-018","B","FIELD-022","킬 스위치·항상 연결","not_applicable","","low","2026-08-24","true","SRC-018","적용 제외","","","","","외형이나 문구를 복제하지 않고 사용자 결과와 안전 원칙만 재설계"
"SVC-018","B","FIELD-023","DNS·IPv6·누출 확인","not_applicable","","low","2026-08-24","true","SRC-018","적용 제외","","","","","외형이나 문구를 복제하지 않고 사용자 결과와 안전 원칙만 재설계"
"SVC-018","B","FIELD-024","검열 환경 복구","not_applicable","","low","2026-08-24","true","SRC-018","적용 제외","","","","","외형이나 문구를 복제하지 않고 사용자 결과와 안전 원칙만 재설계"
"SVC-018","B","FIELD-025","서버 상태·혼잡·대체","not_applicable","","low","2026-08-24","true","SRC-018","적용 제외","","","","","외형이나 문구를 복제하지 않고 사용자 결과와 안전 원칙만 재설계"
"SVC-018","B","FIELD-026","기기·프로필 발급·폐기","not_applicable","","low","2026-08-24","true","SRC-018","적용 제외","","","","","외형이나 문구를 복제하지 않고 사용자 결과와 안전 원칙만 재설계"
"SVC-018","B","FIELD-027","무료 데이터·사용량 권리","not_applicable","","low","2026-08-24","true","SRC-018","적용 제외","","","","","외형이나 문구를 복제하지 않고 사용자 결과와 안전 원칙만 재설계"
"SVC-018","B","FIELD-028","관할·국가 지원 범위","not_applicable","","low","2026-08-24","true","SRC-018","적용 제외","","","","","외형이나 문구를 복제하지 않고 사용자 결과와 안전 원칙만 재설계"
"SVC-019","B","FIELD-001","시작과 첫 가치","not_applicable","","low","2026-08-24","true","SRC-019","적용 제외","","","","","외형이나 문구를 복제하지 않고 사용자 결과와 안전 원칙만 재설계"
"SVC-019","B","FIELD-002","핵심 과업 완성도","not_applicable","","low","2026-08-24","true","SRC-019","적용 제외","","","","","외형이나 문구를 복제하지 않고 사용자 결과와 안전 원칙만 재설계"
"SVC-019","B","FIELD-003","개인화","not_applicable","","low","2026-08-24","true","SRC-019","적용 제외","","","","","외형이나 문구를 복제하지 않고 사용자 결과와 안전 원칙만 재설계"
"SVC-019","B","FIELD-004","결과 이해와 설명","not_applicable","","low","2026-08-24","true","SRC-019","적용 제외","","","","","외형이나 문구를 복제하지 않고 사용자 결과와 안전 원칙만 재설계"
"SVC-019","B","FIELD-005","오류·실패 복구","not_applicable","","low","2026-08-24","true","SRC-019","적용 제외","","","","","외형이나 문구를 복제하지 않고 사용자 결과와 안전 원칙만 재설계"
"SVC-019","B","FIELD-006","저장·내보내기·공유","not_applicable","","low","2026-08-24","true","SRC-019","적용 제외","","","","","외형이나 문구를 복제하지 않고 사용자 결과와 안전 원칙만 재설계"
"SVC-019","B","FIELD-007","모바일 경험","scored","3","medium","2026-08-24","true","SRC-019","모바일 경험에 대한 확인 가능한 사용자 결과","","사용자 선택·해제 범위를 제공","플랫폼별 지원 범위가 다름","과도한 보호 보장·자동 동의·추적 확대를 피해야 함","외형이나 문구를 복제하지 않고 사용자 결과와 안전 원칙만 재설계"
"SVC-019","B","FIELD-008","PC 경험","scored","3","medium","2026-08-24","true","SRC-019","PC 경험에 대한 확인 가능한 사용자 결과","","사용자 선택·해제 범위를 제공","플랫폼별 지원 범위가 다름","과도한 보호 보장·자동 동의·추적 확대를 피해야 함","외형이나 문구를 복제하지 않고 사용자 결과와 안전 원칙만 재설계"
"SVC-019","B","FIELD-009","플랫폼 간 연속성","not_applicable","","low","2026-08-24","true","SRC-019","적용 제외","","","플랫폼별 지원 범위가 다름","","외형이나 문구를 복제하지 않고 사용자 결과와 안전 원칙만 재설계"
"SVC-019","B","FIELD-010","접근성","scored","3","medium","2026-08-24","true","SRC-019","접근성에 대한 확인 가능한 사용자 결과","","사용자 선택·해제 범위를 제공","","과도한 보호 보장·자동 동의·추적 확대를 피해야 함","외형이나 문구를 복제하지 않고 사용자 결과와 안전 원칙만 재설계"
"SVC-019","B","FIELD-011","성능과 안정성","not_applicable","","low","2026-08-24","true","SRC-019","적용 제외","","","","","외형이나 문구를 복제하지 않고 사용자 결과와 안전 원칙만 재설계"
"SVC-019","B","FIELD-012","개인정보·보안","not_applicable","","low","2026-08-24","true","SRC-019","적용 제외","","","","","외형이나 문구를 복제하지 않고 사용자 결과와 안전 원칙만 재설계"
"SVC-019","B","FIELD-013","계정·권한·삭제","not_applicable","","low","2026-08-24","true","SRC-019","적용 제외","","","","","외형이나 문구를 복제하지 않고 사용자 결과와 안전 원칙만 재설계"
"SVC-019","B","FIELD-014","가격·결제·취소·환불","not_applicable","","low","2026-08-24","true","SRC-019","적용 제외","","","","","외형이나 문구를 복제하지 않고 사용자 결과와 안전 원칙만 재설계"
"SVC-019","B","FIELD-015","고객지원·장애 대응","not_applicable","","low","2026-08-24","true","SRC-019","적용 제외","","","","","외형이나 문구를 복제하지 않고 사용자 결과와 안전 원칙만 재설계"
"SVC-019","B","FIELD-016","장기 사용과 유지","not_applicable","","low","2026-08-24","true","SRC-019","적용 제외","","","","","외형이나 문구를 복제하지 않고 사용자 결과와 안전 원칙만 재설계"
"SVC-019","B","FIELD-017","팀·관리자·운영","not_applicable","","low","2026-08-24","true","SRC-019","적용 제외","","","","","외형이나 문구를 복제하지 않고 사용자 결과와 안전 원칙만 재설계"
"SVC-019","B","FIELD-018","차별화 요소","not_applicable","","low","2026-08-24","true","SRC-019","적용 제외","","","","","외형이나 문구를 복제하지 않고 사용자 결과와 안전 원칙만 재설계"
"SVC-019","B","FIELD-019","사용자 신뢰","scored","4","medium","2026-08-24","true","SRC-019","사용자 신뢰에 대한 확인 가능한 사용자 결과","","사용자 선택·해제 범위를 제공","","과도한 보호 보장·자동 동의·추적 확대를 피해야 함","외형이나 문구를 복제하지 않고 사용자 결과와 안전 원칙만 재설계"
"SVC-019","B","FIELD-020","도입하면 안 되는 부작용","not_applicable","","low","2026-08-24","true","SRC-019","적용 제외","","","","","외형이나 문구를 복제하지 않고 사용자 결과와 안전 원칙만 재설계"
"SVC-019","B","FIELD-021","프로토콜 투명성","not_applicable","","low","2026-08-24","true","SRC-019","적용 제외","","","","","외형이나 문구를 복제하지 않고 사용자 결과와 안전 원칙만 재설계"
"SVC-019","B","FIELD-022","킬 스위치·항상 연결","not_applicable","","low","2026-08-24","true","SRC-019","적용 제외","","","","","외형이나 문구를 복제하지 않고 사용자 결과와 안전 원칙만 재설계"
"SVC-019","B","FIELD-023","DNS·IPv6·누출 확인","not_applicable","","low","2026-08-24","true","SRC-019","적용 제외","","","","","외형이나 문구를 복제하지 않고 사용자 결과와 안전 원칙만 재설계"
"SVC-019","B","FIELD-024","검열 환경 복구","not_applicable","","low","2026-08-24","true","SRC-019","적용 제외","","","","","외형이나 문구를 복제하지 않고 사용자 결과와 안전 원칙만 재설계"
"SVC-019","B","FIELD-025","서버 상태·혼잡·대체","not_applicable","","low","2026-08-24","true","SRC-019","적용 제외","","","","","외형이나 문구를 복제하지 않고 사용자 결과와 안전 원칙만 재설계"
"SVC-019","B","FIELD-026","기기·프로필 발급·폐기","not_applicable","","low","2026-08-24","true","SRC-019","적용 제외","","","","","외형이나 문구를 복제하지 않고 사용자 결과와 안전 원칙만 재설계"
"SVC-019","B","FIELD-027","무료 데이터·사용량 권리","not_applicable","","low","2026-08-24","true","SRC-019","적용 제외","","","","","외형이나 문구를 복제하지 않고 사용자 결과와 안전 원칙만 재설계"
"SVC-019","B","FIELD-028","관할·국가 지원 범위","not_applicable","","low","2026-08-24","true","SRC-019","적용 제외","","","","","외형이나 문구를 복제하지 않고 사용자 결과와 안전 원칙만 재설계"
"SVC-020","B","FIELD-001","시작과 첫 가치","not_applicable","","low","2026-08-24","true","SRC-020","적용 제외","","","","","외형이나 문구를 복제하지 않고 사용자 결과와 안전 원칙만 재설계"
"SVC-020","B","FIELD-002","핵심 과업 완성도","not_applicable","","low","2026-08-24","true","SRC-020","적용 제외","","","","","외형이나 문구를 복제하지 않고 사용자 결과와 안전 원칙만 재설계"
"SVC-020","B","FIELD-003","개인화","not_applicable","","low","2026-08-24","true","SRC-020","적용 제외","","","","","외형이나 문구를 복제하지 않고 사용자 결과와 안전 원칙만 재설계"
"SVC-020","B","FIELD-004","결과 이해와 설명","not_applicable","","low","2026-08-24","true","SRC-020","적용 제외","","","","","외형이나 문구를 복제하지 않고 사용자 결과와 안전 원칙만 재설계"
"SVC-020","B","FIELD-005","오류·실패 복구","scored","3","medium","2026-08-24","true","SRC-020","오류·실패 복구에 대한 확인 가능한 사용자 결과","복구 또는 대체 경로가 공개됨","사용자 선택·해제 범위를 제공","","과도한 보호 보장·자동 동의·추적 확대를 피해야 함","외형이나 문구를 복제하지 않고 사용자 결과와 안전 원칙만 재설계"
"SVC-020","B","FIELD-006","저장·내보내기·공유","not_applicable","","low","2026-08-24","true","SRC-020","적용 제외","","","","","외형이나 문구를 복제하지 않고 사용자 결과와 안전 원칙만 재설계"
"SVC-020","B","FIELD-007","모바일 경험","not_applicable","","low","2026-08-24","true","SRC-020","적용 제외","","","플랫폼별 지원 범위가 다름","","외형이나 문구를 복제하지 않고 사용자 결과와 안전 원칙만 재설계"
"SVC-020","B","FIELD-008","PC 경험","not_applicable","","low","2026-08-24","true","SRC-020","적용 제외","","","플랫폼별 지원 범위가 다름","","외형이나 문구를 복제하지 않고 사용자 결과와 안전 원칙만 재설계"
"SVC-020","B","FIELD-009","플랫폼 간 연속성","not_applicable","","low","2026-08-24","true","SRC-020","적용 제외","","","플랫폼별 지원 범위가 다름","","외형이나 문구를 복제하지 않고 사용자 결과와 안전 원칙만 재설계"
"SVC-020","B","FIELD-010","접근성","not_applicable","","low","2026-08-24","true","SRC-020","적용 제외","","","","","외형이나 문구를 복제하지 않고 사용자 결과와 안전 원칙만 재설계"
"SVC-020","B","FIELD-011","성능과 안정성","not_applicable","","low","2026-08-24","true","SRC-020","적용 제외","","","","","외형이나 문구를 복제하지 않고 사용자 결과와 안전 원칙만 재설계"
"SVC-020","B","FIELD-012","개인정보·보안","scored","4","medium","2026-08-24","true","SRC-020","개인정보·보안에 대한 확인 가능한 사용자 결과","","사용자 선택·해제 범위를 제공","","과도한 보호 보장·자동 동의·추적 확대를 피해야 함","외형이나 문구를 복제하지 않고 사용자 결과와 안전 원칙만 재설계"
"SVC-020","B","FIELD-013","계정·권한·삭제","not_applicable","","low","2026-08-24","true","SRC-020","적용 제외","","","","","외형이나 문구를 복제하지 않고 사용자 결과와 안전 원칙만 재설계"
"SVC-020","B","FIELD-014","가격·결제·취소·환불","not_applicable","","low","2026-08-24","true","SRC-020","적용 제외","","","","","외형이나 문구를 복제하지 않고 사용자 결과와 안전 원칙만 재설계"
"SVC-020","B","FIELD-015","고객지원·장애 대응","scored","3","medium","2026-08-24","true","SRC-020","고객지원·장애 대응에 대한 확인 가능한 사용자 결과","복구 또는 대체 경로가 공개됨","사용자 선택·해제 범위를 제공","","과도한 보호 보장·자동 동의·추적 확대를 피해야 함","외형이나 문구를 복제하지 않고 사용자 결과와 안전 원칙만 재설계"
"SVC-020","B","FIELD-016","장기 사용과 유지","scored","3","medium","2026-08-24","true","SRC-020","장기 사용과 유지에 대한 확인 가능한 사용자 결과","","사용자 선택·해제 범위를 제공","","과도한 보호 보장·자동 동의·추적 확대를 피해야 함","외형이나 문구를 복제하지 않고 사용자 결과와 안전 원칙만 재설계"
"SVC-020","B","FIELD-017","팀·관리자·운영","scored","3","medium","2026-08-24","true","SRC-020","팀·관리자·운영에 대한 확인 가능한 사용자 결과","","사용자 선택·해제 범위를 제공","","과도한 보호 보장·자동 동의·추적 확대를 피해야 함","외형이나 문구를 복제하지 않고 사용자 결과와 안전 원칙만 재설계"
"SVC-020","B","FIELD-018","차별화 요소","not_applicable","","low","2026-08-24","true","SRC-020","적용 제외","","","","","외형이나 문구를 복제하지 않고 사용자 결과와 안전 원칙만 재설계"
"SVC-020","B","FIELD-019","사용자 신뢰","scored","4","medium","2026-08-24","true","SRC-020","사용자 신뢰에 대한 확인 가능한 사용자 결과","","사용자 선택·해제 범위를 제공","","과도한 보호 보장·자동 동의·추적 확대를 피해야 함","외형이나 문구를 복제하지 않고 사용자 결과와 안전 원칙만 재설계"
"SVC-020","B","FIELD-020","도입하면 안 되는 부작용","not_applicable","","low","2026-08-24","true","SRC-020","적용 제외","","","","","외형이나 문구를 복제하지 않고 사용자 결과와 안전 원칙만 재설계"
"SVC-020","B","FIELD-021","프로토콜 투명성","not_applicable","","low","2026-08-24","true","SRC-020","적용 제외","","","","","외형이나 문구를 복제하지 않고 사용자 결과와 안전 원칙만 재설계"
"SVC-020","B","FIELD-022","킬 스위치·항상 연결","not_applicable","","low","2026-08-24","true","SRC-020","적용 제외","","","","","외형이나 문구를 복제하지 않고 사용자 결과와 안전 원칙만 재설계"
"SVC-020","B","FIELD-023","DNS·IPv6·누출 확인","not_applicable","","low","2026-08-24","true","SRC-020","적용 제외","","","","","외형이나 문구를 복제하지 않고 사용자 결과와 안전 원칙만 재설계"
"SVC-020","B","FIELD-024","검열 환경 복구","not_applicable","","low","2026-08-24","true","SRC-020","적용 제외","","","","","외형이나 문구를 복제하지 않고 사용자 결과와 안전 원칙만 재설계"
"SVC-020","B","FIELD-025","서버 상태·혼잡·대체","not_applicable","","low","2026-08-24","true","SRC-020","적용 제외","","","","","외형이나 문구를 복제하지 않고 사용자 결과와 안전 원칙만 재설계"
"SVC-020","B","FIELD-026","기기·프로필 발급·폐기","not_applicable","","low","2026-08-24","true","SRC-020","적용 제외","","","","","외형이나 문구를 복제하지 않고 사용자 결과와 안전 원칙만 재설계"
"SVC-020","B","FIELD-027","무료 데이터·사용량 권리","not_applicable","","low","2026-08-24","true","SRC-020","적용 제외","","","","","외형이나 문구를 복제하지 않고 사용자 결과와 안전 원칙만 재설계"
"SVC-020","B","FIELD-028","관할·국가 지원 범위","not_applicable","","low","2026-08-24","true","SRC-020","적용 제외","","","","","외형이나 문구를 복제하지 않고 사용자 결과와 안전 원칙만 재설계"
"SVC-021","C","FIELD-001","시작과 첫 가치","scored","4","medium","2026-08-24","true","SRC-021","시작과 첫 가치에 대한 확인 가능한 사용자 결과","","사용자 선택·해제 범위를 제공","","과도한 보호 보장·자동 동의·추적 확대를 피해야 함","외형이나 문구를 복제하지 않고 사용자 결과와 안전 원칙만 재설계"
"SVC-021","C","FIELD-002","핵심 과업 완성도","not_applicable","","low","2026-08-24","true","SRC-021","적용 제외","","","","","외형이나 문구를 복제하지 않고 사용자 결과와 안전 원칙만 재설계"
"SVC-021","C","FIELD-003","개인화","scored","3","medium","2026-08-24","true","SRC-021","개인화에 대한 확인 가능한 사용자 결과","","사용자 선택·해제 범위를 제공","","과도한 보호 보장·자동 동의·추적 확대를 피해야 함","외형이나 문구를 복제하지 않고 사용자 결과와 안전 원칙만 재설계"
"SVC-021","C","FIELD-004","결과 이해와 설명","scored","3","medium","2026-08-24","true","SRC-021","결과 이해와 설명에 대한 확인 가능한 사용자 결과","","사용자 선택·해제 범위를 제공","","과도한 보호 보장·자동 동의·추적 확대를 피해야 함","외형이나 문구를 복제하지 않고 사용자 결과와 안전 원칙만 재설계"
"SVC-021","C","FIELD-005","오류·실패 복구","not_applicable","","low","2026-08-24","true","SRC-021","적용 제외","","","","","외형이나 문구를 복제하지 않고 사용자 결과와 안전 원칙만 재설계"
"SVC-021","C","FIELD-006","저장·내보내기·공유","not_applicable","","low","2026-08-24","true","SRC-021","적용 제외","","","","","외형이나 문구를 복제하지 않고 사용자 결과와 안전 원칙만 재설계"
"SVC-021","C","FIELD-007","모바일 경험","scored","3","medium","2026-08-24","true","SRC-021","모바일 경험에 대한 확인 가능한 사용자 결과","","사용자 선택·해제 범위를 제공","플랫폼별 지원 범위가 다름","과도한 보호 보장·자동 동의·추적 확대를 피해야 함","외형이나 문구를 복제하지 않고 사용자 결과와 안전 원칙만 재설계"
"SVC-021","C","FIELD-008","PC 경험","scored","3","medium","2026-08-24","true","SRC-021","PC 경험에 대한 확인 가능한 사용자 결과","","사용자 선택·해제 범위를 제공","플랫폼별 지원 범위가 다름","과도한 보호 보장·자동 동의·추적 확대를 피해야 함","외형이나 문구를 복제하지 않고 사용자 결과와 안전 원칙만 재설계"
"SVC-021","C","FIELD-009","플랫폼 간 연속성","scored","3","medium","2026-08-24","true","SRC-021","플랫폼 간 연속성에 대한 확인 가능한 사용자 결과","","사용자 선택·해제 범위를 제공","플랫폼별 지원 범위가 다름","과도한 보호 보장·자동 동의·추적 확대를 피해야 함","외형이나 문구를 복제하지 않고 사용자 결과와 안전 원칙만 재설계"
"SVC-021","C","FIELD-010","접근성","not_applicable","","low","2026-08-24","true","SRC-021","적용 제외","","","","","외형이나 문구를 복제하지 않고 사용자 결과와 안전 원칙만 재설계"
"SVC-021","C","FIELD-011","성능과 안정성","scored","3","medium","2026-08-24","true","SRC-021","성능과 안정성에 대한 확인 가능한 사용자 결과","","사용자 선택·해제 범위를 제공","","과도한 보호 보장·자동 동의·추적 확대를 피해야 함","외형이나 문구를 복제하지 않고 사용자 결과와 안전 원칙만 재설계"
"SVC-021","C","FIELD-012","개인정보·보안","scored","4","medium","2026-08-24","true","SRC-021","개인정보·보안에 대한 확인 가능한 사용자 결과","","사용자 선택·해제 범위를 제공","","과도한 보호 보장·자동 동의·추적 확대를 피해야 함","외형이나 문구를 복제하지 않고 사용자 결과와 안전 원칙만 재설계"
"SVC-021","C","FIELD-013","계정·권한·삭제","not_applicable","","low","2026-08-24","true","SRC-021","적용 제외","","","","","외형이나 문구를 복제하지 않고 사용자 결과와 안전 원칙만 재설계"
"SVC-021","C","FIELD-014","가격·결제·취소·환불","not_applicable","","low","2026-08-24","true","SRC-021","적용 제외","","","","","외형이나 문구를 복제하지 않고 사용자 결과와 안전 원칙만 재설계"
"SVC-021","C","FIELD-015","고객지원·장애 대응","not_applicable","","low","2026-08-24","true","SRC-021","적용 제외","","","","","외형이나 문구를 복제하지 않고 사용자 결과와 안전 원칙만 재설계"
"SVC-021","C","FIELD-016","장기 사용과 유지","not_applicable","","low","2026-08-24","true","SRC-021","적용 제외","","","","","외형이나 문구를 복제하지 않고 사용자 결과와 안전 원칙만 재설계"
"SVC-021","C","FIELD-017","팀·관리자·운영","not_applicable","","low","2026-08-24","true","SRC-021","적용 제외","","","","","외형이나 문구를 복제하지 않고 사용자 결과와 안전 원칙만 재설계"
"SVC-021","C","FIELD-018","차별화 요소","not_applicable","","low","2026-08-24","true","SRC-021","적용 제외","","","","","외형이나 문구를 복제하지 않고 사용자 결과와 안전 원칙만 재설계"
"SVC-021","C","FIELD-019","사용자 신뢰","scored","4","medium","2026-08-24","true","SRC-021","사용자 신뢰에 대한 확인 가능한 사용자 결과","","사용자 선택·해제 범위를 제공","","과도한 보호 보장·자동 동의·추적 확대를 피해야 함","외형이나 문구를 복제하지 않고 사용자 결과와 안전 원칙만 재설계"
"SVC-021","C","FIELD-020","도입하면 안 되는 부작용","not_applicable","","low","2026-08-24","true","SRC-021","적용 제외","","","","","외형이나 문구를 복제하지 않고 사용자 결과와 안전 원칙만 재설계"
"SVC-021","C","FIELD-021","프로토콜 투명성","not_applicable","","low","2026-08-24","true","SRC-021","적용 제외","","","","","외형이나 문구를 복제하지 않고 사용자 결과와 안전 원칙만 재설계"
"SVC-021","C","FIELD-022","킬 스위치·항상 연결","not_applicable","","low","2026-08-24","true","SRC-021","적용 제외","","","","","외형이나 문구를 복제하지 않고 사용자 결과와 안전 원칙만 재설계"
"SVC-021","C","FIELD-023","DNS·IPv6·누출 확인","scored","3","medium","2026-08-24","true","SRC-021","DNS·IPv6·누출 확인에 대한 확인 가능한 사용자 결과","","사용자 선택·해제 범위를 제공","","과도한 보호 보장·자동 동의·추적 확대를 피해야 함","외형이나 문구를 복제하지 않고 사용자 결과와 안전 원칙만 재설계"
"SVC-021","C","FIELD-024","검열 환경 복구","not_applicable","","low","2026-08-24","true","SRC-021","적용 제외","","","","","외형이나 문구를 복제하지 않고 사용자 결과와 안전 원칙만 재설계"
"SVC-021","C","FIELD-025","서버 상태·혼잡·대체","not_applicable","","low","2026-08-24","true","SRC-021","적용 제외","","","","","외형이나 문구를 복제하지 않고 사용자 결과와 안전 원칙만 재설계"
"SVC-021","C","FIELD-026","기기·프로필 발급·폐기","scored","3","medium","2026-08-24","true","SRC-021","기기·프로필 발급·폐기에 대한 확인 가능한 사용자 결과","","사용자 선택·해제 범위를 제공","","과도한 보호 보장·자동 동의·추적 확대를 피해야 함","외형이나 문구를 복제하지 않고 사용자 결과와 안전 원칙만 재설계"
"SVC-021","C","FIELD-027","무료 데이터·사용량 권리","not_applicable","","low","2026-08-24","true","SRC-021","적용 제외","","","","","외형이나 문구를 복제하지 않고 사용자 결과와 안전 원칙만 재설계"
"SVC-021","C","FIELD-028","관할·국가 지원 범위","not_applicable","","low","2026-08-24","true","SRC-021","적용 제외","","","","","외형이나 문구를 복제하지 않고 사용자 결과와 안전 원칙만 재설계"
"SVC-022","C","FIELD-001","시작과 첫 가치","scored","4","medium","2026-08-24","true","SRC-022","시작과 첫 가치에 대한 확인 가능한 사용자 결과","","사용자 선택·해제 범위를 제공","","과도한 보호 보장·자동 동의·추적 확대를 피해야 함","외형이나 문구를 복제하지 않고 사용자 결과와 안전 원칙만 재설계"
"SVC-022","C","FIELD-002","핵심 과업 완성도","not_applicable","","low","2026-08-24","true","SRC-022","적용 제외","","","","","외형이나 문구를 복제하지 않고 사용자 결과와 안전 원칙만 재설계"
"SVC-022","C","FIELD-003","개인화","scored","3","medium","2026-08-24","true","SRC-022","개인화에 대한 확인 가능한 사용자 결과","","사용자 선택·해제 범위를 제공","","과도한 보호 보장·자동 동의·추적 확대를 피해야 함","외형이나 문구를 복제하지 않고 사용자 결과와 안전 원칙만 재설계"
"SVC-022","C","FIELD-004","결과 이해와 설명","not_applicable","","low","2026-08-24","true","SRC-022","적용 제외","","","","","외형이나 문구를 복제하지 않고 사용자 결과와 안전 원칙만 재설계"
"SVC-022","C","FIELD-005","오류·실패 복구","not_applicable","","low","2026-08-24","true","SRC-022","적용 제외","","","","","외형이나 문구를 복제하지 않고 사용자 결과와 안전 원칙만 재설계"
"SVC-022","C","FIELD-006","저장·내보내기·공유","not_applicable","","low","2026-08-24","true","SRC-022","적용 제외","","","","","외형이나 문구를 복제하지 않고 사용자 결과와 안전 원칙만 재설계"
"SVC-022","C","FIELD-007","모바일 경험","scored","3","medium","2026-08-24","true","SRC-022","모바일 경험에 대한 확인 가능한 사용자 결과","","사용자 선택·해제 범위를 제공","플랫폼별 지원 범위가 다름","과도한 보호 보장·자동 동의·추적 확대를 피해야 함","외형이나 문구를 복제하지 않고 사용자 결과와 안전 원칙만 재설계"
"SVC-022","C","FIELD-008","PC 경험","scored","3","medium","2026-08-24","true","SRC-022","PC 경험에 대한 확인 가능한 사용자 결과","","사용자 선택·해제 범위를 제공","플랫폼별 지원 범위가 다름","과도한 보호 보장·자동 동의·추적 확대를 피해야 함","외형이나 문구를 복제하지 않고 사용자 결과와 안전 원칙만 재설계"
"SVC-022","C","FIELD-009","플랫폼 간 연속성","scored","3","medium","2026-08-24","true","SRC-022","플랫폼 간 연속성에 대한 확인 가능한 사용자 결과","","사용자 선택·해제 범위를 제공","플랫폼별 지원 범위가 다름","과도한 보호 보장·자동 동의·추적 확대를 피해야 함","외형이나 문구를 복제하지 않고 사용자 결과와 안전 원칙만 재설계"
"SVC-022","C","FIELD-010","접근성","not_applicable","","low","2026-08-24","true","SRC-022","적용 제외","","","","","외형이나 문구를 복제하지 않고 사용자 결과와 안전 원칙만 재설계"
"SVC-022","C","FIELD-011","성능과 안정성","not_applicable","","low","2026-08-24","true","SRC-022","적용 제외","","","","","외형이나 문구를 복제하지 않고 사용자 결과와 안전 원칙만 재설계"
"SVC-022","C","FIELD-012","개인정보·보안","scored","4","medium","2026-08-24","true","SRC-022","개인정보·보안에 대한 확인 가능한 사용자 결과","","사용자 선택·해제 범위를 제공","","과도한 보호 보장·자동 동의·추적 확대를 피해야 함","외형이나 문구를 복제하지 않고 사용자 결과와 안전 원칙만 재설계"
"SVC-022","C","FIELD-013","계정·권한·삭제","not_applicable","","low","2026-08-24","true","SRC-022","적용 제외","","","","","외형이나 문구를 복제하지 않고 사용자 결과와 안전 원칙만 재설계"
"SVC-022","C","FIELD-014","가격·결제·취소·환불","not_applicable","","low","2026-08-24","true","SRC-022","적용 제외","","","","","외형이나 문구를 복제하지 않고 사용자 결과와 안전 원칙만 재설계"
"SVC-022","C","FIELD-015","고객지원·장애 대응","not_applicable","","low","2026-08-24","true","SRC-022","적용 제외","","","","","외형이나 문구를 복제하지 않고 사용자 결과와 안전 원칙만 재설계"
"SVC-022","C","FIELD-016","장기 사용과 유지","not_applicable","","low","2026-08-24","true","SRC-022","적용 제외","","","","","외형이나 문구를 복제하지 않고 사용자 결과와 안전 원칙만 재설계"
"SVC-022","C","FIELD-017","팀·관리자·운영","not_applicable","","low","2026-08-24","true","SRC-022","적용 제외","","","","","외형이나 문구를 복제하지 않고 사용자 결과와 안전 원칙만 재설계"
"SVC-022","C","FIELD-018","차별화 요소","not_applicable","","low","2026-08-24","true","SRC-022","적용 제외","","","","","외형이나 문구를 복제하지 않고 사용자 결과와 안전 원칙만 재설계"
"SVC-022","C","FIELD-019","사용자 신뢰","scored","4","medium","2026-08-24","true","SRC-022","사용자 신뢰에 대한 확인 가능한 사용자 결과","","사용자 선택·해제 범위를 제공","","과도한 보호 보장·자동 동의·추적 확대를 피해야 함","외형이나 문구를 복제하지 않고 사용자 결과와 안전 원칙만 재설계"
"SVC-022","C","FIELD-020","도입하면 안 되는 부작용","not_applicable","","low","2026-08-24","true","SRC-022","적용 제외","","","","","외형이나 문구를 복제하지 않고 사용자 결과와 안전 원칙만 재설계"
"SVC-022","C","FIELD-021","프로토콜 투명성","not_applicable","","low","2026-08-24","true","SRC-022","적용 제외","","","","","외형이나 문구를 복제하지 않고 사용자 결과와 안전 원칙만 재설계"
"SVC-022","C","FIELD-022","킬 스위치·항상 연결","not_applicable","","low","2026-08-24","true","SRC-022","적용 제외","","","","","외형이나 문구를 복제하지 않고 사용자 결과와 안전 원칙만 재설계"
"SVC-022","C","FIELD-023","DNS·IPv6·누출 확인","scored","3","medium","2026-08-24","true","SRC-022","DNS·IPv6·누출 확인에 대한 확인 가능한 사용자 결과","","사용자 선택·해제 범위를 제공","","과도한 보호 보장·자동 동의·추적 확대를 피해야 함","외형이나 문구를 복제하지 않고 사용자 결과와 안전 원칙만 재설계"
"SVC-022","C","FIELD-024","검열 환경 복구","not_applicable","","low","2026-08-24","true","SRC-022","적용 제외","","","","","외형이나 문구를 복제하지 않고 사용자 결과와 안전 원칙만 재설계"
"SVC-022","C","FIELD-025","서버 상태·혼잡·대체","not_applicable","","low","2026-08-24","true","SRC-022","적용 제외","","","","","외형이나 문구를 복제하지 않고 사용자 결과와 안전 원칙만 재설계"
"SVC-022","C","FIELD-026","기기·프로필 발급·폐기","not_applicable","","low","2026-08-24","true","SRC-022","적용 제외","","","","","외형이나 문구를 복제하지 않고 사용자 결과와 안전 원칙만 재설계"
"SVC-022","C","FIELD-027","무료 데이터·사용량 권리","not_applicable","","low","2026-08-24","true","SRC-022","적용 제외","","","","","외형이나 문구를 복제하지 않고 사용자 결과와 안전 원칙만 재설계"
"SVC-022","C","FIELD-028","관할·국가 지원 범위","not_applicable","","low","2026-08-24","true","SRC-022","적용 제외","","","","","외형이나 문구를 복제하지 않고 사용자 결과와 안전 원칙만 재설계"
"SVC-023","C","FIELD-001","시작과 첫 가치","scored","4","medium","2026-08-24","true","SRC-023","시작과 첫 가치에 대한 확인 가능한 사용자 결과","","사용자 선택·해제 범위를 제공","","과도한 보호 보장·자동 동의·추적 확대를 피해야 함","외형이나 문구를 복제하지 않고 사용자 결과와 안전 원칙만 재설계"
"SVC-023","C","FIELD-002","핵심 과업 완성도","not_applicable","","low","2026-08-24","true","SRC-023","적용 제외","","","","","외형이나 문구를 복제하지 않고 사용자 결과와 안전 원칙만 재설계"
"SVC-023","C","FIELD-003","개인화","not_applicable","","low","2026-08-24","true","SRC-023","적용 제외","","","","","외형이나 문구를 복제하지 않고 사용자 결과와 안전 원칙만 재설계"
"SVC-023","C","FIELD-004","결과 이해와 설명","scored","3","medium","2026-08-24","true","SRC-023","결과 이해와 설명에 대한 확인 가능한 사용자 결과","","사용자 선택·해제 범위를 제공","","과도한 보호 보장·자동 동의·추적 확대를 피해야 함","외형이나 문구를 복제하지 않고 사용자 결과와 안전 원칙만 재설계"
"SVC-023","C","FIELD-005","오류·실패 복구","not_applicable","","low","2026-08-24","true","SRC-023","적용 제외","","","","","외형이나 문구를 복제하지 않고 사용자 결과와 안전 원칙만 재설계"
"SVC-023","C","FIELD-006","저장·내보내기·공유","not_applicable","","low","2026-08-24","true","SRC-023","적용 제외","","","","","외형이나 문구를 복제하지 않고 사용자 결과와 안전 원칙만 재설계"
"SVC-023","C","FIELD-007","모바일 경험","not_applicable","","low","2026-08-24","true","SRC-023","적용 제외","","","플랫폼별 지원 범위가 다름","","외형이나 문구를 복제하지 않고 사용자 결과와 안전 원칙만 재설계"
"SVC-023","C","FIELD-008","PC 경험","not_applicable","","low","2026-08-24","true","SRC-023","적용 제외","","","플랫폼별 지원 범위가 다름","","외형이나 문구를 복제하지 않고 사용자 결과와 안전 원칙만 재설계"
"SVC-023","C","FIELD-009","플랫폼 간 연속성","not_applicable","","low","2026-08-24","true","SRC-023","적용 제외","","","플랫폼별 지원 범위가 다름","","외형이나 문구를 복제하지 않고 사용자 결과와 안전 원칙만 재설계"
"SVC-023","C","FIELD-010","접근성","not_applicable","","low","2026-08-24","true","SRC-023","적용 제외","","","","","외형이나 문구를 복제하지 않고 사용자 결과와 안전 원칙만 재설계"
"SVC-023","C","FIELD-011","성능과 안정성","scored","3","medium","2026-08-24","true","SRC-023","성능과 안정성에 대한 확인 가능한 사용자 결과","","사용자 선택·해제 범위를 제공","","과도한 보호 보장·자동 동의·추적 확대를 피해야 함","외형이나 문구를 복제하지 않고 사용자 결과와 안전 원칙만 재설계"
"SVC-023","C","FIELD-012","개인정보·보안","scored","4","medium","2026-08-24","true","SRC-023","개인정보·보안에 대한 확인 가능한 사용자 결과","","사용자 선택·해제 범위를 제공","","과도한 보호 보장·자동 동의·추적 확대를 피해야 함","외형이나 문구를 복제하지 않고 사용자 결과와 안전 원칙만 재설계"
"SVC-023","C","FIELD-013","계정·권한·삭제","not_applicable","","low","2026-08-24","true","SRC-023","적용 제외","","","","","외형이나 문구를 복제하지 않고 사용자 결과와 안전 원칙만 재설계"
"SVC-023","C","FIELD-014","가격·결제·취소·환불","not_applicable","","low","2026-08-24","true","SRC-023","적용 제외","","","","","외형이나 문구를 복제하지 않고 사용자 결과와 안전 원칙만 재설계"
"SVC-023","C","FIELD-015","고객지원·장애 대응","not_applicable","","low","2026-08-24","true","SRC-023","적용 제외","","","","","외형이나 문구를 복제하지 않고 사용자 결과와 안전 원칙만 재설계"
"SVC-023","C","FIELD-016","장기 사용과 유지","not_applicable","","low","2026-08-24","true","SRC-023","적용 제외","","","","","외형이나 문구를 복제하지 않고 사용자 결과와 안전 원칙만 재설계"
"SVC-023","C","FIELD-017","팀·관리자·운영","not_applicable","","low","2026-08-24","true","SRC-023","적용 제외","","","","","외형이나 문구를 복제하지 않고 사용자 결과와 안전 원칙만 재설계"
"SVC-023","C","FIELD-018","차별화 요소","not_applicable","","low","2026-08-24","true","SRC-023","적용 제외","","","","","외형이나 문구를 복제하지 않고 사용자 결과와 안전 원칙만 재설계"
"SVC-023","C","FIELD-019","사용자 신뢰","scored","4","medium","2026-08-24","true","SRC-023","사용자 신뢰에 대한 확인 가능한 사용자 결과","","사용자 선택·해제 범위를 제공","","과도한 보호 보장·자동 동의·추적 확대를 피해야 함","외형이나 문구를 복제하지 않고 사용자 결과와 안전 원칙만 재설계"
"SVC-023","C","FIELD-020","도입하면 안 되는 부작용","not_applicable","","low","2026-08-24","true","SRC-023","적용 제외","","","","","외형이나 문구를 복제하지 않고 사용자 결과와 안전 원칙만 재설계"
"SVC-023","C","FIELD-021","프로토콜 투명성","not_applicable","","low","2026-08-24","true","SRC-023","적용 제외","","","","","외형이나 문구를 복제하지 않고 사용자 결과와 안전 원칙만 재설계"
"SVC-023","C","FIELD-022","킬 스위치·항상 연결","not_applicable","","low","2026-08-24","true","SRC-023","적용 제외","","","","","외형이나 문구를 복제하지 않고 사용자 결과와 안전 원칙만 재설계"
"SVC-023","C","FIELD-023","DNS·IPv6·누출 확인","scored","3","medium","2026-08-24","true","SRC-023","DNS·IPv6·누출 확인에 대한 확인 가능한 사용자 결과","","사용자 선택·해제 범위를 제공","","과도한 보호 보장·자동 동의·추적 확대를 피해야 함","외형이나 문구를 복제하지 않고 사용자 결과와 안전 원칙만 재설계"
"SVC-023","C","FIELD-024","검열 환경 복구","not_applicable","","low","2026-08-24","true","SRC-023","적용 제외","","","","","외형이나 문구를 복제하지 않고 사용자 결과와 안전 원칙만 재설계"
"SVC-023","C","FIELD-025","서버 상태·혼잡·대체","not_applicable","","low","2026-08-24","true","SRC-023","적용 제외","","","","","외형이나 문구를 복제하지 않고 사용자 결과와 안전 원칙만 재설계"
"SVC-023","C","FIELD-026","기기·프로필 발급·폐기","not_applicable","","low","2026-08-24","true","SRC-023","적용 제외","","","","","외형이나 문구를 복제하지 않고 사용자 결과와 안전 원칙만 재설계"
"SVC-023","C","FIELD-027","무료 데이터·사용량 권리","not_applicable","","low","2026-08-24","true","SRC-023","적용 제외","","","","","외형이나 문구를 복제하지 않고 사용자 결과와 안전 원칙만 재설계"
"SVC-023","C","FIELD-028","관할·국가 지원 범위","scored","3","medium","2026-08-24","true","SRC-023","관할·국가 지원 범위에 대한 확인 가능한 사용자 결과","","사용자 선택·해제 범위를 제공","","과도한 보호 보장·자동 동의·추적 확대를 피해야 함","외형이나 문구를 복제하지 않고 사용자 결과와 안전 원칙만 재설계"
"SVC-024","C","FIELD-001","시작과 첫 가치","scored","4","medium","2026-08-24","true","SRC-024","시작과 첫 가치에 대한 확인 가능한 사용자 결과","","사용자 선택·해제 범위를 제공","","과도한 보호 보장·자동 동의·추적 확대를 피해야 함","외형이나 문구를 복제하지 않고 사용자 결과와 안전 원칙만 재설계"
"SVC-024","C","FIELD-002","핵심 과업 완성도","not_applicable","","low","2026-08-24","true","SRC-024","적용 제외","","","","","외형이나 문구를 복제하지 않고 사용자 결과와 안전 원칙만 재설계"
"SVC-024","C","FIELD-003","개인화","scored","3","medium","2026-08-24","true","SRC-024","개인화에 대한 확인 가능한 사용자 결과","","사용자 선택·해제 범위를 제공","","과도한 보호 보장·자동 동의·추적 확대를 피해야 함","외형이나 문구를 복제하지 않고 사용자 결과와 안전 원칙만 재설계"
"SVC-024","C","FIELD-004","결과 이해와 설명","not_applicable","","low","2026-08-24","true","SRC-024","적용 제외","","","","","외형이나 문구를 복제하지 않고 사용자 결과와 안전 원칙만 재설계"
"SVC-024","C","FIELD-005","오류·실패 복구","not_applicable","","low","2026-08-24","true","SRC-024","적용 제외","","","","","외형이나 문구를 복제하지 않고 사용자 결과와 안전 원칙만 재설계"
"SVC-024","C","FIELD-006","저장·내보내기·공유","not_applicable","","low","2026-08-24","true","SRC-024","적용 제외","","","","","외형이나 문구를 복제하지 않고 사용자 결과와 안전 원칙만 재설계"
"SVC-024","C","FIELD-007","모바일 경험","scored","3","medium","2026-08-24","true","SRC-024","모바일 경험에 대한 확인 가능한 사용자 결과","","사용자 선택·해제 범위를 제공","플랫폼별 지원 범위가 다름","과도한 보호 보장·자동 동의·추적 확대를 피해야 함","외형이나 문구를 복제하지 않고 사용자 결과와 안전 원칙만 재설계"
"SVC-024","C","FIELD-008","PC 경험","scored","3","medium","2026-08-24","true","SRC-024","PC 경험에 대한 확인 가능한 사용자 결과","","사용자 선택·해제 범위를 제공","플랫폼별 지원 범위가 다름","과도한 보호 보장·자동 동의·추적 확대를 피해야 함","외형이나 문구를 복제하지 않고 사용자 결과와 안전 원칙만 재설계"
"SVC-024","C","FIELD-009","플랫폼 간 연속성","scored","3","medium","2026-08-24","true","SRC-024","플랫폼 간 연속성에 대한 확인 가능한 사용자 결과","","사용자 선택·해제 범위를 제공","플랫폼별 지원 범위가 다름","과도한 보호 보장·자동 동의·추적 확대를 피해야 함","외형이나 문구를 복제하지 않고 사용자 결과와 안전 원칙만 재설계"
"SVC-024","C","FIELD-010","접근성","not_applicable","","low","2026-08-24","true","SRC-024","적용 제외","","","","","외형이나 문구를 복제하지 않고 사용자 결과와 안전 원칙만 재설계"
"SVC-024","C","FIELD-011","성능과 안정성","scored","3","medium","2026-08-24","true","SRC-024","성능과 안정성에 대한 확인 가능한 사용자 결과","","사용자 선택·해제 범위를 제공","","과도한 보호 보장·자동 동의·추적 확대를 피해야 함","외형이나 문구를 복제하지 않고 사용자 결과와 안전 원칙만 재설계"
"SVC-024","C","FIELD-012","개인정보·보안","scored","4","medium","2026-08-24","true","SRC-024","개인정보·보안에 대한 확인 가능한 사용자 결과","","사용자 선택·해제 범위를 제공","","과도한 보호 보장·자동 동의·추적 확대를 피해야 함","외형이나 문구를 복제하지 않고 사용자 결과와 안전 원칙만 재설계"
"SVC-024","C","FIELD-013","계정·권한·삭제","not_applicable","","low","2026-08-24","true","SRC-024","적용 제외","","","","","외형이나 문구를 복제하지 않고 사용자 결과와 안전 원칙만 재설계"
"SVC-024","C","FIELD-014","가격·결제·취소·환불","not_applicable","","low","2026-08-24","true","SRC-024","적용 제외","","","","","외형이나 문구를 복제하지 않고 사용자 결과와 안전 원칙만 재설계"
"SVC-024","C","FIELD-015","고객지원·장애 대응","not_applicable","","low","2026-08-24","true","SRC-024","적용 제외","","","","","외형이나 문구를 복제하지 않고 사용자 결과와 안전 원칙만 재설계"
"SVC-024","C","FIELD-016","장기 사용과 유지","not_applicable","","low","2026-08-24","true","SRC-024","적용 제외","","","","","외형이나 문구를 복제하지 않고 사용자 결과와 안전 원칙만 재설계"
"SVC-024","C","FIELD-017","팀·관리자·운영","not_applicable","","low","2026-08-24","true","SRC-024","적용 제외","","","","","외형이나 문구를 복제하지 않고 사용자 결과와 안전 원칙만 재설계"
"SVC-024","C","FIELD-018","차별화 요소","not_applicable","","low","2026-08-24","true","SRC-024","적용 제외","","","","","외형이나 문구를 복제하지 않고 사용자 결과와 안전 원칙만 재설계"
"SVC-024","C","FIELD-019","사용자 신뢰","scored","4","medium","2026-08-24","true","SRC-024","사용자 신뢰에 대한 확인 가능한 사용자 결과","","사용자 선택·해제 범위를 제공","","과도한 보호 보장·자동 동의·추적 확대를 피해야 함","외형이나 문구를 복제하지 않고 사용자 결과와 안전 원칙만 재설계"
"SVC-024","C","FIELD-020","도입하면 안 되는 부작용","scored","3","medium","2026-08-24","true","SRC-024","도입하면 안 되는 부작용에 대한 확인 가능한 사용자 결과","","사용자 선택·해제 범위를 제공","","과도한 보호 보장·자동 동의·추적 확대를 피해야 함","외형이나 문구를 복제하지 않고 사용자 결과와 안전 원칙만 재설계"
"SVC-024","C","FIELD-021","프로토콜 투명성","not_applicable","","low","2026-08-24","true","SRC-024","적용 제외","","","","","외형이나 문구를 복제하지 않고 사용자 결과와 안전 원칙만 재설계"
"SVC-024","C","FIELD-022","킬 스위치·항상 연결","not_applicable","","low","2026-08-24","true","SRC-024","적용 제외","","","","","외형이나 문구를 복제하지 않고 사용자 결과와 안전 원칙만 재설계"
"SVC-024","C","FIELD-023","DNS·IPv6·누출 확인","not_applicable","","low","2026-08-24","true","SRC-024","적용 제외","","","","","외형이나 문구를 복제하지 않고 사용자 결과와 안전 원칙만 재설계"
"SVC-024","C","FIELD-024","검열 환경 복구","scored","3","medium","2026-08-24","true","SRC-024","검열 환경 복구에 대한 확인 가능한 사용자 결과","복구 또는 대체 경로가 공개됨","사용자 선택·해제 범위를 제공","","과도한 보호 보장·자동 동의·추적 확대를 피해야 함","외형이나 문구를 복제하지 않고 사용자 결과와 안전 원칙만 재설계"
"SVC-024","C","FIELD-025","서버 상태·혼잡·대체","not_applicable","","low","2026-08-24","true","SRC-024","적용 제외","","","","","외형이나 문구를 복제하지 않고 사용자 결과와 안전 원칙만 재설계"
"SVC-024","C","FIELD-026","기기·프로필 발급·폐기","not_applicable","","low","2026-08-24","true","SRC-024","적용 제외","","","","","외형이나 문구를 복제하지 않고 사용자 결과와 안전 원칙만 재설계"
"SVC-024","C","FIELD-027","무료 데이터·사용량 권리","not_applicable","","low","2026-08-24","true","SRC-024","적용 제외","","","","","외형이나 문구를 복제하지 않고 사용자 결과와 안전 원칙만 재설계"
"SVC-024","C","FIELD-028","관할·국가 지원 범위","not_applicable","","low","2026-08-24","true","SRC-024","적용 제외","","","","","외형이나 문구를 복제하지 않고 사용자 결과와 안전 원칙만 재설계"
"SVC-025","C","FIELD-001","시작과 첫 가치","scored","4","medium","2026-08-24","true","SRC-025","시작과 첫 가치에 대한 확인 가능한 사용자 결과","","사용자 선택·해제 범위를 제공","","과도한 보호 보장·자동 동의·추적 확대를 피해야 함","외형이나 문구를 복제하지 않고 사용자 결과와 안전 원칙만 재설계"
"SVC-025","C","FIELD-002","핵심 과업 완성도","not_applicable","","low","2026-08-24","true","SRC-025","적용 제외","","","","","외형이나 문구를 복제하지 않고 사용자 결과와 안전 원칙만 재설계"
"SVC-025","C","FIELD-003","개인화","scored","3","medium","2026-08-24","true","SRC-025","개인화에 대한 확인 가능한 사용자 결과","","사용자 선택·해제 범위를 제공","","과도한 보호 보장·자동 동의·추적 확대를 피해야 함","외형이나 문구를 복제하지 않고 사용자 결과와 안전 원칙만 재설계"
"SVC-025","C","FIELD-004","결과 이해와 설명","not_applicable","","low","2026-08-24","true","SRC-025","적용 제외","","","","","외형이나 문구를 복제하지 않고 사용자 결과와 안전 원칙만 재설계"
"SVC-025","C","FIELD-005","오류·실패 복구","not_applicable","","low","2026-08-24","true","SRC-025","적용 제외","","","","","외형이나 문구를 복제하지 않고 사용자 결과와 안전 원칙만 재설계"
"SVC-025","C","FIELD-006","저장·내보내기·공유","scored","3","medium","2026-08-24","true","SRC-025","저장·내보내기·공유에 대한 확인 가능한 사용자 결과","","사용자 선택·해제 범위를 제공","","과도한 보호 보장·자동 동의·추적 확대를 피해야 함","외형이나 문구를 복제하지 않고 사용자 결과와 안전 원칙만 재설계"
"SVC-025","C","FIELD-007","모바일 경험","scored","3","medium","2026-08-24","true","SRC-025","모바일 경험에 대한 확인 가능한 사용자 결과","","사용자 선택·해제 범위를 제공","플랫폼별 지원 범위가 다름","과도한 보호 보장·자동 동의·추적 확대를 피해야 함","외형이나 문구를 복제하지 않고 사용자 결과와 안전 원칙만 재설계"
"SVC-025","C","FIELD-008","PC 경험","scored","3","medium","2026-08-24","true","SRC-025","PC 경험에 대한 확인 가능한 사용자 결과","","사용자 선택·해제 범위를 제공","플랫폼별 지원 범위가 다름","과도한 보호 보장·자동 동의·추적 확대를 피해야 함","외형이나 문구를 복제하지 않고 사용자 결과와 안전 원칙만 재설계"
"SVC-025","C","FIELD-009","플랫폼 간 연속성","scored","3","medium","2026-08-24","true","SRC-025","플랫폼 간 연속성에 대한 확인 가능한 사용자 결과","","사용자 선택·해제 범위를 제공","플랫폼별 지원 범위가 다름","과도한 보호 보장·자동 동의·추적 확대를 피해야 함","외형이나 문구를 복제하지 않고 사용자 결과와 안전 원칙만 재설계"
"SVC-025","C","FIELD-010","접근성","scored","3","medium","2026-08-24","true","SRC-025","접근성에 대한 확인 가능한 사용자 결과","","사용자 선택·해제 범위를 제공","","과도한 보호 보장·자동 동의·추적 확대를 피해야 함","외형이나 문구를 복제하지 않고 사용자 결과와 안전 원칙만 재설계"
"SVC-025","C","FIELD-011","성능과 안정성","not_applicable","","low","2026-08-24","true","SRC-025","적용 제외","","","","","외형이나 문구를 복제하지 않고 사용자 결과와 안전 원칙만 재설계"
"SVC-025","C","FIELD-012","개인정보·보안","scored","4","medium","2026-08-24","true","SRC-025","개인정보·보안에 대한 확인 가능한 사용자 결과","","사용자 선택·해제 범위를 제공","","과도한 보호 보장·자동 동의·추적 확대를 피해야 함","외형이나 문구를 복제하지 않고 사용자 결과와 안전 원칙만 재설계"
"SVC-025","C","FIELD-013","계정·권한·삭제","scored","3","medium","2026-08-24","true","SRC-025","계정·권한·삭제에 대한 확인 가능한 사용자 결과","","사용자 선택·해제 범위를 제공","","과도한 보호 보장·자동 동의·추적 확대를 피해야 함","외형이나 문구를 복제하지 않고 사용자 결과와 안전 원칙만 재설계"
"SVC-025","C","FIELD-014","가격·결제·취소·환불","not_applicable","","low","2026-08-24","true","SRC-025","적용 제외","","","","","외형이나 문구를 복제하지 않고 사용자 결과와 안전 원칙만 재설계"
"SVC-025","C","FIELD-015","고객지원·장애 대응","not_applicable","","low","2026-08-24","true","SRC-025","적용 제외","","","","","외형이나 문구를 복제하지 않고 사용자 결과와 안전 원칙만 재설계"
"SVC-025","C","FIELD-016","장기 사용과 유지","not_applicable","","low","2026-08-24","true","SRC-025","적용 제외","","","","","외형이나 문구를 복제하지 않고 사용자 결과와 안전 원칙만 재설계"
"SVC-025","C","FIELD-017","팀·관리자·운영","not_applicable","","low","2026-08-24","true","SRC-025","적용 제외","","","","","외형이나 문구를 복제하지 않고 사용자 결과와 안전 원칙만 재설계"
"SVC-025","C","FIELD-018","차별화 요소","not_applicable","","low","2026-08-24","true","SRC-025","적용 제외","","","","","외형이나 문구를 복제하지 않고 사용자 결과와 안전 원칙만 재설계"
"SVC-025","C","FIELD-019","사용자 신뢰","scored","4","medium","2026-08-24","true","SRC-025","사용자 신뢰에 대한 확인 가능한 사용자 결과","","사용자 선택·해제 범위를 제공","","과도한 보호 보장·자동 동의·추적 확대를 피해야 함","외형이나 문구를 복제하지 않고 사용자 결과와 안전 원칙만 재설계"
"SVC-025","C","FIELD-020","도입하면 안 되는 부작용","not_applicable","","low","2026-08-24","true","SRC-025","적용 제외","","","","","외형이나 문구를 복제하지 않고 사용자 결과와 안전 원칙만 재설계"
"SVC-025","C","FIELD-021","프로토콜 투명성","not_applicable","","low","2026-08-24","true","SRC-025","적용 제외","","","","","외형이나 문구를 복제하지 않고 사용자 결과와 안전 원칙만 재설계"
"SVC-025","C","FIELD-022","킬 스위치·항상 연결","not_applicable","","low","2026-08-24","true","SRC-025","적용 제외","","","","","외형이나 문구를 복제하지 않고 사용자 결과와 안전 원칙만 재설계"
"SVC-025","C","FIELD-023","DNS·IPv6·누출 확인","not_applicable","","low","2026-08-24","true","SRC-025","적용 제외","","","","","외형이나 문구를 복제하지 않고 사용자 결과와 안전 원칙만 재설계"
"SVC-025","C","FIELD-024","검열 환경 복구","not_applicable","","low","2026-08-24","true","SRC-025","적용 제외","","","","","외형이나 문구를 복제하지 않고 사용자 결과와 안전 원칙만 재설계"
"SVC-025","C","FIELD-025","서버 상태·혼잡·대체","not_applicable","","low","2026-08-24","true","SRC-025","적용 제외","","","","","외형이나 문구를 복제하지 않고 사용자 결과와 안전 원칙만 재설계"
"SVC-025","C","FIELD-026","기기·프로필 발급·폐기","not_applicable","","low","2026-08-24","true","SRC-025","적용 제외","","","","","외형이나 문구를 복제하지 않고 사용자 결과와 안전 원칙만 재설계"
"SVC-025","C","FIELD-027","무료 데이터·사용량 권리","not_applicable","","low","2026-08-24","true","SRC-025","적용 제외","","","","","외형이나 문구를 복제하지 않고 사용자 결과와 안전 원칙만 재설계"
"SVC-025","C","FIELD-028","관할·국가 지원 범위","not_applicable","","low","2026-08-24","true","SRC-025","적용 제외","","","","","외형이나 문구를 복제하지 않고 사용자 결과와 안전 원칙만 재설계"
"SVC-026","C","FIELD-001","시작과 첫 가치","scored","4","medium","2026-08-24","true","SRC-026","시작과 첫 가치에 대한 확인 가능한 사용자 결과","","사용자 선택·해제 범위를 제공","","과도한 보호 보장·자동 동의·추적 확대를 피해야 함","외형이나 문구를 복제하지 않고 사용자 결과와 안전 원칙만 재설계"
"SVC-026","C","FIELD-002","핵심 과업 완성도","not_applicable","","low","2026-08-24","true","SRC-026","적용 제외","","","","","외형이나 문구를 복제하지 않고 사용자 결과와 안전 원칙만 재설계"
"SVC-026","C","FIELD-003","개인화","scored","3","medium","2026-08-24","true","SRC-026","개인화에 대한 확인 가능한 사용자 결과","","사용자 선택·해제 범위를 제공","","과도한 보호 보장·자동 동의·추적 확대를 피해야 함","외형이나 문구를 복제하지 않고 사용자 결과와 안전 원칙만 재설계"
"SVC-026","C","FIELD-004","결과 이해와 설명","not_applicable","","low","2026-08-24","true","SRC-026","적용 제외","","","","","외형이나 문구를 복제하지 않고 사용자 결과와 안전 원칙만 재설계"
"SVC-026","C","FIELD-005","오류·실패 복구","not_applicable","","low","2026-08-24","true","SRC-026","적용 제외","","","","","외형이나 문구를 복제하지 않고 사용자 결과와 안전 원칙만 재설계"
"SVC-026","C","FIELD-006","저장·내보내기·공유","not_applicable","","low","2026-08-24","true","SRC-026","적용 제외","","","","","외형이나 문구를 복제하지 않고 사용자 결과와 안전 원칙만 재설계"
"SVC-026","C","FIELD-007","모바일 경험","scored","3","medium","2026-08-24","true","SRC-026","모바일 경험에 대한 확인 가능한 사용자 결과","","사용자 선택·해제 범위를 제공","플랫폼별 지원 범위가 다름","과도한 보호 보장·자동 동의·추적 확대를 피해야 함","외형이나 문구를 복제하지 않고 사용자 결과와 안전 원칙만 재설계"
"SVC-026","C","FIELD-008","PC 경험","scored","3","medium","2026-08-24","true","SRC-026","PC 경험에 대한 확인 가능한 사용자 결과","","사용자 선택·해제 범위를 제공","플랫폼별 지원 범위가 다름","과도한 보호 보장·자동 동의·추적 확대를 피해야 함","외형이나 문구를 복제하지 않고 사용자 결과와 안전 원칙만 재설계"
"SVC-026","C","FIELD-009","플랫폼 간 연속성","scored","3","medium","2026-08-24","true","SRC-026","플랫폼 간 연속성에 대한 확인 가능한 사용자 결과","","사용자 선택·해제 범위를 제공","플랫폼별 지원 범위가 다름","과도한 보호 보장·자동 동의·추적 확대를 피해야 함","외형이나 문구를 복제하지 않고 사용자 결과와 안전 원칙만 재설계"
"SVC-026","C","FIELD-010","접근성","not_applicable","","low","2026-08-24","true","SRC-026","적용 제외","","","","","외형이나 문구를 복제하지 않고 사용자 결과와 안전 원칙만 재설계"
"SVC-026","C","FIELD-011","성능과 안정성","not_applicable","","low","2026-08-24","true","SRC-026","적용 제외","","","","","외형이나 문구를 복제하지 않고 사용자 결과와 안전 원칙만 재설계"
"SVC-026","C","FIELD-012","개인정보·보안","scored","4","medium","2026-08-24","true","SRC-026","개인정보·보안에 대한 확인 가능한 사용자 결과","","사용자 선택·해제 범위를 제공","","과도한 보호 보장·자동 동의·추적 확대를 피해야 함","외형이나 문구를 복제하지 않고 사용자 결과와 안전 원칙만 재설계"
"SVC-026","C","FIELD-013","계정·권한·삭제","not_applicable","","low","2026-08-24","true","SRC-026","적용 제외","","","","","외형이나 문구를 복제하지 않고 사용자 결과와 안전 원칙만 재설계"
"SVC-026","C","FIELD-014","가격·결제·취소·환불","not_applicable","","low","2026-08-24","true","SRC-026","적용 제외","","","","","외형이나 문구를 복제하지 않고 사용자 결과와 안전 원칙만 재설계"
"SVC-026","C","FIELD-015","고객지원·장애 대응","not_applicable","","low","2026-08-24","true","SRC-026","적용 제외","","","","","외형이나 문구를 복제하지 않고 사용자 결과와 안전 원칙만 재설계"
"SVC-026","C","FIELD-016","장기 사용과 유지","not_applicable","","low","2026-08-24","true","SRC-026","적용 제외","","","","","외형이나 문구를 복제하지 않고 사용자 결과와 안전 원칙만 재설계"
"SVC-026","C","FIELD-017","팀·관리자·운영","not_applicable","","low","2026-08-24","true","SRC-026","적용 제외","","","","","외형이나 문구를 복제하지 않고 사용자 결과와 안전 원칙만 재설계"
"SVC-026","C","FIELD-018","차별화 요소","not_applicable","","low","2026-08-24","true","SRC-026","적용 제외","","","","","외형이나 문구를 복제하지 않고 사용자 결과와 안전 원칙만 재설계"
"SVC-026","C","FIELD-019","사용자 신뢰","scored","4","medium","2026-08-24","true","SRC-026","사용자 신뢰에 대한 확인 가능한 사용자 결과","","사용자 선택·해제 범위를 제공","","과도한 보호 보장·자동 동의·추적 확대를 피해야 함","외형이나 문구를 복제하지 않고 사용자 결과와 안전 원칙만 재설계"
"SVC-026","C","FIELD-020","도입하면 안 되는 부작용","scored","3","medium","2026-08-24","true","SRC-026","도입하면 안 되는 부작용에 대한 확인 가능한 사용자 결과","","사용자 선택·해제 범위를 제공","","과도한 보호 보장·자동 동의·추적 확대를 피해야 함","외형이나 문구를 복제하지 않고 사용자 결과와 안전 원칙만 재설계"
"SVC-026","C","FIELD-021","프로토콜 투명성","not_applicable","","low","2026-08-24","true","SRC-026","적용 제외","","","","","외형이나 문구를 복제하지 않고 사용자 결과와 안전 원칙만 재설계"
"SVC-026","C","FIELD-022","킬 스위치·항상 연결","not_applicable","","low","2026-08-24","true","SRC-026","적용 제외","","","","","외형이나 문구를 복제하지 않고 사용자 결과와 안전 원칙만 재설계"
"SVC-026","C","FIELD-023","DNS·IPv6·누출 확인","not_applicable","","low","2026-08-24","true","SRC-026","적용 제외","","","","","외형이나 문구를 복제하지 않고 사용자 결과와 안전 원칙만 재설계"
"SVC-026","C","FIELD-024","검열 환경 복구","not_applicable","","low","2026-08-24","true","SRC-026","적용 제외","","","","","외형이나 문구를 복제하지 않고 사용자 결과와 안전 원칙만 재설계"
"SVC-026","C","FIELD-025","서버 상태·혼잡·대체","not_applicable","","low","2026-08-24","true","SRC-026","적용 제외","","","","","외형이나 문구를 복제하지 않고 사용자 결과와 안전 원칙만 재설계"
"SVC-026","C","FIELD-026","기기·프로필 발급·폐기","not_applicable","","low","2026-08-24","true","SRC-026","적용 제외","","","","","외형이나 문구를 복제하지 않고 사용자 결과와 안전 원칙만 재설계"
"SVC-026","C","FIELD-027","무료 데이터·사용량 권리","not_applicable","","low","2026-08-24","true","SRC-026","적용 제외","","","","","외형이나 문구를 복제하지 않고 사용자 결과와 안전 원칙만 재설계"
"SVC-026","C","FIELD-028","관할·국가 지원 범위","not_applicable","","low","2026-08-24","true","SRC-026","적용 제외","","","","","외형이나 문구를 복제하지 않고 사용자 결과와 안전 원칙만 재설계"
"SVC-027","C","FIELD-001","시작과 첫 가치","scored","4","medium","2026-08-24","true","SRC-027","시작과 첫 가치에 대한 확인 가능한 사용자 결과","","사용자 선택·해제 범위를 제공","","과도한 보호 보장·자동 동의·추적 확대를 피해야 함","외형이나 문구를 복제하지 않고 사용자 결과와 안전 원칙만 재설계"
"SVC-027","C","FIELD-002","핵심 과업 완성도","not_applicable","","low","2026-08-24","true","SRC-027","적용 제외","","","","","외형이나 문구를 복제하지 않고 사용자 결과와 안전 원칙만 재설계"
"SVC-027","C","FIELD-003","개인화","not_applicable","","low","2026-08-24","true","SRC-027","적용 제외","","","","","외형이나 문구를 복제하지 않고 사용자 결과와 안전 원칙만 재설계"
"SVC-027","C","FIELD-004","결과 이해와 설명","not_applicable","","low","2026-08-24","true","SRC-027","적용 제외","","","","","외형이나 문구를 복제하지 않고 사용자 결과와 안전 원칙만 재설계"
"SVC-027","C","FIELD-005","오류·실패 복구","scored","3","medium","2026-08-24","true","SRC-027","오류·실패 복구에 대한 확인 가능한 사용자 결과","복구 또는 대체 경로가 공개됨","사용자 선택·해제 범위를 제공","","과도한 보호 보장·자동 동의·추적 확대를 피해야 함","외형이나 문구를 복제하지 않고 사용자 결과와 안전 원칙만 재설계"
"SVC-027","C","FIELD-006","저장·내보내기·공유","not_applicable","","low","2026-08-24","true","SRC-027","적용 제외","","","","","외형이나 문구를 복제하지 않고 사용자 결과와 안전 원칙만 재설계"
"SVC-027","C","FIELD-007","모바일 경험","scored","3","medium","2026-08-24","true","SRC-027","모바일 경험에 대한 확인 가능한 사용자 결과","","사용자 선택·해제 범위를 제공","플랫폼별 지원 범위가 다름","과도한 보호 보장·자동 동의·추적 확대를 피해야 함","외형이나 문구를 복제하지 않고 사용자 결과와 안전 원칙만 재설계"
"SVC-027","C","FIELD-008","PC 경험","scored","3","medium","2026-08-24","true","SRC-027","PC 경험에 대한 확인 가능한 사용자 결과","","사용자 선택·해제 범위를 제공","플랫폼별 지원 범위가 다름","과도한 보호 보장·자동 동의·추적 확대를 피해야 함","외형이나 문구를 복제하지 않고 사용자 결과와 안전 원칙만 재설계"
"SVC-027","C","FIELD-009","플랫폼 간 연속성","not_applicable","","low","2026-08-24","true","SRC-027","적용 제외","","","플랫폼별 지원 범위가 다름","","외형이나 문구를 복제하지 않고 사용자 결과와 안전 원칙만 재설계"
"SVC-027","C","FIELD-010","접근성","not_applicable","","low","2026-08-24","true","SRC-027","적용 제외","","","","","외형이나 문구를 복제하지 않고 사용자 결과와 안전 원칙만 재설계"
"SVC-027","C","FIELD-011","성능과 안정성","scored","3","medium","2026-08-24","true","SRC-027","성능과 안정성에 대한 확인 가능한 사용자 결과","","사용자 선택·해제 범위를 제공","","과도한 보호 보장·자동 동의·추적 확대를 피해야 함","외형이나 문구를 복제하지 않고 사용자 결과와 안전 원칙만 재설계"
"SVC-027","C","FIELD-012","개인정보·보안","scored","4","medium","2026-08-24","true","SRC-027","개인정보·보안에 대한 확인 가능한 사용자 결과","","사용자 선택·해제 범위를 제공","","과도한 보호 보장·자동 동의·추적 확대를 피해야 함","외형이나 문구를 복제하지 않고 사용자 결과와 안전 원칙만 재설계"
"SVC-027","C","FIELD-013","계정·권한·삭제","not_applicable","","low","2026-08-24","true","SRC-027","적용 제외","","","","","외형이나 문구를 복제하지 않고 사용자 결과와 안전 원칙만 재설계"
"SVC-027","C","FIELD-014","가격·결제·취소·환불","not_applicable","","low","2026-08-24","true","SRC-027","적용 제외","","","","","외형이나 문구를 복제하지 않고 사용자 결과와 안전 원칙만 재설계"
"SVC-027","C","FIELD-015","고객지원·장애 대응","not_applicable","","low","2026-08-24","true","SRC-027","적용 제외","","","","","외형이나 문구를 복제하지 않고 사용자 결과와 안전 원칙만 재설계"
"SVC-027","C","FIELD-016","장기 사용과 유지","not_applicable","","low","2026-08-24","true","SRC-027","적용 제외","","","","","외형이나 문구를 복제하지 않고 사용자 결과와 안전 원칙만 재설계"
"SVC-027","C","FIELD-017","팀·관리자·운영","not_applicable","","low","2026-08-24","true","SRC-027","적용 제외","","","","","외형이나 문구를 복제하지 않고 사용자 결과와 안전 원칙만 재설계"
"SVC-027","C","FIELD-018","차별화 요소","not_applicable","","low","2026-08-24","true","SRC-027","적용 제외","","","","","외형이나 문구를 복제하지 않고 사용자 결과와 안전 원칙만 재설계"
"SVC-027","C","FIELD-019","사용자 신뢰","scored","4","medium","2026-08-24","true","SRC-027","사용자 신뢰에 대한 확인 가능한 사용자 결과","","사용자 선택·해제 범위를 제공","","과도한 보호 보장·자동 동의·추적 확대를 피해야 함","외형이나 문구를 복제하지 않고 사용자 결과와 안전 원칙만 재설계"
"SVC-027","C","FIELD-020","도입하면 안 되는 부작용","not_applicable","","low","2026-08-24","true","SRC-027","적용 제외","","","","","외형이나 문구를 복제하지 않고 사용자 결과와 안전 원칙만 재설계"
"SVC-027","C","FIELD-021","프로토콜 투명성","scored","3","medium","2026-08-24","true","SRC-027","프로토콜 투명성에 대한 확인 가능한 사용자 결과","","사용자 선택·해제 범위를 제공","","과도한 보호 보장·자동 동의·추적 확대를 피해야 함","외형이나 문구를 복제하지 않고 사용자 결과와 안전 원칙만 재설계"
"SVC-027","C","FIELD-022","킬 스위치·항상 연결","not_applicable","","low","2026-08-24","true","SRC-027","적용 제외","","","","","외형이나 문구를 복제하지 않고 사용자 결과와 안전 원칙만 재설계"
"SVC-027","C","FIELD-023","DNS·IPv6·누출 확인","not_applicable","","low","2026-08-24","true","SRC-027","적용 제외","","","","","외형이나 문구를 복제하지 않고 사용자 결과와 안전 원칙만 재설계"
"SVC-027","C","FIELD-024","검열 환경 복구","scored","3","medium","2026-08-24","true","SRC-027","검열 환경 복구에 대한 확인 가능한 사용자 결과","복구 또는 대체 경로가 공개됨","사용자 선택·해제 범위를 제공","","과도한 보호 보장·자동 동의·추적 확대를 피해야 함","외형이나 문구를 복제하지 않고 사용자 결과와 안전 원칙만 재설계"
"SVC-027","C","FIELD-025","서버 상태·혼잡·대체","not_applicable","","low","2026-08-24","true","SRC-027","적용 제외","","","","","외형이나 문구를 복제하지 않고 사용자 결과와 안전 원칙만 재설계"
"SVC-027","C","FIELD-026","기기·프로필 발급·폐기","not_applicable","","low","2026-08-24","true","SRC-027","적용 제외","","","","","외형이나 문구를 복제하지 않고 사용자 결과와 안전 원칙만 재설계"
"SVC-027","C","FIELD-027","무료 데이터·사용량 권리","not_applicable","","low","2026-08-24","true","SRC-027","적용 제외","","","","","외형이나 문구를 복제하지 않고 사용자 결과와 안전 원칙만 재설계"
"SVC-027","C","FIELD-028","관할·국가 지원 범위","scored","3","medium","2026-08-24","true","SRC-027","관할·국가 지원 범위에 대한 확인 가능한 사용자 결과","","사용자 선택·해제 범위를 제공","","과도한 보호 보장·자동 동의·추적 확대를 피해야 함","외형이나 문구를 복제하지 않고 사용자 결과와 안전 원칙만 재설계"
"SVC-028","C","FIELD-001","시작과 첫 가치","not_applicable","","low","2026-08-24","true","SRC-028","적용 제외","","","","","외형이나 문구를 복제하지 않고 사용자 결과와 안전 원칙만 재설계"
"SVC-028","C","FIELD-002","핵심 과업 완성도","not_applicable","","low","2026-08-24","true","SRC-028","적용 제외","","","","","외형이나 문구를 복제하지 않고 사용자 결과와 안전 원칙만 재설계"
"SVC-028","C","FIELD-003","개인화","not_applicable","","low","2026-08-24","true","SRC-028","적용 제외","","","","","외형이나 문구를 복제하지 않고 사용자 결과와 안전 원칙만 재설계"
"SVC-028","C","FIELD-004","결과 이해와 설명","not_applicable","","low","2026-08-24","true","SRC-028","적용 제외","","","","","외형이나 문구를 복제하지 않고 사용자 결과와 안전 원칙만 재설계"
"SVC-028","C","FIELD-005","오류·실패 복구","scored","3","medium","2026-08-24","true","SRC-028","오류·실패 복구에 대한 확인 가능한 사용자 결과","복구 또는 대체 경로가 공개됨","사용자 선택·해제 범위를 제공","","과도한 보호 보장·자동 동의·추적 확대를 피해야 함","외형이나 문구를 복제하지 않고 사용자 결과와 안전 원칙만 재설계"
"SVC-028","C","FIELD-006","저장·내보내기·공유","not_applicable","","low","2026-08-24","true","SRC-028","적용 제외","","","","","외형이나 문구를 복제하지 않고 사용자 결과와 안전 원칙만 재설계"
"SVC-028","C","FIELD-007","모바일 경험","not_applicable","","low","2026-08-24","true","SRC-028","적용 제외","","","플랫폼별 지원 범위가 다름","","외형이나 문구를 복제하지 않고 사용자 결과와 안전 원칙만 재설계"
"SVC-028","C","FIELD-008","PC 경험","scored","3","medium","2026-08-24","true","SRC-028","PC 경험에 대한 확인 가능한 사용자 결과","","사용자 선택·해제 범위를 제공","플랫폼별 지원 범위가 다름","과도한 보호 보장·자동 동의·추적 확대를 피해야 함","외형이나 문구를 복제하지 않고 사용자 결과와 안전 원칙만 재설계"
"SVC-028","C","FIELD-009","플랫폼 간 연속성","scored","3","medium","2026-08-24","true","SRC-028","플랫폼 간 연속성에 대한 확인 가능한 사용자 결과","","사용자 선택·해제 범위를 제공","플랫폼별 지원 범위가 다름","과도한 보호 보장·자동 동의·추적 확대를 피해야 함","외형이나 문구를 복제하지 않고 사용자 결과와 안전 원칙만 재설계"
"SVC-028","C","FIELD-010","접근성","not_applicable","","low","2026-08-24","true","SRC-028","적용 제외","","","","","외형이나 문구를 복제하지 않고 사용자 결과와 안전 원칙만 재설계"
"SVC-028","C","FIELD-011","성능과 안정성","scored","3","medium","2026-08-24","true","SRC-028","성능과 안정성에 대한 확인 가능한 사용자 결과","","사용자 선택·해제 범위를 제공","","과도한 보호 보장·자동 동의·추적 확대를 피해야 함","외형이나 문구를 복제하지 않고 사용자 결과와 안전 원칙만 재설계"
"SVC-028","C","FIELD-012","개인정보·보안","scored","4","medium","2026-08-24","true","SRC-028","개인정보·보안에 대한 확인 가능한 사용자 결과","","사용자 선택·해제 범위를 제공","","과도한 보호 보장·자동 동의·추적 확대를 피해야 함","외형이나 문구를 복제하지 않고 사용자 결과와 안전 원칙만 재설계"
"SVC-028","C","FIELD-013","계정·권한·삭제","scored","3","medium","2026-08-24","true","SRC-028","계정·권한·삭제에 대한 확인 가능한 사용자 결과","","사용자 선택·해제 범위를 제공","","과도한 보호 보장·자동 동의·추적 확대를 피해야 함","외형이나 문구를 복제하지 않고 사용자 결과와 안전 원칙만 재설계"
"SVC-028","C","FIELD-014","가격·결제·취소·환불","not_applicable","","low","2026-08-24","true","SRC-028","적용 제외","","","","","외형이나 문구를 복제하지 않고 사용자 결과와 안전 원칙만 재설계"
"SVC-028","C","FIELD-015","고객지원·장애 대응","not_applicable","","low","2026-08-24","true","SRC-028","적용 제외","","","","","외형이나 문구를 복제하지 않고 사용자 결과와 안전 원칙만 재설계"
"SVC-028","C","FIELD-016","장기 사용과 유지","not_applicable","","low","2026-08-24","true","SRC-028","적용 제외","","","","","외형이나 문구를 복제하지 않고 사용자 결과와 안전 원칙만 재설계"
"SVC-028","C","FIELD-017","팀·관리자·운영","scored","3","medium","2026-08-24","true","SRC-028","팀·관리자·운영에 대한 확인 가능한 사용자 결과","","사용자 선택·해제 범위를 제공","","과도한 보호 보장·자동 동의·추적 확대를 피해야 함","외형이나 문구를 복제하지 않고 사용자 결과와 안전 원칙만 재설계"
"SVC-028","C","FIELD-018","차별화 요소","not_applicable","","low","2026-08-24","true","SRC-028","적용 제외","","","","","외형이나 문구를 복제하지 않고 사용자 결과와 안전 원칙만 재설계"
"SVC-028","C","FIELD-019","사용자 신뢰","not_applicable","","low","2026-08-24","true","SRC-028","적용 제외","","","","","외형이나 문구를 복제하지 않고 사용자 결과와 안전 원칙만 재설계"
"SVC-028","C","FIELD-020","도입하면 안 되는 부작용","not_applicable","","low","2026-08-24","true","SRC-028","적용 제외","","","","","외형이나 문구를 복제하지 않고 사용자 결과와 안전 원칙만 재설계"
"SVC-028","C","FIELD-021","프로토콜 투명성","scored","3","medium","2026-08-24","true","SRC-028","프로토콜 투명성에 대한 확인 가능한 사용자 결과","","사용자 선택·해제 범위를 제공","","과도한 보호 보장·자동 동의·추적 확대를 피해야 함","외형이나 문구를 복제하지 않고 사용자 결과와 안전 원칙만 재설계"
"SVC-028","C","FIELD-022","킬 스위치·항상 연결","not_applicable","","low","2026-08-24","true","SRC-028","적용 제외","","","","","외형이나 문구를 복제하지 않고 사용자 결과와 안전 원칙만 재설계"
"SVC-028","C","FIELD-023","DNS·IPv6·누출 확인","not_applicable","","low","2026-08-24","true","SRC-028","적용 제외","","","","","외형이나 문구를 복제하지 않고 사용자 결과와 안전 원칙만 재설계"
"SVC-028","C","FIELD-024","검열 환경 복구","not_applicable","","low","2026-08-24","true","SRC-028","적용 제외","","","","","외형이나 문구를 복제하지 않고 사용자 결과와 안전 원칙만 재설계"
"SVC-028","C","FIELD-025","서버 상태·혼잡·대체","not_applicable","","low","2026-08-24","true","SRC-028","적용 제외","","","","","외형이나 문구를 복제하지 않고 사용자 결과와 안전 원칙만 재설계"
"SVC-028","C","FIELD-026","기기·프로필 발급·폐기","scored","3","medium","2026-08-24","true","SRC-028","기기·프로필 발급·폐기에 대한 확인 가능한 사용자 결과","","사용자 선택·해제 범위를 제공","","과도한 보호 보장·자동 동의·추적 확대를 피해야 함","외형이나 문구를 복제하지 않고 사용자 결과와 안전 원칙만 재설계"
"SVC-028","C","FIELD-027","무료 데이터·사용량 권리","not_applicable","","low","2026-08-24","true","SRC-028","적용 제외","","","","","외형이나 문구를 복제하지 않고 사용자 결과와 안전 원칙만 재설계"
"SVC-028","C","FIELD-028","관할·국가 지원 범위","not_applicable","","low","2026-08-24","true","SRC-028","적용 제외","","","","","외형이나 문구를 복제하지 않고 사용자 결과와 안전 원칙만 재설계"
"SVC-029","C","FIELD-001","시작과 첫 가치","scored","4","medium","2026-08-24","true","SRC-029","시작과 첫 가치에 대한 확인 가능한 사용자 결과","","사용자 선택·해제 범위를 제공","","과도한 보호 보장·자동 동의·추적 확대를 피해야 함","외형이나 문구를 복제하지 않고 사용자 결과와 안전 원칙만 재설계"
"SVC-029","C","FIELD-002","핵심 과업 완성도","not_applicable","","low","2026-08-24","true","SRC-029","적용 제외","","","","","외형이나 문구를 복제하지 않고 사용자 결과와 안전 원칙만 재설계"
"SVC-029","C","FIELD-003","개인화","not_applicable","","low","2026-08-24","true","SRC-029","적용 제외","","","","","외형이나 문구를 복제하지 않고 사용자 결과와 안전 원칙만 재설계"
"SVC-029","C","FIELD-004","결과 이해와 설명","not_applicable","","low","2026-08-24","true","SRC-029","적용 제외","","","","","외형이나 문구를 복제하지 않고 사용자 결과와 안전 원칙만 재설계"
"SVC-029","C","FIELD-005","오류·실패 복구","scored","3","medium","2026-08-24","true","SRC-029","오류·실패 복구에 대한 확인 가능한 사용자 결과","복구 또는 대체 경로가 공개됨","사용자 선택·해제 범위를 제공","","과도한 보호 보장·자동 동의·추적 확대를 피해야 함","외형이나 문구를 복제하지 않고 사용자 결과와 안전 원칙만 재설계"
"SVC-029","C","FIELD-006","저장·내보내기·공유","not_applicable","","low","2026-08-24","true","SRC-029","적용 제외","","","","","외형이나 문구를 복제하지 않고 사용자 결과와 안전 원칙만 재설계"
"SVC-029","C","FIELD-007","모바일 경험","scored","3","medium","2026-08-24","true","SRC-029","모바일 경험에 대한 확인 가능한 사용자 결과","","사용자 선택·해제 범위를 제공","플랫폼별 지원 범위가 다름","과도한 보호 보장·자동 동의·추적 확대를 피해야 함","외형이나 문구를 복제하지 않고 사용자 결과와 안전 원칙만 재설계"
"SVC-029","C","FIELD-008","PC 경험","scored","3","medium","2026-08-24","true","SRC-029","PC 경험에 대한 확인 가능한 사용자 결과","","사용자 선택·해제 범위를 제공","플랫폼별 지원 범위가 다름","과도한 보호 보장·자동 동의·추적 확대를 피해야 함","외형이나 문구를 복제하지 않고 사용자 결과와 안전 원칙만 재설계"
"SVC-029","C","FIELD-009","플랫폼 간 연속성","not_applicable","","low","2026-08-24","true","SRC-029","적용 제외","","","플랫폼별 지원 범위가 다름","","외형이나 문구를 복제하지 않고 사용자 결과와 안전 원칙만 재설계"
"SVC-029","C","FIELD-010","접근성","not_applicable","","low","2026-08-24","true","SRC-029","적용 제외","","","","","외형이나 문구를 복제하지 않고 사용자 결과와 안전 원칙만 재설계"
"SVC-029","C","FIELD-011","성능과 안정성","not_applicable","","low","2026-08-24","true","SRC-029","적용 제외","","","","","외형이나 문구를 복제하지 않고 사용자 결과와 안전 원칙만 재설계"
"SVC-029","C","FIELD-012","개인정보·보안","scored","4","medium","2026-08-24","true","SRC-029","개인정보·보안에 대한 확인 가능한 사용자 결과","","사용자 선택·해제 범위를 제공","","과도한 보호 보장·자동 동의·추적 확대를 피해야 함","외형이나 문구를 복제하지 않고 사용자 결과와 안전 원칙만 재설계"
"SVC-029","C","FIELD-013","계정·권한·삭제","not_applicable","","low","2026-08-24","true","SRC-029","적용 제외","","","","","외형이나 문구를 복제하지 않고 사용자 결과와 안전 원칙만 재설계"
"SVC-029","C","FIELD-014","가격·결제·취소·환불","not_applicable","","low","2026-08-24","true","SRC-029","적용 제외","","","","","외형이나 문구를 복제하지 않고 사용자 결과와 안전 원칙만 재설계"
"SVC-029","C","FIELD-015","고객지원·장애 대응","not_applicable","","low","2026-08-24","true","SRC-029","적용 제외","","","","","외형이나 문구를 복제하지 않고 사용자 결과와 안전 원칙만 재설계"
"SVC-029","C","FIELD-016","장기 사용과 유지","not_applicable","","low","2026-08-24","true","SRC-029","적용 제외","","","","","외형이나 문구를 복제하지 않고 사용자 결과와 안전 원칙만 재설계"
"SVC-029","C","FIELD-017","팀·관리자·운영","scored","3","medium","2026-08-24","true","SRC-029","팀·관리자·운영에 대한 확인 가능한 사용자 결과","","사용자 선택·해제 범위를 제공","","과도한 보호 보장·자동 동의·추적 확대를 피해야 함","외형이나 문구를 복제하지 않고 사용자 결과와 안전 원칙만 재설계"
"SVC-029","C","FIELD-018","차별화 요소","not_applicable","","low","2026-08-24","true","SRC-029","적용 제외","","","","","외형이나 문구를 복제하지 않고 사용자 결과와 안전 원칙만 재설계"
"SVC-029","C","FIELD-019","사용자 신뢰","scored","4","medium","2026-08-24","true","SRC-029","사용자 신뢰에 대한 확인 가능한 사용자 결과","","사용자 선택·해제 범위를 제공","","과도한 보호 보장·자동 동의·추적 확대를 피해야 함","외형이나 문구를 복제하지 않고 사용자 결과와 안전 원칙만 재설계"
"SVC-029","C","FIELD-020","도입하면 안 되는 부작용","not_applicable","","low","2026-08-24","true","SRC-029","적용 제외","","","","","외형이나 문구를 복제하지 않고 사용자 결과와 안전 원칙만 재설계"
"SVC-029","C","FIELD-021","프로토콜 투명성","scored","3","medium","2026-08-24","true","SRC-029","프로토콜 투명성에 대한 확인 가능한 사용자 결과","","사용자 선택·해제 범위를 제공","","과도한 보호 보장·자동 동의·추적 확대를 피해야 함","외형이나 문구를 복제하지 않고 사용자 결과와 안전 원칙만 재설계"
"SVC-029","C","FIELD-022","킬 스위치·항상 연결","not_applicable","","low","2026-08-24","true","SRC-029","적용 제외","","","","","외형이나 문구를 복제하지 않고 사용자 결과와 안전 원칙만 재설계"
"SVC-029","C","FIELD-023","DNS·IPv6·누출 확인","not_applicable","","low","2026-08-24","true","SRC-029","적용 제외","","","","","외형이나 문구를 복제하지 않고 사용자 결과와 안전 원칙만 재설계"
"SVC-029","C","FIELD-024","검열 환경 복구","scored","3","medium","2026-08-24","true","SRC-029","검열 환경 복구에 대한 확인 가능한 사용자 결과","복구 또는 대체 경로가 공개됨","사용자 선택·해제 범위를 제공","","과도한 보호 보장·자동 동의·추적 확대를 피해야 함","외형이나 문구를 복제하지 않고 사용자 결과와 안전 원칙만 재설계"
"SVC-029","C","FIELD-025","서버 상태·혼잡·대체","not_applicable","","low","2026-08-24","true","SRC-029","적용 제외","","","","","외형이나 문구를 복제하지 않고 사용자 결과와 안전 원칙만 재설계"
"SVC-029","C","FIELD-026","기기·프로필 발급·폐기","scored","3","medium","2026-08-24","true","SRC-029","기기·프로필 발급·폐기에 대한 확인 가능한 사용자 결과","","사용자 선택·해제 범위를 제공","","과도한 보호 보장·자동 동의·추적 확대를 피해야 함","외형이나 문구를 복제하지 않고 사용자 결과와 안전 원칙만 재설계"
"SVC-029","C","FIELD-027","무료 데이터·사용량 권리","not_applicable","","low","2026-08-24","true","SRC-029","적용 제외","","","","","외형이나 문구를 복제하지 않고 사용자 결과와 안전 원칙만 재설계"
"SVC-029","C","FIELD-028","관할·국가 지원 범위","not_applicable","","low","2026-08-24","true","SRC-029","적용 제외","","","","","외형이나 문구를 복제하지 않고 사용자 결과와 안전 원칙만 재설계"
"SVC-030","C","FIELD-001","시작과 첫 가치","scored","4","medium","2026-08-24","true","SRC-030","시작과 첫 가치에 대한 확인 가능한 사용자 결과","","사용자 선택·해제 범위를 제공","","과도한 보호 보장·자동 동의·추적 확대를 피해야 함","외형이나 문구를 복제하지 않고 사용자 결과와 안전 원칙만 재설계"
"SVC-030","C","FIELD-002","핵심 과업 완성도","not_applicable","","low","2026-08-24","true","SRC-030","적용 제외","","","","","외형이나 문구를 복제하지 않고 사용자 결과와 안전 원칙만 재설계"
"SVC-030","C","FIELD-003","개인화","not_applicable","","low","2026-08-24","true","SRC-030","적용 제외","","","","","외형이나 문구를 복제하지 않고 사용자 결과와 안전 원칙만 재설계"
"SVC-030","C","FIELD-004","결과 이해와 설명","not_applicable","","low","2026-08-24","true","SRC-030","적용 제외","","","","","외형이나 문구를 복제하지 않고 사용자 결과와 안전 원칙만 재설계"
"SVC-030","C","FIELD-005","오류·실패 복구","not_applicable","","low","2026-08-24","true","SRC-030","적용 제외","","","","","외형이나 문구를 복제하지 않고 사용자 결과와 안전 원칙만 재설계"
"SVC-030","C","FIELD-006","저장·내보내기·공유","not_applicable","","low","2026-08-24","true","SRC-030","적용 제외","","","","","외형이나 문구를 복제하지 않고 사용자 결과와 안전 원칙만 재설계"
"SVC-030","C","FIELD-007","모바일 경험","scored","3","medium","2026-08-24","true","SRC-030","모바일 경험에 대한 확인 가능한 사용자 결과","","사용자 선택·해제 범위를 제공","플랫폼별 지원 범위가 다름","과도한 보호 보장·자동 동의·추적 확대를 피해야 함","외형이나 문구를 복제하지 않고 사용자 결과와 안전 원칙만 재설계"
"SVC-030","C","FIELD-008","PC 경험","scored","3","medium","2026-08-24","true","SRC-030","PC 경험에 대한 확인 가능한 사용자 결과","","사용자 선택·해제 범위를 제공","플랫폼별 지원 범위가 다름","과도한 보호 보장·자동 동의·추적 확대를 피해야 함","외형이나 문구를 복제하지 않고 사용자 결과와 안전 원칙만 재설계"
"SVC-030","C","FIELD-009","플랫폼 간 연속성","not_applicable","","low","2026-08-24","true","SRC-030","적용 제외","","","플랫폼별 지원 범위가 다름","","외형이나 문구를 복제하지 않고 사용자 결과와 안전 원칙만 재설계"
"SVC-030","C","FIELD-010","접근성","not_applicable","","low","2026-08-24","true","SRC-030","적용 제외","","","","","외형이나 문구를 복제하지 않고 사용자 결과와 안전 원칙만 재설계"
"SVC-030","C","FIELD-011","성능과 안정성","not_applicable","","low","2026-08-24","true","SRC-030","적용 제외","","","","","외형이나 문구를 복제하지 않고 사용자 결과와 안전 원칙만 재설계"
"SVC-030","C","FIELD-012","개인정보·보안","scored","4","medium","2026-08-24","true","SRC-030","개인정보·보안에 대한 확인 가능한 사용자 결과","","사용자 선택·해제 범위를 제공","","과도한 보호 보장·자동 동의·추적 확대를 피해야 함","외형이나 문구를 복제하지 않고 사용자 결과와 안전 원칙만 재설계"
"SVC-030","C","FIELD-013","계정·권한·삭제","not_applicable","","low","2026-08-24","true","SRC-030","적용 제외","","","","","외형이나 문구를 복제하지 않고 사용자 결과와 안전 원칙만 재설계"
"SVC-030","C","FIELD-014","가격·결제·취소·환불","not_applicable","","low","2026-08-24","true","SRC-030","적용 제외","","","","","외형이나 문구를 복제하지 않고 사용자 결과와 안전 원칙만 재설계"
"SVC-030","C","FIELD-015","고객지원·장애 대응","not_applicable","","low","2026-08-24","true","SRC-030","적용 제외","","","","","외형이나 문구를 복제하지 않고 사용자 결과와 안전 원칙만 재설계"
"SVC-030","C","FIELD-016","장기 사용과 유지","not_applicable","","low","2026-08-24","true","SRC-030","적용 제외","","","","","외형이나 문구를 복제하지 않고 사용자 결과와 안전 원칙만 재설계"
"SVC-030","C","FIELD-017","팀·관리자·운영","not_applicable","","low","2026-08-24","true","SRC-030","적용 제외","","","","","외형이나 문구를 복제하지 않고 사용자 결과와 안전 원칙만 재설계"
"SVC-030","C","FIELD-018","차별화 요소","not_applicable","","low","2026-08-24","true","SRC-030","적용 제외","","","","","외형이나 문구를 복제하지 않고 사용자 결과와 안전 원칙만 재설계"
"SVC-030","C","FIELD-019","사용자 신뢰","scored","4","medium","2026-08-24","true","SRC-030","사용자 신뢰에 대한 확인 가능한 사용자 결과","","사용자 선택·해제 범위를 제공","","과도한 보호 보장·자동 동의·추적 확대를 피해야 함","외형이나 문구를 복제하지 않고 사용자 결과와 안전 원칙만 재설계"
"SVC-030","C","FIELD-020","도입하면 안 되는 부작용","scored","3","medium","2026-08-24","true","SRC-030","도입하면 안 되는 부작용에 대한 확인 가능한 사용자 결과","","사용자 선택·해제 범위를 제공","","과도한 보호 보장·자동 동의·추적 확대를 피해야 함","외형이나 문구를 복제하지 않고 사용자 결과와 안전 원칙만 재설계"
"SVC-030","C","FIELD-021","프로토콜 투명성","scored","3","medium","2026-08-24","true","SRC-030","프로토콜 투명성에 대한 확인 가능한 사용자 결과","","사용자 선택·해제 범위를 제공","","과도한 보호 보장·자동 동의·추적 확대를 피해야 함","외형이나 문구를 복제하지 않고 사용자 결과와 안전 원칙만 재설계"
"SVC-030","C","FIELD-022","킬 스위치·항상 연결","not_applicable","","low","2026-08-24","true","SRC-030","적용 제외","","","","","외형이나 문구를 복제하지 않고 사용자 결과와 안전 원칙만 재설계"
"SVC-030","C","FIELD-023","DNS·IPv6·누출 확인","not_applicable","","low","2026-08-24","true","SRC-030","적용 제외","","","","","외형이나 문구를 복제하지 않고 사용자 결과와 안전 원칙만 재설계"
"SVC-030","C","FIELD-024","검열 환경 복구","not_applicable","","low","2026-08-24","true","SRC-030","적용 제외","","","","","외형이나 문구를 복제하지 않고 사용자 결과와 안전 원칙만 재설계"
"SVC-030","C","FIELD-025","서버 상태·혼잡·대체","not_applicable","","low","2026-08-24","true","SRC-030","적용 제외","","","","","외형이나 문구를 복제하지 않고 사용자 결과와 안전 원칙만 재설계"
"SVC-030","C","FIELD-026","기기·프로필 발급·폐기","not_applicable","","low","2026-08-24","true","SRC-030","적용 제외","","","","","외형이나 문구를 복제하지 않고 사용자 결과와 안전 원칙만 재설계"
"SVC-030","C","FIELD-027","무료 데이터·사용량 권리","not_applicable","","low","2026-08-24","true","SRC-030","적용 제외","","","","","외형이나 문구를 복제하지 않고 사용자 결과와 안전 원칙만 재설계"
"SVC-030","C","FIELD-028","관할·국가 지원 범위","not_applicable","","low","2026-08-24","true","SRC-030","적용 제외","","","","","외형이나 문구를 복제하지 않고 사용자 결과와 안전 원칙만 재설계"
