"service_id","group","category_id","category","status","score","confidence","user_result","reason","source_ids"
"OWN-001","OWN","C01","시작과 첫 가치","scored","2","medium","시작과 첫 가치에 대한 확인 가능한 사용자 결과","프로젝트 파일·자동 검사·브라우저·실기기 증거 범위에서 시작과 첫 가치을 보수적으로 평가","SRC-031;SRC-032;SRC-033;SRC-034;SRC-045;SRC-046"
"OWN-001","OWN","C02","핵심 과업 완성도","scored","2","medium","핵심 과업 완성도에 대한 확인 가능한 사용자 결과","프로젝트 파일·자동 검사·브라우저·실기기 증거 범위에서 핵심 과업 완성도을 보수적으로 평가","SRC-031;SRC-032;SRC-033;SRC-034;SRC-045;SRC-046"
"OWN-001","OWN","C03","개인화","scored","1","medium","개인화에 대한 확인 가능한 사용자 결과","프로젝트 파일·자동 검사·브라우저·실기기 증거 범위에서 개인화을 보수적으로 평가","SRC-031;SRC-032;SRC-033;SRC-034;SRC-045;SRC-046"
"OWN-001","OWN","C04","결과 이해와 설명","scored","2","medium","결과 이해와 설명에 대한 확인 가능한 사용자 결과","프로젝트 파일·자동 검사·브라우저·실기기 증거 범위에서 결과 이해와 설명을 보수적으로 평가","SRC-031;SRC-032;SRC-033;SRC-034;SRC-045;SRC-046"
"OWN-001","OWN","C05","오류·실패 복구","scored","2","medium","오류·실패 복구에 대한 확인 가능한 사용자 결과","프로젝트 파일·자동 검사·브라우저·실기기 증거 범위에서 오류·실패 복구을 보수적으로 평가","SRC-031;SRC-032;SRC-033;SRC-034;SRC-045;SRC-046"
"OWN-001","OWN","C06","저장·내보내기·공유","scored","1","medium","저장·내보내기·공유에 대한 확인 가능한 사용자 결과","프로젝트 파일·자동 검사·브라우저·실기기 증거 범위에서 저장·내보내기·공유을 보수적으로 평가","SRC-031;SRC-032;SRC-033;SRC-034;SRC-045;SRC-046"
"OWN-001","OWN","C07","모바일 경험","scored","3","high","모바일 경험에 대한 확인 가능한 사용자 결과","프로젝트 파일·자동 검사·브라우저·실기기 증거 범위에서 모바일 경험을 보수적으로 평가","SRC-031;SRC-032;SRC-033;SRC-034;SRC-045;SRC-046"
"OWN-001","OWN","C08","PC 경험","scored","3","high","PC 경험에 대한 확인 가능한 사용자 결과","프로젝트 파일·자동 검사·브라우저·실기기 증거 범위에서 PC 경험을 보수적으로 평가","SRC-031;SRC-032;SRC-033;SRC-034;SRC-045;SRC-046"
"OWN-001","OWN","C09","플랫폼 간 연속성","scored","2","medium","플랫폼 간 연속성에 대한 확인 가능한 사용자 결과","프로젝트 파일·자동 검사·브라우저·실기기 증거 범위에서 플랫폼 간 연속성을 보수적으로 평가","SRC-031;SRC-032;SRC-033;SRC-034;SRC-045;SRC-046"
"OWN-001","OWN","C10","접근성","scored","2","medium","접근성에 대한 확인 가능한 사용자 결과","프로젝트 파일·자동 검사·브라우저·실기기 증거 범위에서 접근성을 보수적으로 평가","SRC-031;SRC-032;SRC-033;SRC-034;SRC-045;SRC-046"
"OWN-001","OWN","C11","성능과 안정성","scored","2","medium","성능과 안정성에 대한 확인 가능한 사용자 결과","프로젝트 파일·자동 검사·브라우저·실기기 증거 범위에서 성능과 안정성을 보수적으로 평가","SRC-031;SRC-032;SRC-033;SRC-034;SRC-045;SRC-046"
"OWN-001","OWN","C12","개인정보·보안","scored","3","high","개인정보·보안에 대한 확인 가능한 사용자 결과","프로젝트 파일·자동 검사·브라우저·실기기 증거 범위에서 개인정보·보안을 보수적으로 평가","SRC-031;SRC-032;SRC-033;SRC-034;SRC-045;SRC-046"
"OWN-001","OWN","C13","계정·권한·삭제","scored","2","medium","계정·권한·삭제에 대한 확인 가능한 사용자 결과","프로젝트 파일·자동 검사·브라우저·실기기 증거 범위에서 계정·권한·삭제을 보수적으로 평가","SRC-031;SRC-032;SRC-033;SRC-034;SRC-045;SRC-046"
"OWN-001","OWN","C14","가격·결제·취소·환불","unknown","","low","결과 미확인","실제 결제·운영 또는 해당 기기 증거가 없어 미확인","SRC-031;SRC-032;SRC-033;SRC-034;SRC-045;SRC-046"
"OWN-001","OWN","C15","고객지원·장애 대응","scored","1","medium","고객지원·장애 대응에 대한 확인 가능한 사용자 결과","프로젝트 파일·자동 검사·브라우저·실기기 증거 범위에서 고객지원·장애 대응을 보수적으로 평가","SRC-031;SRC-032;SRC-033;SRC-034;SRC-045;SRC-046"
"OWN-001","OWN","C16","장기 사용과 유지","scored","1","medium","장기 사용과 유지에 대한 확인 가능한 사용자 결과","프로젝트 파일·자동 검사·브라우저·실기기 증거 범위에서 장기 사용과 유지을 보수적으로 평가","SRC-031;SRC-032;SRC-033;SRC-034;SRC-045;SRC-046"
"OWN-001","OWN","C17","팀·관리자·운영","scored","1","medium","팀·관리자·운영에 대한 확인 가능한 사용자 결과","프로젝트 파일·자동 검사·브라우저·실기기 증거 범위에서 팀·관리자·운영을 보수적으로 평가","SRC-031;SRC-032;SRC-033;SRC-034;SRC-045;SRC-046"
"OWN-001","OWN","C18","차별화 요소","scored","3","medium","차별화 요소에 대한 확인 가능한 사용자 결과","프로젝트 파일·자동 검사·브라우저·실기기 증거 범위에서 차별화 요소을 보수적으로 평가","SRC-031;SRC-032;SRC-033;SRC-034;SRC-045;SRC-046"
"OWN-001","OWN","C19","사용자 신뢰","scored","2","medium","사용자 신뢰에 대한 확인 가능한 사용자 결과","프로젝트 파일·자동 검사·브라우저·실기기 증거 범위에서 사용자 신뢰을 보수적으로 평가","SRC-031;SRC-032;SRC-033;SRC-034;SRC-045;SRC-046"
"OWN-001","OWN","C20","도입하면 안 되는 부작용","scored","1","medium","도입하면 안 되는 부작용에 대한 확인 가능한 사용자 결과","프로젝트 파일·자동 검사·브라우저·실기기 증거 범위에서 도입하면 안 되는 부작용을 보수적으로 평가","SRC-031;SRC-032;SRC-033;SRC-034;SRC-045;SRC-046"
"OWN-001","OWN","C21","프로토콜 투명성","scored","3","high","프로토콜 투명성에 대한 확인 가능한 사용자 결과","프로젝트 파일·자동 검사·브라우저·실기기 증거 범위에서 프로토콜 투명성을 보수적으로 평가","SRC-031;SRC-032;SRC-033;SRC-034;SRC-045;SRC-046"
"OWN-001","OWN","C22","킬 스위치·항상 연결","unknown","","low","결과 미확인","실제 결제·운영 또는 해당 기기 증거가 없어 미확인","SRC-031;SRC-032;SRC-033;SRC-034;SRC-045;SRC-046"
"OWN-001","OWN","C23","DNS·IPv6·누출 확인","scored","2","medium","DNS·IPv6·누출 확인에 대한 확인 가능한 사용자 결과","프로젝트 파일·자동 검사·브라우저·실기기 증거 범위에서 DNS·IPv6·누출 확인을 보수적으로 평가","SRC-031;SRC-032;SRC-033;SRC-034;SRC-045;SRC-046"
"OWN-001","OWN","C24","검열 환경 복구","scored","1","medium","검열 환경 복구에 대한 확인 가능한 사용자 결과","프로젝트 파일·자동 검사·브라우저·실기기 증거 범위에서 검열 환경 복구을 보수적으로 평가","SRC-031;SRC-032;SRC-033;SRC-034;SRC-045;SRC-046"
"OWN-001","OWN","C25","서버 상태·혼잡·대체","scored","1","medium","서버 상태·혼잡·대체에 대한 확인 가능한 사용자 결과","프로젝트 파일·자동 검사·브라우저·실기기 증거 범위에서 서버 상태·혼잡·대체을 보수적으로 평가","SRC-031;SRC-032;SRC-033;SRC-034;SRC-045;SRC-046"
"OWN-001","OWN","C26","기기·프로필 발급·폐기","scored","2","medium","기기·프로필 발급·폐기에 대한 확인 가능한 사용자 결과","프로젝트 파일·자동 검사·브라우저·실기기 증거 범위에서 기기·프로필 발급·폐기을 보수적으로 평가","SRC-031;SRC-032;SRC-033;SRC-034;SRC-045;SRC-046"
"OWN-001","OWN","C27","무료 데이터·사용량 권리","scored","3","medium","무료 데이터·사용량 권리에 대한 확인 가능한 사용자 결과","프로젝트 파일·자동 검사·브라우저·실기기 증거 범위에서 무료 데이터·사용량 권리을 보수적으로 평가","SRC-031;SRC-032;SRC-033;SRC-034;SRC-045;SRC-046"
"OWN-001","OWN","C28","관할·국가 지원 범위","scored","1","medium","관할·국가 지원 범위에 대한 확인 가능한 사용자 결과","프로젝트 파일·자동 검사·브라우저·실기기 증거 범위에서 관할·국가 지원 범위을 보수적으로 평가","SRC-031;SRC-032;SRC-033;SRC-034;SRC-045;SRC-046"
"SVC-001","A","C01","시작과 첫 가치","scored","3","medium","시작과 첫 가치에 대한 확인 가능한 사용자 결과","공식 기능·지원 자료에서 소비자 VPN의 시작과 첫 가치 제공 수준을 확인","SRC-001;SRC-039;SRC-040"
"SVC-001","A","C02","핵심 과업 완성도","scored","4","medium","핵심 과업 완성도에 대한 확인 가능한 사용자 결과","공식 기능·지원 자료에서 소비자 VPN의 핵심 과업 완성도 제공 수준을 확인","SRC-001;SRC-039;SRC-040"
"SVC-001","A","C03","개인화","scored","3","medium","개인화에 대한 확인 가능한 사용자 결과","공식 기능·지원 자료에서 소비자 VPN의 개인화 제공 수준을 확인","SRC-001;SRC-039;SRC-040"
"SVC-001","A","C04","결과 이해와 설명","scored","3","medium","결과 이해와 설명에 대한 확인 가능한 사용자 결과","공식 기능·지원 자료에서 소비자 VPN의 결과 이해와 설명 제공 수준을 확인","SRC-001;SRC-039;SRC-040"
"SVC-001","A","C05","오류·실패 복구","scored","3","medium","오류·실패 복구에 대한 확인 가능한 사용자 결과","공식 기능·지원 자료에서 소비자 VPN의 오류·실패 복구 제공 수준을 확인","SRC-001;SRC-039;SRC-040"
"SVC-001","A","C06","저장·내보내기·공유","unknown","","low","결과 미확인","공식 페이지에서 내보내기·공유의 실제 흐름을 확인하지 못함","SRC-001;SRC-039;SRC-040"
"SVC-001","A","C07","모바일 경험","scored","4","medium","모바일 경험에 대한 확인 가능한 사용자 결과","공식 기능·지원 자료에서 소비자 VPN의 모바일 경험 제공 수준을 확인","SRC-001;SRC-039;SRC-040"
"SVC-001","A","C08","PC 경험","scored","4","medium","PC 경험에 대한 확인 가능한 사용자 결과","공식 기능·지원 자료에서 소비자 VPN의 PC 경험 제공 수준을 확인","SRC-001;SRC-039;SRC-040"
"SVC-001","A","C09","플랫폼 간 연속성","scored","3","medium","플랫폼 간 연속성에 대한 확인 가능한 사용자 결과","공식 기능·지원 자료에서 소비자 VPN의 플랫폼 간 연속성 제공 수준을 확인","SRC-001;SRC-039;SRC-040"
"SVC-001","A","C10","접근성","unknown","","low","결과 미확인","공식 페이지에서 내보내기·공유의 실제 흐름을 확인하지 못함","SRC-001;SRC-039;SRC-040"
"SVC-001","A","C11","성능과 안정성","scored","3","medium","성능과 안정성에 대한 확인 가능한 사용자 결과","공식 기능·지원 자료에서 소비자 VPN의 성능과 안정성 제공 수준을 확인","SRC-001;SRC-039;SRC-040"
"SVC-001","A","C12","개인정보·보안","scored","3","medium","개인정보·보안에 대한 확인 가능한 사용자 결과","공식 기능·지원 자료에서 소비자 VPN의 개인정보·보안 제공 수준을 확인","SRC-001;SRC-039;SRC-040"
"SVC-001","A","C13","계정·권한·삭제","scored","3","medium","계정·권한·삭제에 대한 확인 가능한 사용자 결과","공식 기능·지원 자료에서 소비자 VPN의 계정·권한·삭제 제공 수준을 확인","SRC-001;SRC-039;SRC-040"
"SVC-001","A","C14","가격·결제·취소·환불","scored","3","medium","가격·결제·취소·환불에 대한 확인 가능한 사용자 결과","공식 기능·지원 자료에서 소비자 VPN의 가격·결제·취소·환불 제공 수준을 확인","SRC-001;SRC-039;SRC-040"
"SVC-001","A","C15","고객지원·장애 대응","scored","2","medium","고객지원·장애 대응에 대한 확인 가능한 사용자 결과","공식 기능·지원 자료에서 소비자 VPN의 고객지원·장애 대응 제공 수준을 확인","SRC-001;SRC-039;SRC-040"
"SVC-001","A","C16","장기 사용과 유지","scored","3","medium","장기 사용과 유지에 대한 확인 가능한 사용자 결과","공식 기능·지원 자료에서 소비자 VPN의 장기 사용과 유지 제공 수준을 확인","SRC-001;SRC-039;SRC-040"
"SVC-001","A","C17","팀·관리자·운영","scored","2","medium","팀·관리자·운영에 대한 확인 가능한 사용자 결과","공식 기능·지원 자료에서 소비자 VPN의 팀·관리자·운영 제공 수준을 확인","SRC-001;SRC-039;SRC-040"
"SVC-001","A","C18","차별화 요소","scored","3","medium","차별화 요소에 대한 확인 가능한 사용자 결과","공식 기능·지원 자료에서 소비자 VPN의 차별화 요소 제공 수준을 확인","SRC-001;SRC-039;SRC-040"
"SVC-001","A","C19","사용자 신뢰","scored","3","medium","사용자 신뢰에 대한 확인 가능한 사용자 결과","공식 기능·지원 자료에서 소비자 VPN의 사용자 신뢰 제공 수준을 확인","SRC-001;SRC-039;SRC-040"
"SVC-001","A","C20","도입하면 안 되는 부작용","scored","2","medium","도입하면 안 되는 부작용에 대한 확인 가능한 사용자 결과","공식 기능·지원 자료에서 소비자 VPN의 도입하면 안 되는 부작용 제공 수준을 확인","SRC-001;SRC-039;SRC-040"
"SVC-001","A","C21","프로토콜 투명성","scored","4","medium","프로토콜 투명성에 대한 확인 가능한 사용자 결과","공식 기능·지원 자료에서 소비자 VPN의 프로토콜 투명성 제공 수준을 확인","SRC-001;SRC-039;SRC-040"
"SVC-001","A","C22","킬 스위치·항상 연결","scored","3","medium","킬 스위치·항상 연결에 대한 확인 가능한 사용자 결과","공식 기능·지원 자료에서 소비자 VPN의 킬 스위치·항상 연결 제공 수준을 확인","SRC-001;SRC-039;SRC-040"
"SVC-001","A","C23","DNS·IPv6·누출 확인","scored","3","medium","DNS·IPv6·누출 확인에 대한 확인 가능한 사용자 결과","공식 기능·지원 자료에서 소비자 VPN의 DNS·IPv6·누출 확인 제공 수준을 확인","SRC-001;SRC-039;SRC-040"
"SVC-001","A","C24","검열 환경 복구","scored","2","medium","검열 환경 복구에 대한 확인 가능한 사용자 결과","공식 기능·지원 자료에서 소비자 VPN의 검열 환경 복구 제공 수준을 확인","SRC-001;SRC-039;SRC-040"
"SVC-001","A","C25","서버 상태·혼잡·대체","scored","2","medium","서버 상태·혼잡·대체에 대한 확인 가능한 사용자 결과","공식 기능·지원 자료에서 소비자 VPN의 서버 상태·혼잡·대체 제공 수준을 확인","SRC-001;SRC-039;SRC-040"
"SVC-001","A","C26","기기·프로필 발급·폐기","scored","3","medium","기기·프로필 발급·폐기에 대한 확인 가능한 사용자 결과","공식 기능·지원 자료에서 소비자 VPN의 기기·프로필 발급·폐기 제공 수준을 확인","SRC-001;SRC-039;SRC-040"
"SVC-001","A","C27","무료 데이터·사용량 권리","scored","3","medium","무료 데이터·사용량 권리에 대한 확인 가능한 사용자 결과","공식 기능·지원 자료에서 소비자 VPN의 무료 데이터·사용량 권리 제공 수준을 확인","SRC-001;SRC-039;SRC-040"
"SVC-001","A","C28","관할·국가 지원 범위","scored","3","medium","관할·국가 지원 범위에 대한 확인 가능한 사용자 결과","공식 기능·지원 자료에서 소비자 VPN의 관할·국가 지원 범위 제공 수준을 확인","SRC-001;SRC-039;SRC-040"
"SVC-002","A","C01","시작과 첫 가치","scored","3","medium","시작과 첫 가치에 대한 확인 가능한 사용자 결과","공식 기능·지원 자료에서 소비자 VPN의 시작과 첫 가치 제공 수준을 확인","SRC-002;SRC-039;SRC-040"
"SVC-002","A","C02","핵심 과업 완성도","scored","4","medium","핵심 과업 완성도에 대한 확인 가능한 사용자 결과","공식 기능·지원 자료에서 소비자 VPN의 핵심 과업 완성도 제공 수준을 확인","SRC-002;SRC-039;SRC-040"
"SVC-002","A","C03","개인화","scored","3","medium","개인화에 대한 확인 가능한 사용자 결과","공식 기능·지원 자료에서 소비자 VPN의 개인화 제공 수준을 확인","SRC-002;SRC-039;SRC-040"
"SVC-002","A","C04","결과 이해와 설명","scored","3","medium","결과 이해와 설명에 대한 확인 가능한 사용자 결과","공식 기능·지원 자료에서 소비자 VPN의 결과 이해와 설명 제공 수준을 확인","SRC-002;SRC-039;SRC-040"
"SVC-002","A","C05","오류·실패 복구","scored","3","medium","오류·실패 복구에 대한 확인 가능한 사용자 결과","공식 기능·지원 자료에서 소비자 VPN의 오류·실패 복구 제공 수준을 확인","SRC-002;SRC-039;SRC-040"
"SVC-002","A","C06","저장·내보내기·공유","unknown","","low","결과 미확인","공식 페이지에서 내보내기·공유의 실제 흐름을 확인하지 못함","SRC-002;SRC-039;SRC-040"
"SVC-002","A","C07","모바일 경험","scored","4","medium","모바일 경험에 대한 확인 가능한 사용자 결과","공식 기능·지원 자료에서 소비자 VPN의 모바일 경험 제공 수준을 확인","SRC-002;SRC-039;SRC-040"
"SVC-002","A","C08","PC 경험","scored","4","medium","PC 경험에 대한 확인 가능한 사용자 결과","공식 기능·지원 자료에서 소비자 VPN의 PC 경험 제공 수준을 확인","SRC-002;SRC-039;SRC-040"
"SVC-002","A","C09","플랫폼 간 연속성","scored","3","medium","플랫폼 간 연속성에 대한 확인 가능한 사용자 결과","공식 기능·지원 자료에서 소비자 VPN의 플랫폼 간 연속성 제공 수준을 확인","SRC-002;SRC-039;SRC-040"
"SVC-002","A","C10","접근성","unknown","","low","결과 미확인","공식 페이지에서 내보내기·공유의 실제 흐름을 확인하지 못함","SRC-002;SRC-039;SRC-040"
"SVC-002","A","C11","성능과 안정성","scored","3","medium","성능과 안정성에 대한 확인 가능한 사용자 결과","공식 기능·지원 자료에서 소비자 VPN의 성능과 안정성 제공 수준을 확인","SRC-002;SRC-039;SRC-040"
"SVC-002","A","C12","개인정보·보안","scored","3","medium","개인정보·보안에 대한 확인 가능한 사용자 결과","공식 기능·지원 자료에서 소비자 VPN의 개인정보·보안 제공 수준을 확인","SRC-002;SRC-039;SRC-040"
"SVC-002","A","C13","계정·권한·삭제","scored","3","medium","계정·권한·삭제에 대한 확인 가능한 사용자 결과","공식 기능·지원 자료에서 소비자 VPN의 계정·권한·삭제 제공 수준을 확인","SRC-002;SRC-039;SRC-040"
"SVC-002","A","C14","가격·결제·취소·환불","scored","3","medium","가격·결제·취소·환불에 대한 확인 가능한 사용자 결과","공식 기능·지원 자료에서 소비자 VPN의 가격·결제·취소·환불 제공 수준을 확인","SRC-002;SRC-039;SRC-040"
"SVC-002","A","C15","고객지원·장애 대응","scored","2","medium","고객지원·장애 대응에 대한 확인 가능한 사용자 결과","공식 기능·지원 자료에서 소비자 VPN의 고객지원·장애 대응 제공 수준을 확인","SRC-002;SRC-039;SRC-040"
"SVC-002","A","C16","장기 사용과 유지","scored","3","medium","장기 사용과 유지에 대한 확인 가능한 사용자 결과","공식 기능·지원 자료에서 소비자 VPN의 장기 사용과 유지 제공 수준을 확인","SRC-002;SRC-039;SRC-040"
"SVC-002","A","C17","팀·관리자·운영","scored","2","medium","팀·관리자·운영에 대한 확인 가능한 사용자 결과","공식 기능·지원 자료에서 소비자 VPN의 팀·관리자·운영 제공 수준을 확인","SRC-002;SRC-039;SRC-040"
"SVC-002","A","C18","차별화 요소","scored","3","medium","차별화 요소에 대한 확인 가능한 사용자 결과","공식 기능·지원 자료에서 소비자 VPN의 차별화 요소 제공 수준을 확인","SRC-002;SRC-039;SRC-040"
"SVC-002","A","C19","사용자 신뢰","scored","3","medium","사용자 신뢰에 대한 확인 가능한 사용자 결과","공식 기능·지원 자료에서 소비자 VPN의 사용자 신뢰 제공 수준을 확인","SRC-002;SRC-039;SRC-040"
"SVC-002","A","C20","도입하면 안 되는 부작용","scored","2","medium","도입하면 안 되는 부작용에 대한 확인 가능한 사용자 결과","공식 기능·지원 자료에서 소비자 VPN의 도입하면 안 되는 부작용 제공 수준을 확인","SRC-002;SRC-039;SRC-040"
"SVC-002","A","C21","프로토콜 투명성","scored","4","medium","프로토콜 투명성에 대한 확인 가능한 사용자 결과","공식 기능·지원 자료에서 소비자 VPN의 프로토콜 투명성 제공 수준을 확인","SRC-002;SRC-039;SRC-040"
"SVC-002","A","C22","킬 스위치·항상 연결","scored","3","medium","킬 스위치·항상 연결에 대한 확인 가능한 사용자 결과","공식 기능·지원 자료에서 소비자 VPN의 킬 스위치·항상 연결 제공 수준을 확인","SRC-002;SRC-039;SRC-040"
"SVC-002","A","C23","DNS·IPv6·누출 확인","scored","3","medium","DNS·IPv6·누출 확인에 대한 확인 가능한 사용자 결과","공식 기능·지원 자료에서 소비자 VPN의 DNS·IPv6·누출 확인 제공 수준을 확인","SRC-002;SRC-039;SRC-040"
"SVC-002","A","C24","검열 환경 복구","scored","2","medium","검열 환경 복구에 대한 확인 가능한 사용자 결과","공식 기능·지원 자료에서 소비자 VPN의 검열 환경 복구 제공 수준을 확인","SRC-002;SRC-039;SRC-040"
"SVC-002","A","C25","서버 상태·혼잡·대체","scored","2","medium","서버 상태·혼잡·대체에 대한 확인 가능한 사용자 결과","공식 기능·지원 자료에서 소비자 VPN의 서버 상태·혼잡·대체 제공 수준을 확인","SRC-002;SRC-039;SRC-040"
"SVC-002","A","C26","기기·프로필 발급·폐기","scored","3","medium","기기·프로필 발급·폐기에 대한 확인 가능한 사용자 결과","공식 기능·지원 자료에서 소비자 VPN의 기기·프로필 발급·폐기 제공 수준을 확인","SRC-002;SRC-039;SRC-040"
"SVC-002","A","C27","무료 데이터·사용량 권리","scored","3","medium","무료 데이터·사용량 권리에 대한 확인 가능한 사용자 결과","공식 기능·지원 자료에서 소비자 VPN의 무료 데이터·사용량 권리 제공 수준을 확인","SRC-002;SRC-039;SRC-040"
"SVC-002","A","C28","관할·국가 지원 범위","scored","3","medium","관할·국가 지원 범위에 대한 확인 가능한 사용자 결과","공식 기능·지원 자료에서 소비자 VPN의 관할·국가 지원 범위 제공 수준을 확인","SRC-002;SRC-039;SRC-040"
"SVC-003","A","C01","시작과 첫 가치","scored","3","medium","시작과 첫 가치에 대한 확인 가능한 사용자 결과","공식 기능·지원 자료에서 소비자 VPN의 시작과 첫 가치 제공 수준을 확인","SRC-003;SRC-039;SRC-040"
"SVC-003","A","C02","핵심 과업 완성도","scored","4","medium","핵심 과업 완성도에 대한 확인 가능한 사용자 결과","공식 기능·지원 자료에서 소비자 VPN의 핵심 과업 완성도 제공 수준을 확인","SRC-003;SRC-039;SRC-040"
"SVC-003","A","C03","개인화","scored","3","medium","개인화에 대한 확인 가능한 사용자 결과","공식 기능·지원 자료에서 소비자 VPN의 개인화 제공 수준을 확인","SRC-003;SRC-039;SRC-040"
"SVC-003","A","C04","결과 이해와 설명","scored","3","medium","결과 이해와 설명에 대한 확인 가능한 사용자 결과","공식 기능·지원 자료에서 소비자 VPN의 결과 이해와 설명 제공 수준을 확인","SRC-003;SRC-039;SRC-040"
"SVC-003","A","C05","오류·실패 복구","scored","3","medium","오류·실패 복구에 대한 확인 가능한 사용자 결과","공식 기능·지원 자료에서 소비자 VPN의 오류·실패 복구 제공 수준을 확인","SRC-003;SRC-039;SRC-040"
"SVC-003","A","C06","저장·내보내기·공유","unknown","","low","결과 미확인","공식 페이지에서 내보내기·공유의 실제 흐름을 확인하지 못함","SRC-003;SRC-039;SRC-040"
"SVC-003","A","C07","모바일 경험","scored","4","medium","모바일 경험에 대한 확인 가능한 사용자 결과","공식 기능·지원 자료에서 소비자 VPN의 모바일 경험 제공 수준을 확인","SRC-003;SRC-039;SRC-040"
"SVC-003","A","C08","PC 경험","scored","4","medium","PC 경험에 대한 확인 가능한 사용자 결과","공식 기능·지원 자료에서 소비자 VPN의 PC 경험 제공 수준을 확인","SRC-003;SRC-039;SRC-040"
"SVC-003","A","C09","플랫폼 간 연속성","scored","3","medium","플랫폼 간 연속성에 대한 확인 가능한 사용자 결과","공식 기능·지원 자료에서 소비자 VPN의 플랫폼 간 연속성 제공 수준을 확인","SRC-003;SRC-039;SRC-040"
"SVC-003","A","C10","접근성","unknown","","low","결과 미확인","공식 페이지에서 내보내기·공유의 실제 흐름을 확인하지 못함","SRC-003;SRC-039;SRC-040"
"SVC-003","A","C11","성능과 안정성","scored","3","medium","성능과 안정성에 대한 확인 가능한 사용자 결과","공식 기능·지원 자료에서 소비자 VPN의 성능과 안정성 제공 수준을 확인","SRC-003;SRC-039;SRC-040"
"SVC-003","A","C12","개인정보·보안","scored","3","medium","개인정보·보안에 대한 확인 가능한 사용자 결과","공식 기능·지원 자료에서 소비자 VPN의 개인정보·보안 제공 수준을 확인","SRC-003;SRC-039;SRC-040"
"SVC-003","A","C13","계정·권한·삭제","scored","3","medium","계정·권한·삭제에 대한 확인 가능한 사용자 결과","공식 기능·지원 자료에서 소비자 VPN의 계정·권한·삭제 제공 수준을 확인","SRC-003;SRC-039;SRC-040"
"SVC-003","A","C14","가격·결제·취소·환불","scored","3","medium","가격·결제·취소·환불에 대한 확인 가능한 사용자 결과","공식 기능·지원 자료에서 소비자 VPN의 가격·결제·취소·환불 제공 수준을 확인","SRC-003;SRC-039;SRC-040"
"SVC-003","A","C15","고객지원·장애 대응","scored","2","medium","고객지원·장애 대응에 대한 확인 가능한 사용자 결과","공식 기능·지원 자료에서 소비자 VPN의 고객지원·장애 대응 제공 수준을 확인","SRC-003;SRC-039;SRC-040"
"SVC-003","A","C16","장기 사용과 유지","scored","3","medium","장기 사용과 유지에 대한 확인 가능한 사용자 결과","공식 기능·지원 자료에서 소비자 VPN의 장기 사용과 유지 제공 수준을 확인","SRC-003;SRC-039;SRC-040"
"SVC-003","A","C17","팀·관리자·운영","scored","2","medium","팀·관리자·운영에 대한 확인 가능한 사용자 결과","공식 기능·지원 자료에서 소비자 VPN의 팀·관리자·운영 제공 수준을 확인","SRC-003;SRC-039;SRC-040"
"SVC-003","A","C18","차별화 요소","scored","3","medium","차별화 요소에 대한 확인 가능한 사용자 결과","공식 기능·지원 자료에서 소비자 VPN의 차별화 요소 제공 수준을 확인","SRC-003;SRC-039;SRC-040"
"SVC-003","A","C19","사용자 신뢰","scored","3","medium","사용자 신뢰에 대한 확인 가능한 사용자 결과","공식 기능·지원 자료에서 소비자 VPN의 사용자 신뢰 제공 수준을 확인","SRC-003;SRC-039;SRC-040"
"SVC-003","A","C20","도입하면 안 되는 부작용","scored","2","medium","도입하면 안 되는 부작용에 대한 확인 가능한 사용자 결과","공식 기능·지원 자료에서 소비자 VPN의 도입하면 안 되는 부작용 제공 수준을 확인","SRC-003;SRC-039;SRC-040"
"SVC-003","A","C21","프로토콜 투명성","scored","4","medium","프로토콜 투명성에 대한 확인 가능한 사용자 결과","공식 기능·지원 자료에서 소비자 VPN의 프로토콜 투명성 제공 수준을 확인","SRC-003;SRC-039;SRC-040"
"SVC-003","A","C22","킬 스위치·항상 연결","scored","3","medium","킬 스위치·항상 연결에 대한 확인 가능한 사용자 결과","공식 기능·지원 자료에서 소비자 VPN의 킬 스위치·항상 연결 제공 수준을 확인","SRC-003;SRC-039;SRC-040"
"SVC-003","A","C23","DNS·IPv6·누출 확인","scored","3","medium","DNS·IPv6·누출 확인에 대한 확인 가능한 사용자 결과","공식 기능·지원 자료에서 소비자 VPN의 DNS·IPv6·누출 확인 제공 수준을 확인","SRC-003;SRC-039;SRC-040"
"SVC-003","A","C24","검열 환경 복구","scored","2","medium","검열 환경 복구에 대한 확인 가능한 사용자 결과","공식 기능·지원 자료에서 소비자 VPN의 검열 환경 복구 제공 수준을 확인","SRC-003;SRC-039;SRC-040"
"SVC-003","A","C25","서버 상태·혼잡·대체","scored","2","medium","서버 상태·혼잡·대체에 대한 확인 가능한 사용자 결과","공식 기능·지원 자료에서 소비자 VPN의 서버 상태·혼잡·대체 제공 수준을 확인","SRC-003;SRC-039;SRC-040"
"SVC-003","A","C26","기기·프로필 발급·폐기","scored","3","medium","기기·프로필 발급·폐기에 대한 확인 가능한 사용자 결과","공식 기능·지원 자료에서 소비자 VPN의 기기·프로필 발급·폐기 제공 수준을 확인","SRC-003;SRC-039;SRC-040"
"SVC-003","A","C27","무료 데이터·사용량 권리","scored","3","medium","무료 데이터·사용량 권리에 대한 확인 가능한 사용자 결과","공식 기능·지원 자료에서 소비자 VPN의 무료 데이터·사용량 권리 제공 수준을 확인","SRC-003;SRC-039;SRC-040"
"SVC-003","A","C28","관할·국가 지원 범위","scored","3","medium","관할·국가 지원 범위에 대한 확인 가능한 사용자 결과","공식 기능·지원 자료에서 소비자 VPN의 관할·국가 지원 범위 제공 수준을 확인","SRC-003;SRC-039;SRC-040"
"SVC-004","A","C01","시작과 첫 가치","scored","3","medium","시작과 첫 가치에 대한 확인 가능한 사용자 결과","공식 기능·지원 자료에서 소비자 VPN의 시작과 첫 가치 제공 수준을 확인","SRC-004;SRC-039;SRC-040"
"SVC-004","A","C02","핵심 과업 완성도","scored","4","medium","핵심 과업 완성도에 대한 확인 가능한 사용자 결과","공식 기능·지원 자료에서 소비자 VPN의 핵심 과업 완성도 제공 수준을 확인","SRC-004;SRC-039;SRC-040"
"SVC-004","A","C03","개인화","scored","3","medium","개인화에 대한 확인 가능한 사용자 결과","공식 기능·지원 자료에서 소비자 VPN의 개인화 제공 수준을 확인","SRC-004;SRC-039;SRC-040"
"SVC-004","A","C04","결과 이해와 설명","scored","3","medium","결과 이해와 설명에 대한 확인 가능한 사용자 결과","공식 기능·지원 자료에서 소비자 VPN의 결과 이해와 설명 제공 수준을 확인","SRC-004;SRC-039;SRC-040"
"SVC-004","A","C05","오류·실패 복구","scored","3","medium","오류·실패 복구에 대한 확인 가능한 사용자 결과","공식 기능·지원 자료에서 소비자 VPN의 오류·실패 복구 제공 수준을 확인","SRC-004;SRC-039;SRC-040"
"SVC-004","A","C06","저장·내보내기·공유","unknown","","low","결과 미확인","공식 페이지에서 내보내기·공유의 실제 흐름을 확인하지 못함","SRC-004;SRC-039;SRC-040"
"SVC-004","A","C07","모바일 경험","scored","4","medium","모바일 경험에 대한 확인 가능한 사용자 결과","공식 기능·지원 자료에서 소비자 VPN의 모바일 경험 제공 수준을 확인","SRC-004;SRC-039;SRC-040"
"SVC-004","A","C08","PC 경험","scored","4","medium","PC 경험에 대한 확인 가능한 사용자 결과","공식 기능·지원 자료에서 소비자 VPN의 PC 경험 제공 수준을 확인","SRC-004;SRC-039;SRC-040"
"SVC-004","A","C09","플랫폼 간 연속성","scored","3","medium","플랫폼 간 연속성에 대한 확인 가능한 사용자 결과","공식 기능·지원 자료에서 소비자 VPN의 플랫폼 간 연속성 제공 수준을 확인","SRC-004;SRC-039;SRC-040"
"SVC-004","A","C10","접근성","unknown","","low","결과 미확인","공식 페이지에서 내보내기·공유의 실제 흐름을 확인하지 못함","SRC-004;SRC-039;SRC-040"
"SVC-004","A","C11","성능과 안정성","scored","3","medium","성능과 안정성에 대한 확인 가능한 사용자 결과","공식 기능·지원 자료에서 소비자 VPN의 성능과 안정성 제공 수준을 확인","SRC-004;SRC-039;SRC-040"
"SVC-004","A","C12","개인정보·보안","scored","3","medium","개인정보·보안에 대한 확인 가능한 사용자 결과","공식 기능·지원 자료에서 소비자 VPN의 개인정보·보안 제공 수준을 확인","SRC-004;SRC-039;SRC-040"
"SVC-004","A","C13","계정·권한·삭제","scored","3","medium","계정·권한·삭제에 대한 확인 가능한 사용자 결과","공식 기능·지원 자료에서 소비자 VPN의 계정·권한·삭제 제공 수준을 확인","SRC-004;SRC-039;SRC-040"
"SVC-004","A","C14","가격·결제·취소·환불","scored","3","medium","가격·결제·취소·환불에 대한 확인 가능한 사용자 결과","공식 기능·지원 자료에서 소비자 VPN의 가격·결제·취소·환불 제공 수준을 확인","SRC-004;SRC-039;SRC-040"
"SVC-004","A","C15","고객지원·장애 대응","scored","2","medium","고객지원·장애 대응에 대한 확인 가능한 사용자 결과","공식 기능·지원 자료에서 소비자 VPN의 고객지원·장애 대응 제공 수준을 확인","SRC-004;SRC-039;SRC-040"
"SVC-004","A","C16","장기 사용과 유지","scored","3","medium","장기 사용과 유지에 대한 확인 가능한 사용자 결과","공식 기능·지원 자료에서 소비자 VPN의 장기 사용과 유지 제공 수준을 확인","SRC-004;SRC-039;SRC-040"
"SVC-004","A","C17","팀·관리자·운영","scored","2","medium","팀·관리자·운영에 대한 확인 가능한 사용자 결과","공식 기능·지원 자료에서 소비자 VPN의 팀·관리자·운영 제공 수준을 확인","SRC-004;SRC-039;SRC-040"
"SVC-004","A","C18","차별화 요소","scored","3","medium","차별화 요소에 대한 확인 가능한 사용자 결과","공식 기능·지원 자료에서 소비자 VPN의 차별화 요소 제공 수준을 확인","SRC-004;SRC-039;SRC-040"
"SVC-004","A","C19","사용자 신뢰","scored","3","medium","사용자 신뢰에 대한 확인 가능한 사용자 결과","공식 기능·지원 자료에서 소비자 VPN의 사용자 신뢰 제공 수준을 확인","SRC-004;SRC-039;SRC-040"
"SVC-004","A","C20","도입하면 안 되는 부작용","scored","2","medium","도입하면 안 되는 부작용에 대한 확인 가능한 사용자 결과","공식 기능·지원 자료에서 소비자 VPN의 도입하면 안 되는 부작용 제공 수준을 확인","SRC-004;SRC-039;SRC-040"
"SVC-004","A","C21","프로토콜 투명성","scored","4","medium","프로토콜 투명성에 대한 확인 가능한 사용자 결과","공식 기능·지원 자료에서 소비자 VPN의 프로토콜 투명성 제공 수준을 확인","SRC-004;SRC-039;SRC-040"
"SVC-004","A","C22","킬 스위치·항상 연결","scored","3","medium","킬 스위치·항상 연결에 대한 확인 가능한 사용자 결과","공식 기능·지원 자료에서 소비자 VPN의 킬 스위치·항상 연결 제공 수준을 확인","SRC-004;SRC-039;SRC-040"
"SVC-004","A","C23","DNS·IPv6·누출 확인","scored","3","medium","DNS·IPv6·누출 확인에 대한 확인 가능한 사용자 결과","공식 기능·지원 자료에서 소비자 VPN의 DNS·IPv6·누출 확인 제공 수준을 확인","SRC-004;SRC-039;SRC-040"
"SVC-004","A","C24","검열 환경 복구","scored","2","medium","검열 환경 복구에 대한 확인 가능한 사용자 결과","공식 기능·지원 자료에서 소비자 VPN의 검열 환경 복구 제공 수준을 확인","SRC-004;SRC-039;SRC-040"
"SVC-004","A","C25","서버 상태·혼잡·대체","scored","2","medium","서버 상태·혼잡·대체에 대한 확인 가능한 사용자 결과","공식 기능·지원 자료에서 소비자 VPN의 서버 상태·혼잡·대체 제공 수준을 확인","SRC-004;SRC-039;SRC-040"
"SVC-004","A","C26","기기·프로필 발급·폐기","scored","3","medium","기기·프로필 발급·폐기에 대한 확인 가능한 사용자 결과","공식 기능·지원 자료에서 소비자 VPN의 기기·프로필 발급·폐기 제공 수준을 확인","SRC-004;SRC-039;SRC-040"
"SVC-004","A","C27","무료 데이터·사용량 권리","scored","3","medium","무료 데이터·사용량 권리에 대한 확인 가능한 사용자 결과","공식 기능·지원 자료에서 소비자 VPN의 무료 데이터·사용량 권리 제공 수준을 확인","SRC-004;SRC-039;SRC-040"
"SVC-004","A","C28","관할·국가 지원 범위","scored","3","medium","관할·국가 지원 범위에 대한 확인 가능한 사용자 결과","공식 기능·지원 자료에서 소비자 VPN의 관할·국가 지원 범위 제공 수준을 확인","SRC-004;SRC-039;SRC-040"
"SVC-005","A","C01","시작과 첫 가치","scored","3","medium","시작과 첫 가치에 대한 확인 가능한 사용자 결과","공식 기능·지원 자료에서 소비자 VPN의 시작과 첫 가치 제공 수준을 확인","SRC-005;SRC-039;SRC-040"
"SVC-005","A","C02","핵심 과업 완성도","scored","4","medium","핵심 과업 완성도에 대한 확인 가능한 사용자 결과","공식 기능·지원 자료에서 소비자 VPN의 핵심 과업 완성도 제공 수준을 확인","SRC-005;SRC-039;SRC-040"
"SVC-005","A","C03","개인화","scored","3","medium","개인화에 대한 확인 가능한 사용자 결과","공식 기능·지원 자료에서 소비자 VPN의 개인화 제공 수준을 확인","SRC-005;SRC-039;SRC-040"
"SVC-005","A","C04","결과 이해와 설명","scored","3","medium","결과 이해와 설명에 대한 확인 가능한 사용자 결과","공식 기능·지원 자료에서 소비자 VPN의 결과 이해와 설명 제공 수준을 확인","SRC-005;SRC-039;SRC-040"
"SVC-005","A","C05","오류·실패 복구","scored","3","medium","오류·실패 복구에 대한 확인 가능한 사용자 결과","공식 기능·지원 자료에서 소비자 VPN의 오류·실패 복구 제공 수준을 확인","SRC-005;SRC-039;SRC-040"
"SVC-005","A","C06","저장·내보내기·공유","unknown","","low","결과 미확인","공식 페이지에서 내보내기·공유의 실제 흐름을 확인하지 못함","SRC-005;SRC-039;SRC-040"
"SVC-005","A","C07","모바일 경험","scored","4","medium","모바일 경험에 대한 확인 가능한 사용자 결과","공식 기능·지원 자료에서 소비자 VPN의 모바일 경험 제공 수준을 확인","SRC-005;SRC-039;SRC-040"
"SVC-005","A","C08","PC 경험","scored","4","medium","PC 경험에 대한 확인 가능한 사용자 결과","공식 기능·지원 자료에서 소비자 VPN의 PC 경험 제공 수준을 확인","SRC-005;SRC-039;SRC-040"
"SVC-005","A","C09","플랫폼 간 연속성","scored","3","medium","플랫폼 간 연속성에 대한 확인 가능한 사용자 결과","공식 기능·지원 자료에서 소비자 VPN의 플랫폼 간 연속성 제공 수준을 확인","SRC-005;SRC-039;SRC-040"
"SVC-005","A","C10","접근성","unknown","","low","결과 미확인","공식 페이지에서 내보내기·공유의 실제 흐름을 확인하지 못함","SRC-005;SRC-039;SRC-040"
"SVC-005","A","C11","성능과 안정성","scored","3","medium","성능과 안정성에 대한 확인 가능한 사용자 결과","공식 기능·지원 자료에서 소비자 VPN의 성능과 안정성 제공 수준을 확인","SRC-005;SRC-039;SRC-040"
"SVC-005","A","C12","개인정보·보안","scored","3","medium","개인정보·보안에 대한 확인 가능한 사용자 결과","공식 기능·지원 자료에서 소비자 VPN의 개인정보·보안 제공 수준을 확인","SRC-005;SRC-039;SRC-040"
"SVC-005","A","C13","계정·권한·삭제","scored","3","medium","계정·권한·삭제에 대한 확인 가능한 사용자 결과","공식 기능·지원 자료에서 소비자 VPN의 계정·권한·삭제 제공 수준을 확인","SRC-005;SRC-039;SRC-040"
"SVC-005","A","C14","가격·결제·취소·환불","scored","3","medium","가격·결제·취소·환불에 대한 확인 가능한 사용자 결과","공식 기능·지원 자료에서 소비자 VPN의 가격·결제·취소·환불 제공 수준을 확인","SRC-005;SRC-039;SRC-040"
"SVC-005","A","C15","고객지원·장애 대응","scored","2","medium","고객지원·장애 대응에 대한 확인 가능한 사용자 결과","공식 기능·지원 자료에서 소비자 VPN의 고객지원·장애 대응 제공 수준을 확인","SRC-005;SRC-039;SRC-040"
"SVC-005","A","C16","장기 사용과 유지","scored","3","medium","장기 사용과 유지에 대한 확인 가능한 사용자 결과","공식 기능·지원 자료에서 소비자 VPN의 장기 사용과 유지 제공 수준을 확인","SRC-005;SRC-039;SRC-040"
"SVC-005","A","C17","팀·관리자·운영","scored","2","medium","팀·관리자·운영에 대한 확인 가능한 사용자 결과","공식 기능·지원 자료에서 소비자 VPN의 팀·관리자·운영 제공 수준을 확인","SRC-005;SRC-039;SRC-040"
"SVC-005","A","C18","차별화 요소","scored","3","medium","차별화 요소에 대한 확인 가능한 사용자 결과","공식 기능·지원 자료에서 소비자 VPN의 차별화 요소 제공 수준을 확인","SRC-005;SRC-039;SRC-040"
"SVC-005","A","C19","사용자 신뢰","scored","3","medium","사용자 신뢰에 대한 확인 가능한 사용자 결과","공식 기능·지원 자료에서 소비자 VPN의 사용자 신뢰 제공 수준을 확인","SRC-005;SRC-039;SRC-040"
"SVC-005","A","C20","도입하면 안 되는 부작용","scored","2","medium","도입하면 안 되는 부작용에 대한 확인 가능한 사용자 결과","공식 기능·지원 자료에서 소비자 VPN의 도입하면 안 되는 부작용 제공 수준을 확인","SRC-005;SRC-039;SRC-040"
"SVC-005","A","C21","프로토콜 투명성","scored","4","medium","프로토콜 투명성에 대한 확인 가능한 사용자 결과","공식 기능·지원 자료에서 소비자 VPN의 프로토콜 투명성 제공 수준을 확인","SRC-005;SRC-039;SRC-040"
"SVC-005","A","C22","킬 스위치·항상 연결","scored","3","medium","킬 스위치·항상 연결에 대한 확인 가능한 사용자 결과","공식 기능·지원 자료에서 소비자 VPN의 킬 스위치·항상 연결 제공 수준을 확인","SRC-005;SRC-039;SRC-040"
"SVC-005","A","C23","DNS·IPv6·누출 확인","scored","3","medium","DNS·IPv6·누출 확인에 대한 확인 가능한 사용자 결과","공식 기능·지원 자료에서 소비자 VPN의 DNS·IPv6·누출 확인 제공 수준을 확인","SRC-005;SRC-039;SRC-040"
"SVC-005","A","C24","검열 환경 복구","scored","2","medium","검열 환경 복구에 대한 확인 가능한 사용자 결과","공식 기능·지원 자료에서 소비자 VPN의 검열 환경 복구 제공 수준을 확인","SRC-005;SRC-039;SRC-040"
"SVC-005","A","C25","서버 상태·혼잡·대체","scored","2","medium","서버 상태·혼잡·대체에 대한 확인 가능한 사용자 결과","공식 기능·지원 자료에서 소비자 VPN의 서버 상태·혼잡·대체 제공 수준을 확인","SRC-005;SRC-039;SRC-040"
"SVC-005","A","C26","기기·프로필 발급·폐기","scored","3","medium","기기·프로필 발급·폐기에 대한 확인 가능한 사용자 결과","공식 기능·지원 자료에서 소비자 VPN의 기기·프로필 발급·폐기 제공 수준을 확인","SRC-005;SRC-039;SRC-040"
"SVC-005","A","C27","무료 데이터·사용량 권리","scored","3","medium","무료 데이터·사용량 권리에 대한 확인 가능한 사용자 결과","공식 기능·지원 자료에서 소비자 VPN의 무료 데이터·사용량 권리 제공 수준을 확인","SRC-005;SRC-039;SRC-040"
"SVC-005","A","C28","관할·국가 지원 범위","scored","3","medium","관할·국가 지원 범위에 대한 확인 가능한 사용자 결과","공식 기능·지원 자료에서 소비자 VPN의 관할·국가 지원 범위 제공 수준을 확인","SRC-005;SRC-039;SRC-040"
"SVC-006","A","C01","시작과 첫 가치","scored","3","medium","시작과 첫 가치에 대한 확인 가능한 사용자 결과","공식 기능·지원 자료에서 소비자 VPN의 시작과 첫 가치 제공 수준을 확인","SRC-006;SRC-039;SRC-040"
"SVC-006","A","C02","핵심 과업 완성도","scored","4","medium","핵심 과업 완성도에 대한 확인 가능한 사용자 결과","공식 기능·지원 자료에서 소비자 VPN의 핵심 과업 완성도 제공 수준을 확인","SRC-006;SRC-039;SRC-040"
"SVC-006","A","C03","개인화","scored","3","medium","개인화에 대한 확인 가능한 사용자 결과","공식 기능·지원 자료에서 소비자 VPN의 개인화 제공 수준을 확인","SRC-006;SRC-039;SRC-040"
"SVC-006","A","C04","결과 이해와 설명","scored","3","medium","결과 이해와 설명에 대한 확인 가능한 사용자 결과","공식 기능·지원 자료에서 소비자 VPN의 결과 이해와 설명 제공 수준을 확인","SRC-006;SRC-039;SRC-040"
"SVC-006","A","C05","오류·실패 복구","scored","3","medium","오류·실패 복구에 대한 확인 가능한 사용자 결과","공식 기능·지원 자료에서 소비자 VPN의 오류·실패 복구 제공 수준을 확인","SRC-006;SRC-039;SRC-040"
"SVC-006","A","C06","저장·내보내기·공유","unknown","","low","결과 미확인","공식 페이지에서 내보내기·공유의 실제 흐름을 확인하지 못함","SRC-006;SRC-039;SRC-040"
"SVC-006","A","C07","모바일 경험","scored","4","medium","모바일 경험에 대한 확인 가능한 사용자 결과","공식 기능·지원 자료에서 소비자 VPN의 모바일 경험 제공 수준을 확인","SRC-006;SRC-039;SRC-040"
"SVC-006","A","C08","PC 경험","scored","4","medium","PC 경험에 대한 확인 가능한 사용자 결과","공식 기능·지원 자료에서 소비자 VPN의 PC 경험 제공 수준을 확인","SRC-006;SRC-039;SRC-040"
"SVC-006","A","C09","플랫폼 간 연속성","scored","3","medium","플랫폼 간 연속성에 대한 확인 가능한 사용자 결과","공식 기능·지원 자료에서 소비자 VPN의 플랫폼 간 연속성 제공 수준을 확인","SRC-006;SRC-039;SRC-040"
"SVC-006","A","C10","접근성","unknown","","low","결과 미확인","공식 페이지에서 내보내기·공유의 실제 흐름을 확인하지 못함","SRC-006;SRC-039;SRC-040"
"SVC-006","A","C11","성능과 안정성","scored","3","medium","성능과 안정성에 대한 확인 가능한 사용자 결과","공식 기능·지원 자료에서 소비자 VPN의 성능과 안정성 제공 수준을 확인","SRC-006;SRC-039;SRC-040"
"SVC-006","A","C12","개인정보·보안","scored","3","medium","개인정보·보안에 대한 확인 가능한 사용자 결과","공식 기능·지원 자료에서 소비자 VPN의 개인정보·보안 제공 수준을 확인","SRC-006;SRC-039;SRC-040"
"SVC-006","A","C13","계정·권한·삭제","scored","3","medium","계정·권한·삭제에 대한 확인 가능한 사용자 결과","공식 기능·지원 자료에서 소비자 VPN의 계정·권한·삭제 제공 수준을 확인","SRC-006;SRC-039;SRC-040"
"SVC-006","A","C14","가격·결제·취소·환불","scored","3","medium","가격·결제·취소·환불에 대한 확인 가능한 사용자 결과","공식 기능·지원 자료에서 소비자 VPN의 가격·결제·취소·환불 제공 수준을 확인","SRC-006;SRC-039;SRC-040"
"SVC-006","A","C15","고객지원·장애 대응","scored","2","medium","고객지원·장애 대응에 대한 확인 가능한 사용자 결과","공식 기능·지원 자료에서 소비자 VPN의 고객지원·장애 대응 제공 수준을 확인","SRC-006;SRC-039;SRC-040"
"SVC-006","A","C16","장기 사용과 유지","scored","3","medium","장기 사용과 유지에 대한 확인 가능한 사용자 결과","공식 기능·지원 자료에서 소비자 VPN의 장기 사용과 유지 제공 수준을 확인","SRC-006;SRC-039;SRC-040"
"SVC-006","A","C17","팀·관리자·운영","scored","2","medium","팀·관리자·운영에 대한 확인 가능한 사용자 결과","공식 기능·지원 자료에서 소비자 VPN의 팀·관리자·운영 제공 수준을 확인","SRC-006;SRC-039;SRC-040"
"SVC-006","A","C18","차별화 요소","scored","3","medium","차별화 요소에 대한 확인 가능한 사용자 결과","공식 기능·지원 자료에서 소비자 VPN의 차별화 요소 제공 수준을 확인","SRC-006;SRC-039;SRC-040"
"SVC-006","A","C19","사용자 신뢰","scored","3","medium","사용자 신뢰에 대한 확인 가능한 사용자 결과","공식 기능·지원 자료에서 소비자 VPN의 사용자 신뢰 제공 수준을 확인","SRC-006;SRC-039;SRC-040"
"SVC-006","A","C20","도입하면 안 되는 부작용","scored","2","medium","도입하면 안 되는 부작용에 대한 확인 가능한 사용자 결과","공식 기능·지원 자료에서 소비자 VPN의 도입하면 안 되는 부작용 제공 수준을 확인","SRC-006;SRC-039;SRC-040"
"SVC-006","A","C21","프로토콜 투명성","scored","4","medium","프로토콜 투명성에 대한 확인 가능한 사용자 결과","공식 기능·지원 자료에서 소비자 VPN의 프로토콜 투명성 제공 수준을 확인","SRC-006;SRC-039;SRC-040"
"SVC-006","A","C22","킬 스위치·항상 연결","scored","3","medium","킬 스위치·항상 연결에 대한 확인 가능한 사용자 결과","공식 기능·지원 자료에서 소비자 VPN의 킬 스위치·항상 연결 제공 수준을 확인","SRC-006;SRC-039;SRC-040"
"SVC-006","A","C23","DNS·IPv6·누출 확인","scored","3","medium","DNS·IPv6·누출 확인에 대한 확인 가능한 사용자 결과","공식 기능·지원 자료에서 소비자 VPN의 DNS·IPv6·누출 확인 제공 수준을 확인","SRC-006;SRC-039;SRC-040"
"SVC-006","A","C24","검열 환경 복구","scored","2","medium","검열 환경 복구에 대한 확인 가능한 사용자 결과","공식 기능·지원 자료에서 소비자 VPN의 검열 환경 복구 제공 수준을 확인","SRC-006;SRC-039;SRC-040"
"SVC-006","A","C25","서버 상태·혼잡·대체","scored","2","medium","서버 상태·혼잡·대체에 대한 확인 가능한 사용자 결과","공식 기능·지원 자료에서 소비자 VPN의 서버 상태·혼잡·대체 제공 수준을 확인","SRC-006;SRC-039;SRC-040"
"SVC-006","A","C26","기기·프로필 발급·폐기","scored","3","medium","기기·프로필 발급·폐기에 대한 확인 가능한 사용자 결과","공식 기능·지원 자료에서 소비자 VPN의 기기·프로필 발급·폐기 제공 수준을 확인","SRC-006;SRC-039;SRC-040"
"SVC-006","A","C27","무료 데이터·사용량 권리","scored","3","medium","무료 데이터·사용량 권리에 대한 확인 가능한 사용자 결과","공식 기능·지원 자료에서 소비자 VPN의 무료 데이터·사용량 권리 제공 수준을 확인","SRC-006;SRC-039;SRC-040"
"SVC-006","A","C28","관할·국가 지원 범위","scored","3","medium","관할·국가 지원 범위에 대한 확인 가능한 사용자 결과","공식 기능·지원 자료에서 소비자 VPN의 관할·국가 지원 범위 제공 수준을 확인","SRC-006;SRC-039;SRC-040"
"SVC-007","A","C01","시작과 첫 가치","scored","3","medium","시작과 첫 가치에 대한 확인 가능한 사용자 결과","공식 기능·지원 자료에서 소비자 VPN의 시작과 첫 가치 제공 수준을 확인","SRC-007;SRC-039;SRC-040"
"SVC-007","A","C02","핵심 과업 완성도","scored","4","medium","핵심 과업 완성도에 대한 확인 가능한 사용자 결과","공식 기능·지원 자료에서 소비자 VPN의 핵심 과업 완성도 제공 수준을 확인","SRC-007;SRC-039;SRC-040"
"SVC-007","A","C03","개인화","scored","3","medium","개인화에 대한 확인 가능한 사용자 결과","공식 기능·지원 자료에서 소비자 VPN의 개인화 제공 수준을 확인","SRC-007;SRC-039;SRC-040"
"SVC-007","A","C04","결과 이해와 설명","scored","3","medium","결과 이해와 설명에 대한 확인 가능한 사용자 결과","공식 기능·지원 자료에서 소비자 VPN의 결과 이해와 설명 제공 수준을 확인","SRC-007;SRC-039;SRC-040"
"SVC-007","A","C05","오류·실패 복구","scored","3","medium","오류·실패 복구에 대한 확인 가능한 사용자 결과","공식 기능·지원 자료에서 소비자 VPN의 오류·실패 복구 제공 수준을 확인","SRC-007;SRC-039;SRC-040"
"SVC-007","A","C06","저장·내보내기·공유","unknown","","low","결과 미확인","공식 페이지에서 내보내기·공유의 실제 흐름을 확인하지 못함","SRC-007;SRC-039;SRC-040"
"SVC-007","A","C07","모바일 경험","scored","4","medium","모바일 경험에 대한 확인 가능한 사용자 결과","공식 기능·지원 자료에서 소비자 VPN의 모바일 경험 제공 수준을 확인","SRC-007;SRC-039;SRC-040"
"SVC-007","A","C08","PC 경험","scored","4","medium","PC 경험에 대한 확인 가능한 사용자 결과","공식 기능·지원 자료에서 소비자 VPN의 PC 경험 제공 수준을 확인","SRC-007;SRC-039;SRC-040"
"SVC-007","A","C09","플랫폼 간 연속성","scored","3","medium","플랫폼 간 연속성에 대한 확인 가능한 사용자 결과","공식 기능·지원 자료에서 소비자 VPN의 플랫폼 간 연속성 제공 수준을 확인","SRC-007;SRC-039;SRC-040"
"SVC-007","A","C10","접근성","unknown","","low","결과 미확인","공식 페이지에서 내보내기·공유의 실제 흐름을 확인하지 못함","SRC-007;SRC-039;SRC-040"
"SVC-007","A","C11","성능과 안정성","scored","3","medium","성능과 안정성에 대한 확인 가능한 사용자 결과","공식 기능·지원 자료에서 소비자 VPN의 성능과 안정성 제공 수준을 확인","SRC-007;SRC-039;SRC-040"
"SVC-007","A","C12","개인정보·보안","scored","3","medium","개인정보·보안에 대한 확인 가능한 사용자 결과","공식 기능·지원 자료에서 소비자 VPN의 개인정보·보안 제공 수준을 확인","SRC-007;SRC-039;SRC-040"
"SVC-007","A","C13","계정·권한·삭제","scored","3","medium","계정·권한·삭제에 대한 확인 가능한 사용자 결과","공식 기능·지원 자료에서 소비자 VPN의 계정·권한·삭제 제공 수준을 확인","SRC-007;SRC-039;SRC-040"
"SVC-007","A","C14","가격·결제·취소·환불","scored","3","medium","가격·결제·취소·환불에 대한 확인 가능한 사용자 결과","공식 기능·지원 자료에서 소비자 VPN의 가격·결제·취소·환불 제공 수준을 확인","SRC-007;SRC-039;SRC-040"
"SVC-007","A","C15","고객지원·장애 대응","scored","2","medium","고객지원·장애 대응에 대한 확인 가능한 사용자 결과","공식 기능·지원 자료에서 소비자 VPN의 고객지원·장애 대응 제공 수준을 확인","SRC-007;SRC-039;SRC-040"
"SVC-007","A","C16","장기 사용과 유지","scored","3","medium","장기 사용과 유지에 대한 확인 가능한 사용자 결과","공식 기능·지원 자료에서 소비자 VPN의 장기 사용과 유지 제공 수준을 확인","SRC-007;SRC-039;SRC-040"
"SVC-007","A","C17","팀·관리자·운영","scored","2","medium","팀·관리자·운영에 대한 확인 가능한 사용자 결과","공식 기능·지원 자료에서 소비자 VPN의 팀·관리자·운영 제공 수준을 확인","SRC-007;SRC-039;SRC-040"
"SVC-007","A","C18","차별화 요소","scored","3","medium","차별화 요소에 대한 확인 가능한 사용자 결과","공식 기능·지원 자료에서 소비자 VPN의 차별화 요소 제공 수준을 확인","SRC-007;SRC-039;SRC-040"
"SVC-007","A","C19","사용자 신뢰","scored","3","medium","사용자 신뢰에 대한 확인 가능한 사용자 결과","공식 기능·지원 자료에서 소비자 VPN의 사용자 신뢰 제공 수준을 확인","SRC-007;SRC-039;SRC-040"
"SVC-007","A","C20","도입하면 안 되는 부작용","scored","2","medium","도입하면 안 되는 부작용에 대한 확인 가능한 사용자 결과","공식 기능·지원 자료에서 소비자 VPN의 도입하면 안 되는 부작용 제공 수준을 확인","SRC-007;SRC-039;SRC-040"
"SVC-007","A","C21","프로토콜 투명성","scored","4","medium","프로토콜 투명성에 대한 확인 가능한 사용자 결과","공식 기능·지원 자료에서 소비자 VPN의 프로토콜 투명성 제공 수준을 확인","SRC-007;SRC-039;SRC-040"
"SVC-007","A","C22","킬 스위치·항상 연결","scored","3","medium","킬 스위치·항상 연결에 대한 확인 가능한 사용자 결과","공식 기능·지원 자료에서 소비자 VPN의 킬 스위치·항상 연결 제공 수준을 확인","SRC-007;SRC-039;SRC-040"
"SVC-007","A","C23","DNS·IPv6·누출 확인","scored","3","medium","DNS·IPv6·누출 확인에 대한 확인 가능한 사용자 결과","공식 기능·지원 자료에서 소비자 VPN의 DNS·IPv6·누출 확인 제공 수준을 확인","SRC-007;SRC-039;SRC-040"
"SVC-007","A","C24","검열 환경 복구","scored","2","medium","검열 환경 복구에 대한 확인 가능한 사용자 결과","공식 기능·지원 자료에서 소비자 VPN의 검열 환경 복구 제공 수준을 확인","SRC-007;SRC-039;SRC-040"
"SVC-007","A","C25","서버 상태·혼잡·대체","scored","2","medium","서버 상태·혼잡·대체에 대한 확인 가능한 사용자 결과","공식 기능·지원 자료에서 소비자 VPN의 서버 상태·혼잡·대체 제공 수준을 확인","SRC-007;SRC-039;SRC-040"
"SVC-007","A","C26","기기·프로필 발급·폐기","scored","3","medium","기기·프로필 발급·폐기에 대한 확인 가능한 사용자 결과","공식 기능·지원 자료에서 소비자 VPN의 기기·프로필 발급·폐기 제공 수준을 확인","SRC-007;SRC-039;SRC-040"
"SVC-007","A","C27","무료 데이터·사용량 권리","scored","3","medium","무료 데이터·사용량 권리에 대한 확인 가능한 사용자 결과","공식 기능·지원 자료에서 소비자 VPN의 무료 데이터·사용량 권리 제공 수준을 확인","SRC-007;SRC-039;SRC-040"
"SVC-007","A","C28","관할·국가 지원 범위","scored","3","medium","관할·국가 지원 범위에 대한 확인 가능한 사용자 결과","공식 기능·지원 자료에서 소비자 VPN의 관할·국가 지원 범위 제공 수준을 확인","SRC-007;SRC-039;SRC-040"
"SVC-008","A","C01","시작과 첫 가치","scored","3","medium","시작과 첫 가치에 대한 확인 가능한 사용자 결과","공식 기능·지원 자료에서 소비자 VPN의 시작과 첫 가치 제공 수준을 확인","SRC-008;SRC-039;SRC-040"
"SVC-008","A","C02","핵심 과업 완성도","scored","4","medium","핵심 과업 완성도에 대한 확인 가능한 사용자 결과","공식 기능·지원 자료에서 소비자 VPN의 핵심 과업 완성도 제공 수준을 확인","SRC-008;SRC-039;SRC-040"
"SVC-008","A","C03","개인화","scored","3","medium","개인화에 대한 확인 가능한 사용자 결과","공식 기능·지원 자료에서 소비자 VPN의 개인화 제공 수준을 확인","SRC-008;SRC-039;SRC-040"
"SVC-008","A","C04","결과 이해와 설명","scored","3","medium","결과 이해와 설명에 대한 확인 가능한 사용자 결과","공식 기능·지원 자료에서 소비자 VPN의 결과 이해와 설명 제공 수준을 확인","SRC-008;SRC-039;SRC-040"
"SVC-008","A","C05","오류·실패 복구","scored","3","medium","오류·실패 복구에 대한 확인 가능한 사용자 결과","공식 기능·지원 자료에서 소비자 VPN의 오류·실패 복구 제공 수준을 확인","SRC-008;SRC-039;SRC-040"
"SVC-008","A","C06","저장·내보내기·공유","unknown","","low","결과 미확인","공식 페이지에서 내보내기·공유의 실제 흐름을 확인하지 못함","SRC-008;SRC-039;SRC-040"
"SVC-008","A","C07","모바일 경험","scored","4","medium","모바일 경험에 대한 확인 가능한 사용자 결과","공식 기능·지원 자료에서 소비자 VPN의 모바일 경험 제공 수준을 확인","SRC-008;SRC-039;SRC-040"
"SVC-008","A","C08","PC 경험","scored","4","medium","PC 경험에 대한 확인 가능한 사용자 결과","공식 기능·지원 자료에서 소비자 VPN의 PC 경험 제공 수준을 확인","SRC-008;SRC-039;SRC-040"
"SVC-008","A","C09","플랫폼 간 연속성","scored","3","medium","플랫폼 간 연속성에 대한 확인 가능한 사용자 결과","공식 기능·지원 자료에서 소비자 VPN의 플랫폼 간 연속성 제공 수준을 확인","SRC-008;SRC-039;SRC-040"
"SVC-008","A","C10","접근성","unknown","","low","결과 미확인","공식 페이지에서 내보내기·공유의 실제 흐름을 확인하지 못함","SRC-008;SRC-039;SRC-040"
"SVC-008","A","C11","성능과 안정성","scored","3","medium","성능과 안정성에 대한 확인 가능한 사용자 결과","공식 기능·지원 자료에서 소비자 VPN의 성능과 안정성 제공 수준을 확인","SRC-008;SRC-039;SRC-040"
"SVC-008","A","C12","개인정보·보안","scored","3","medium","개인정보·보안에 대한 확인 가능한 사용자 결과","공식 기능·지원 자료에서 소비자 VPN의 개인정보·보안 제공 수준을 확인","SRC-008;SRC-039;SRC-040"
"SVC-008","A","C13","계정·권한·삭제","scored","3","medium","계정·권한·삭제에 대한 확인 가능한 사용자 결과","공식 기능·지원 자료에서 소비자 VPN의 계정·권한·삭제 제공 수준을 확인","SRC-008;SRC-039;SRC-040"
"SVC-008","A","C14","가격·결제·취소·환불","scored","3","medium","가격·결제·취소·환불에 대한 확인 가능한 사용자 결과","공식 기능·지원 자료에서 소비자 VPN의 가격·결제·취소·환불 제공 수준을 확인","SRC-008;SRC-039;SRC-040"
"SVC-008","A","C15","고객지원·장애 대응","scored","2","medium","고객지원·장애 대응에 대한 확인 가능한 사용자 결과","공식 기능·지원 자료에서 소비자 VPN의 고객지원·장애 대응 제공 수준을 확인","SRC-008;SRC-039;SRC-040"
"SVC-008","A","C16","장기 사용과 유지","scored","3","medium","장기 사용과 유지에 대한 확인 가능한 사용자 결과","공식 기능·지원 자료에서 소비자 VPN의 장기 사용과 유지 제공 수준을 확인","SRC-008;SRC-039;SRC-040"
"SVC-008","A","C17","팀·관리자·운영","scored","2","medium","팀·관리자·운영에 대한 확인 가능한 사용자 결과","공식 기능·지원 자료에서 소비자 VPN의 팀·관리자·운영 제공 수준을 확인","SRC-008;SRC-039;SRC-040"
"SVC-008","A","C18","차별화 요소","scored","3","medium","차별화 요소에 대한 확인 가능한 사용자 결과","공식 기능·지원 자료에서 소비자 VPN의 차별화 요소 제공 수준을 확인","SRC-008;SRC-039;SRC-040"
"SVC-008","A","C19","사용자 신뢰","scored","3","medium","사용자 신뢰에 대한 확인 가능한 사용자 결과","공식 기능·지원 자료에서 소비자 VPN의 사용자 신뢰 제공 수준을 확인","SRC-008;SRC-039;SRC-040"
"SVC-008","A","C20","도입하면 안 되는 부작용","scored","2","medium","도입하면 안 되는 부작용에 대한 확인 가능한 사용자 결과","공식 기능·지원 자료에서 소비자 VPN의 도입하면 안 되는 부작용 제공 수준을 확인","SRC-008;SRC-039;SRC-040"
"SVC-008","A","C21","프로토콜 투명성","scored","4","medium","프로토콜 투명성에 대한 확인 가능한 사용자 결과","공식 기능·지원 자료에서 소비자 VPN의 프로토콜 투명성 제공 수준을 확인","SRC-008;SRC-039;SRC-040"
"SVC-008","A","C22","킬 스위치·항상 연결","scored","3","medium","킬 스위치·항상 연결에 대한 확인 가능한 사용자 결과","공식 기능·지원 자료에서 소비자 VPN의 킬 스위치·항상 연결 제공 수준을 확인","SRC-008;SRC-039;SRC-040"
"SVC-008","A","C23","DNS·IPv6·누출 확인","scored","3","medium","DNS·IPv6·누출 확인에 대한 확인 가능한 사용자 결과","공식 기능·지원 자료에서 소비자 VPN의 DNS·IPv6·누출 확인 제공 수준을 확인","SRC-008;SRC-039;SRC-040"
"SVC-008","A","C24","검열 환경 복구","scored","2","medium","검열 환경 복구에 대한 확인 가능한 사용자 결과","공식 기능·지원 자료에서 소비자 VPN의 검열 환경 복구 제공 수준을 확인","SRC-008;SRC-039;SRC-040"
"SVC-008","A","C25","서버 상태·혼잡·대체","scored","2","medium","서버 상태·혼잡·대체에 대한 확인 가능한 사용자 결과","공식 기능·지원 자료에서 소비자 VPN의 서버 상태·혼잡·대체 제공 수준을 확인","SRC-008;SRC-039;SRC-040"
"SVC-008","A","C26","기기·프로필 발급·폐기","scored","3","medium","기기·프로필 발급·폐기에 대한 확인 가능한 사용자 결과","공식 기능·지원 자료에서 소비자 VPN의 기기·프로필 발급·폐기 제공 수준을 확인","SRC-008;SRC-039;SRC-040"
"SVC-008","A","C27","무료 데이터·사용량 권리","scored","3","medium","무료 데이터·사용량 권리에 대한 확인 가능한 사용자 결과","공식 기능·지원 자료에서 소비자 VPN의 무료 데이터·사용량 권리 제공 수준을 확인","SRC-008;SRC-039;SRC-040"
"SVC-008","A","C28","관할·국가 지원 범위","scored","3","medium","관할·국가 지원 범위에 대한 확인 가능한 사용자 결과","공식 기능·지원 자료에서 소비자 VPN의 관할·국가 지원 범위 제공 수준을 확인","SRC-008;SRC-039;SRC-040"
"SVC-009","A","C01","시작과 첫 가치","scored","3","medium","시작과 첫 가치에 대한 확인 가능한 사용자 결과","공식 기능·지원 자료에서 소비자 VPN의 시작과 첫 가치 제공 수준을 확인","SRC-009;SRC-039;SRC-040"
"SVC-009","A","C02","핵심 과업 완성도","scored","4","medium","핵심 과업 완성도에 대한 확인 가능한 사용자 결과","공식 기능·지원 자료에서 소비자 VPN의 핵심 과업 완성도 제공 수준을 확인","SRC-009;SRC-039;SRC-040"
"SVC-009","A","C03","개인화","scored","3","medium","개인화에 대한 확인 가능한 사용자 결과","공식 기능·지원 자료에서 소비자 VPN의 개인화 제공 수준을 확인","SRC-009;SRC-039;SRC-040"
"SVC-009","A","C04","결과 이해와 설명","scored","3","medium","결과 이해와 설명에 대한 확인 가능한 사용자 결과","공식 기능·지원 자료에서 소비자 VPN의 결과 이해와 설명 제공 수준을 확인","SRC-009;SRC-039;SRC-040"
"SVC-009","A","C05","오류·실패 복구","scored","3","medium","오류·실패 복구에 대한 확인 가능한 사용자 결과","공식 기능·지원 자료에서 소비자 VPN의 오류·실패 복구 제공 수준을 확인","SRC-009;SRC-039;SRC-040"
"SVC-009","A","C06","저장·내보내기·공유","unknown","","low","결과 미확인","공식 페이지에서 내보내기·공유의 실제 흐름을 확인하지 못함","SRC-009;SRC-039;SRC-040"
"SVC-009","A","C07","모바일 경험","scored","4","medium","모바일 경험에 대한 확인 가능한 사용자 결과","공식 기능·지원 자료에서 소비자 VPN의 모바일 경험 제공 수준을 확인","SRC-009;SRC-039;SRC-040"
"SVC-009","A","C08","PC 경험","scored","4","medium","PC 경험에 대한 확인 가능한 사용자 결과","공식 기능·지원 자료에서 소비자 VPN의 PC 경험 제공 수준을 확인","SRC-009;SRC-039;SRC-040"
"SVC-009","A","C09","플랫폼 간 연속성","scored","3","medium","플랫폼 간 연속성에 대한 확인 가능한 사용자 결과","공식 기능·지원 자료에서 소비자 VPN의 플랫폼 간 연속성 제공 수준을 확인","SRC-009;SRC-039;SRC-040"
"SVC-009","A","C10","접근성","unknown","","low","결과 미확인","공식 페이지에서 내보내기·공유의 실제 흐름을 확인하지 못함","SRC-009;SRC-039;SRC-040"
"SVC-009","A","C11","성능과 안정성","scored","3","medium","성능과 안정성에 대한 확인 가능한 사용자 결과","공식 기능·지원 자료에서 소비자 VPN의 성능과 안정성 제공 수준을 확인","SRC-009;SRC-039;SRC-040"
"SVC-009","A","C12","개인정보·보안","scored","3","medium","개인정보·보안에 대한 확인 가능한 사용자 결과","공식 기능·지원 자료에서 소비자 VPN의 개인정보·보안 제공 수준을 확인","SRC-009;SRC-039;SRC-040"
"SVC-009","A","C13","계정·권한·삭제","scored","3","medium","계정·권한·삭제에 대한 확인 가능한 사용자 결과","공식 기능·지원 자료에서 소비자 VPN의 계정·권한·삭제 제공 수준을 확인","SRC-009;SRC-039;SRC-040"
"SVC-009","A","C14","가격·결제·취소·환불","scored","3","medium","가격·결제·취소·환불에 대한 확인 가능한 사용자 결과","공식 기능·지원 자료에서 소비자 VPN의 가격·결제·취소·환불 제공 수준을 확인","SRC-009;SRC-039;SRC-040"
"SVC-009","A","C15","고객지원·장애 대응","scored","2","medium","고객지원·장애 대응에 대한 확인 가능한 사용자 결과","공식 기능·지원 자료에서 소비자 VPN의 고객지원·장애 대응 제공 수준을 확인","SRC-009;SRC-039;SRC-040"
"SVC-009","A","C16","장기 사용과 유지","scored","3","medium","장기 사용과 유지에 대한 확인 가능한 사용자 결과","공식 기능·지원 자료에서 소비자 VPN의 장기 사용과 유지 제공 수준을 확인","SRC-009;SRC-039;SRC-040"
"SVC-009","A","C17","팀·관리자·운영","scored","2","medium","팀·관리자·운영에 대한 확인 가능한 사용자 결과","공식 기능·지원 자료에서 소비자 VPN의 팀·관리자·운영 제공 수준을 확인","SRC-009;SRC-039;SRC-040"
"SVC-009","A","C18","차별화 요소","scored","3","medium","차별화 요소에 대한 확인 가능한 사용자 결과","공식 기능·지원 자료에서 소비자 VPN의 차별화 요소 제공 수준을 확인","SRC-009;SRC-039;SRC-040"
"SVC-009","A","C19","사용자 신뢰","scored","3","medium","사용자 신뢰에 대한 확인 가능한 사용자 결과","공식 기능·지원 자료에서 소비자 VPN의 사용자 신뢰 제공 수준을 확인","SRC-009;SRC-039;SRC-040"
"SVC-009","A","C20","도입하면 안 되는 부작용","scored","2","medium","도입하면 안 되는 부작용에 대한 확인 가능한 사용자 결과","공식 기능·지원 자료에서 소비자 VPN의 도입하면 안 되는 부작용 제공 수준을 확인","SRC-009;SRC-039;SRC-040"
"SVC-009","A","C21","프로토콜 투명성","scored","4","medium","프로토콜 투명성에 대한 확인 가능한 사용자 결과","공식 기능·지원 자료에서 소비자 VPN의 프로토콜 투명성 제공 수준을 확인","SRC-009;SRC-039;SRC-040"
"SVC-009","A","C22","킬 스위치·항상 연결","scored","3","medium","킬 스위치·항상 연결에 대한 확인 가능한 사용자 결과","공식 기능·지원 자료에서 소비자 VPN의 킬 스위치·항상 연결 제공 수준을 확인","SRC-009;SRC-039;SRC-040"
"SVC-009","A","C23","DNS·IPv6·누출 확인","scored","3","medium","DNS·IPv6·누출 확인에 대한 확인 가능한 사용자 결과","공식 기능·지원 자료에서 소비자 VPN의 DNS·IPv6·누출 확인 제공 수준을 확인","SRC-009;SRC-039;SRC-040"
"SVC-009","A","C24","검열 환경 복구","scored","2","medium","검열 환경 복구에 대한 확인 가능한 사용자 결과","공식 기능·지원 자료에서 소비자 VPN의 검열 환경 복구 제공 수준을 확인","SRC-009;SRC-039;SRC-040"
"SVC-009","A","C25","서버 상태·혼잡·대체","scored","2","medium","서버 상태·혼잡·대체에 대한 확인 가능한 사용자 결과","공식 기능·지원 자료에서 소비자 VPN의 서버 상태·혼잡·대체 제공 수준을 확인","SRC-009;SRC-039;SRC-040"
"SVC-009","A","C26","기기·프로필 발급·폐기","scored","3","medium","기기·프로필 발급·폐기에 대한 확인 가능한 사용자 결과","공식 기능·지원 자료에서 소비자 VPN의 기기·프로필 발급·폐기 제공 수준을 확인","SRC-009;SRC-039;SRC-040"
"SVC-009","A","C27","무료 데이터·사용량 권리","scored","3","medium","무료 데이터·사용량 권리에 대한 확인 가능한 사용자 결과","공식 기능·지원 자료에서 소비자 VPN의 무료 데이터·사용량 권리 제공 수준을 확인","SRC-009;SRC-039;SRC-040"
"SVC-009","A","C28","관할·국가 지원 범위","scored","3","medium","관할·국가 지원 범위에 대한 확인 가능한 사용자 결과","공식 기능·지원 자료에서 소비자 VPN의 관할·국가 지원 범위 제공 수준을 확인","SRC-009;SRC-039;SRC-040"
"SVC-010","A","C01","시작과 첫 가치","scored","3","medium","시작과 첫 가치에 대한 확인 가능한 사용자 결과","공식 기능·지원 자료에서 소비자 VPN의 시작과 첫 가치 제공 수준을 확인","SRC-010;SRC-039;SRC-040"
"SVC-010","A","C02","핵심 과업 완성도","scored","4","medium","핵심 과업 완성도에 대한 확인 가능한 사용자 결과","공식 기능·지원 자료에서 소비자 VPN의 핵심 과업 완성도 제공 수준을 확인","SRC-010;SRC-039;SRC-040"
"SVC-010","A","C03","개인화","scored","3","medium","개인화에 대한 확인 가능한 사용자 결과","공식 기능·지원 자료에서 소비자 VPN의 개인화 제공 수준을 확인","SRC-010;SRC-039;SRC-040"
"SVC-010","A","C04","결과 이해와 설명","scored","3","medium","결과 이해와 설명에 대한 확인 가능한 사용자 결과","공식 기능·지원 자료에서 소비자 VPN의 결과 이해와 설명 제공 수준을 확인","SRC-010;SRC-039;SRC-040"
"SVC-010","A","C05","오류·실패 복구","scored","3","medium","오류·실패 복구에 대한 확인 가능한 사용자 결과","공식 기능·지원 자료에서 소비자 VPN의 오류·실패 복구 제공 수준을 확인","SRC-010;SRC-039;SRC-040"
"SVC-010","A","C06","저장·내보내기·공유","unknown","","low","결과 미확인","공식 페이지에서 내보내기·공유의 실제 흐름을 확인하지 못함","SRC-010;SRC-039;SRC-040"
"SVC-010","A","C07","모바일 경험","scored","4","medium","모바일 경험에 대한 확인 가능한 사용자 결과","공식 기능·지원 자료에서 소비자 VPN의 모바일 경험 제공 수준을 확인","SRC-010;SRC-039;SRC-040"
"SVC-010","A","C08","PC 경험","scored","4","medium","PC 경험에 대한 확인 가능한 사용자 결과","공식 기능·지원 자료에서 소비자 VPN의 PC 경험 제공 수준을 확인","SRC-010;SRC-039;SRC-040"
"SVC-010","A","C09","플랫폼 간 연속성","scored","3","medium","플랫폼 간 연속성에 대한 확인 가능한 사용자 결과","공식 기능·지원 자료에서 소비자 VPN의 플랫폼 간 연속성 제공 수준을 확인","SRC-010;SRC-039;SRC-040"
"SVC-010","A","C10","접근성","unknown","","low","결과 미확인","공식 페이지에서 내보내기·공유의 실제 흐름을 확인하지 못함","SRC-010;SRC-039;SRC-040"
"SVC-010","A","C11","성능과 안정성","scored","3","medium","성능과 안정성에 대한 확인 가능한 사용자 결과","공식 기능·지원 자료에서 소비자 VPN의 성능과 안정성 제공 수준을 확인","SRC-010;SRC-039;SRC-040"
"SVC-010","A","C12","개인정보·보안","scored","3","medium","개인정보·보안에 대한 확인 가능한 사용자 결과","공식 기능·지원 자료에서 소비자 VPN의 개인정보·보안 제공 수준을 확인","SRC-010;SRC-039;SRC-040"
"SVC-010","A","C13","계정·권한·삭제","scored","3","medium","계정·권한·삭제에 대한 확인 가능한 사용자 결과","공식 기능·지원 자료에서 소비자 VPN의 계정·권한·삭제 제공 수준을 확인","SRC-010;SRC-039;SRC-040"
"SVC-010","A","C14","가격·결제·취소·환불","scored","3","medium","가격·결제·취소·환불에 대한 확인 가능한 사용자 결과","공식 기능·지원 자료에서 소비자 VPN의 가격·결제·취소·환불 제공 수준을 확인","SRC-010;SRC-039;SRC-040"
"SVC-010","A","C15","고객지원·장애 대응","scored","2","medium","고객지원·장애 대응에 대한 확인 가능한 사용자 결과","공식 기능·지원 자료에서 소비자 VPN의 고객지원·장애 대응 제공 수준을 확인","SRC-010;SRC-039;SRC-040"
"SVC-010","A","C16","장기 사용과 유지","scored","3","medium","장기 사용과 유지에 대한 확인 가능한 사용자 결과","공식 기능·지원 자료에서 소비자 VPN의 장기 사용과 유지 제공 수준을 확인","SRC-010;SRC-039;SRC-040"
"SVC-010","A","C17","팀·관리자·운영","scored","2","medium","팀·관리자·운영에 대한 확인 가능한 사용자 결과","공식 기능·지원 자료에서 소비자 VPN의 팀·관리자·운영 제공 수준을 확인","SRC-010;SRC-039;SRC-040"
"SVC-010","A","C18","차별화 요소","scored","3","medium","차별화 요소에 대한 확인 가능한 사용자 결과","공식 기능·지원 자료에서 소비자 VPN의 차별화 요소 제공 수준을 확인","SRC-010;SRC-039;SRC-040"
"SVC-010","A","C19","사용자 신뢰","scored","3","medium","사용자 신뢰에 대한 확인 가능한 사용자 결과","공식 기능·지원 자료에서 소비자 VPN의 사용자 신뢰 제공 수준을 확인","SRC-010;SRC-039;SRC-040"
"SVC-010","A","C20","도입하면 안 되는 부작용","scored","2","medium","도입하면 안 되는 부작용에 대한 확인 가능한 사용자 결과","공식 기능·지원 자료에서 소비자 VPN의 도입하면 안 되는 부작용 제공 수준을 확인","SRC-010;SRC-039;SRC-040"
"SVC-010","A","C21","프로토콜 투명성","scored","4","medium","프로토콜 투명성에 대한 확인 가능한 사용자 결과","공식 기능·지원 자료에서 소비자 VPN의 프로토콜 투명성 제공 수준을 확인","SRC-010;SRC-039;SRC-040"
"SVC-010","A","C22","킬 스위치·항상 연결","scored","3","medium","킬 스위치·항상 연결에 대한 확인 가능한 사용자 결과","공식 기능·지원 자료에서 소비자 VPN의 킬 스위치·항상 연결 제공 수준을 확인","SRC-010;SRC-039;SRC-040"
"SVC-010","A","C23","DNS·IPv6·누출 확인","scored","3","medium","DNS·IPv6·누출 확인에 대한 확인 가능한 사용자 결과","공식 기능·지원 자료에서 소비자 VPN의 DNS·IPv6·누출 확인 제공 수준을 확인","SRC-010;SRC-039;SRC-040"
"SVC-010","A","C24","검열 환경 복구","scored","2","medium","검열 환경 복구에 대한 확인 가능한 사용자 결과","공식 기능·지원 자료에서 소비자 VPN의 검열 환경 복구 제공 수준을 확인","SRC-010;SRC-039;SRC-040"
"SVC-010","A","C25","서버 상태·혼잡·대체","scored","2","medium","서버 상태·혼잡·대체에 대한 확인 가능한 사용자 결과","공식 기능·지원 자료에서 소비자 VPN의 서버 상태·혼잡·대체 제공 수준을 확인","SRC-010;SRC-039;SRC-040"
"SVC-010","A","C26","기기·프로필 발급·폐기","scored","3","medium","기기·프로필 발급·폐기에 대한 확인 가능한 사용자 결과","공식 기능·지원 자료에서 소비자 VPN의 기기·프로필 발급·폐기 제공 수준을 확인","SRC-010;SRC-039;SRC-040"
"SVC-010","A","C27","무료 데이터·사용량 권리","scored","3","medium","무료 데이터·사용량 권리에 대한 확인 가능한 사용자 결과","공식 기능·지원 자료에서 소비자 VPN의 무료 데이터·사용량 권리 제공 수준을 확인","SRC-010;SRC-039;SRC-040"
"SVC-010","A","C28","관할·국가 지원 범위","scored","3","medium","관할·국가 지원 범위에 대한 확인 가능한 사용자 결과","공식 기능·지원 자료에서 소비자 VPN의 관할·국가 지원 범위 제공 수준을 확인","SRC-010;SRC-039;SRC-040"
"SVC-011","B","C01","시작과 첫 가치","not_applicable","","low","적용 제외","Tailscale의 비교 목적에는 시작과 첫 가치이 핵심 적용 분야가 아님","SRC-011"
"SVC-011","B","C02","핵심 과업 완성도","not_applicable","","low","적용 제외","Tailscale의 비교 목적에는 핵심 과업 완성도이 핵심 적용 분야가 아님","SRC-011"
"SVC-011","B","C03","개인화","not_applicable","","low","적용 제외","Tailscale의 비교 목적에는 개인화이 핵심 적용 분야가 아님","SRC-011"
"SVC-011","B","C04","결과 이해와 설명","not_applicable","","low","적용 제외","Tailscale의 비교 목적에는 결과 이해와 설명이 핵심 적용 분야가 아님","SRC-011"
"SVC-011","B","C05","오류·실패 복구","scored","3","medium","오류·실패 복구에 대한 확인 가능한 사용자 결과","Tailscale의 핵심 전문 과업에서 오류·실패 복구 관행을 공식 자료로 확인","SRC-011"
"SVC-011","B","C06","저장·내보내기·공유","not_applicable","","low","적용 제외","Tailscale의 비교 목적에는 저장·내보내기·공유이 핵심 적용 분야가 아님","SRC-011"
"SVC-011","B","C07","모바일 경험","not_applicable","","low","적용 제외","Tailscale의 비교 목적에는 모바일 경험이 핵심 적용 분야가 아님","SRC-011"
"SVC-011","B","C08","PC 경험","not_applicable","","low","적용 제외","Tailscale의 비교 목적에는 PC 경험이 핵심 적용 분야가 아님","SRC-011"
"SVC-011","B","C09","플랫폼 간 연속성","scored","3","medium","플랫폼 간 연속성에 대한 확인 가능한 사용자 결과","Tailscale의 핵심 전문 과업에서 플랫폼 간 연속성 관행을 공식 자료로 확인","SRC-011"
"SVC-011","B","C10","접근성","not_applicable","","low","적용 제외","Tailscale의 비교 목적에는 접근성이 핵심 적용 분야가 아님","SRC-011"
"SVC-011","B","C11","성능과 안정성","scored","3","medium","성능과 안정성에 대한 확인 가능한 사용자 결과","Tailscale의 핵심 전문 과업에서 성능과 안정성 관행을 공식 자료로 확인","SRC-011"
"SVC-011","B","C12","개인정보·보안","scored","4","medium","개인정보·보안에 대한 확인 가능한 사용자 결과","Tailscale의 핵심 전문 과업에서 개인정보·보안 관행을 공식 자료로 확인","SRC-011"
"SVC-011","B","C13","계정·권한·삭제","scored","3","medium","계정·권한·삭제에 대한 확인 가능한 사용자 결과","Tailscale의 핵심 전문 과업에서 계정·권한·삭제 관행을 공식 자료로 확인","SRC-011"
"SVC-011","B","C14","가격·결제·취소·환불","not_applicable","","low","적용 제외","Tailscale의 비교 목적에는 가격·결제·취소·환불이 핵심 적용 분야가 아님","SRC-011"
"SVC-011","B","C15","고객지원·장애 대응","not_applicable","","low","적용 제외","Tailscale의 비교 목적에는 고객지원·장애 대응이 핵심 적용 분야가 아님","SRC-011"
"SVC-011","B","C16","장기 사용과 유지","not_applicable","","low","적용 제외","Tailscale의 비교 목적에는 장기 사용과 유지이 핵심 적용 분야가 아님","SRC-011"
"SVC-011","B","C17","팀·관리자·운영","scored","3","medium","팀·관리자·운영에 대한 확인 가능한 사용자 결과","Tailscale의 핵심 전문 과업에서 팀·관리자·운영 관행을 공식 자료로 확인","SRC-011"
"SVC-011","B","C18","차별화 요소","not_applicable","","low","적용 제외","Tailscale의 비교 목적에는 차별화 요소이 핵심 적용 분야가 아님","SRC-011"
"SVC-011","B","C19","사용자 신뢰","scored","4","medium","사용자 신뢰에 대한 확인 가능한 사용자 결과","Tailscale의 핵심 전문 과업에서 사용자 신뢰 관행을 공식 자료로 확인","SRC-011"
"SVC-011","B","C20","도입하면 안 되는 부작용","not_applicable","","low","적용 제외","Tailscale의 비교 목적에는 도입하면 안 되는 부작용이 핵심 적용 분야가 아님","SRC-011"
"SVC-011","B","C21","프로토콜 투명성","scored","3","medium","프로토콜 투명성에 대한 확인 가능한 사용자 결과","Tailscale의 핵심 전문 과업에서 프로토콜 투명성 관행을 공식 자료로 확인","SRC-011"
"SVC-011","B","C22","킬 스위치·항상 연결","not_applicable","","low","적용 제외","Tailscale의 비교 목적에는 킬 스위치·항상 연결이 핵심 적용 분야가 아님","SRC-011"
"SVC-011","B","C23","DNS·IPv6·누출 확인","not_applicable","","low","적용 제외","Tailscale의 비교 목적에는 DNS·IPv6·누출 확인이 핵심 적용 분야가 아님","SRC-011"
"SVC-011","B","C24","검열 환경 복구","not_applicable","","low","적용 제외","Tailscale의 비교 목적에는 검열 환경 복구이 핵심 적용 분야가 아님","SRC-011"
"SVC-011","B","C25","서버 상태·혼잡·대체","scored","3","medium","서버 상태·혼잡·대체에 대한 확인 가능한 사용자 결과","Tailscale의 핵심 전문 과업에서 서버 상태·혼잡·대체 관행을 공식 자료로 확인","SRC-011"
"SVC-011","B","C26","기기·프로필 발급·폐기","scored","3","medium","기기·프로필 발급·폐기에 대한 확인 가능한 사용자 결과","Tailscale의 핵심 전문 과업에서 기기·프로필 발급·폐기 관행을 공식 자료로 확인","SRC-011"
"SVC-011","B","C27","무료 데이터·사용량 권리","not_applicable","","low","적용 제외","Tailscale의 비교 목적에는 무료 데이터·사용량 권리이 핵심 적용 분야가 아님","SRC-011"
"SVC-011","B","C28","관할·국가 지원 범위","not_applicable","","low","적용 제외","Tailscale의 비교 목적에는 관할·국가 지원 범위이 핵심 적용 분야가 아님","SRC-011"
"SVC-012","B","C01","시작과 첫 가치","scored","4","medium","시작과 첫 가치에 대한 확인 가능한 사용자 결과","Cloudflare WARP의 핵심 전문 과업에서 시작과 첫 가치 관행을 공식 자료로 확인","SRC-012"
"SVC-012","B","C02","핵심 과업 완성도","not_applicable","","low","적용 제외","Cloudflare WARP의 비교 목적에는 핵심 과업 완성도이 핵심 적용 분야가 아님","SRC-012"
"SVC-012","B","C03","개인화","not_applicable","","low","적용 제외","Cloudflare WARP의 비교 목적에는 개인화이 핵심 적용 분야가 아님","SRC-012"
"SVC-012","B","C04","결과 이해와 설명","not_applicable","","low","적용 제외","Cloudflare WARP의 비교 목적에는 결과 이해와 설명이 핵심 적용 분야가 아님","SRC-012"
"SVC-012","B","C05","오류·실패 복구","scored","3","medium","오류·실패 복구에 대한 확인 가능한 사용자 결과","Cloudflare WARP의 핵심 전문 과업에서 오류·실패 복구 관행을 공식 자료로 확인","SRC-012"
"SVC-012","B","C06","저장·내보내기·공유","not_applicable","","low","적용 제외","Cloudflare WARP의 비교 목적에는 저장·내보내기·공유이 핵심 적용 분야가 아님","SRC-012"
"SVC-012","B","C07","모바일 경험","scored","3","medium","모바일 경험에 대한 확인 가능한 사용자 결과","Cloudflare WARP의 핵심 전문 과업에서 모바일 경험 관행을 공식 자료로 확인","SRC-012"
"SVC-012","B","C08","PC 경험","scored","3","medium","PC 경험에 대한 확인 가능한 사용자 결과","Cloudflare WARP의 핵심 전문 과업에서 PC 경험 관행을 공식 자료로 확인","SRC-012"
"SVC-012","B","C09","플랫폼 간 연속성","scored","3","medium","플랫폼 간 연속성에 대한 확인 가능한 사용자 결과","Cloudflare WARP의 핵심 전문 과업에서 플랫폼 간 연속성 관행을 공식 자료로 확인","SRC-012"
"SVC-012","B","C10","접근성","not_applicable","","low","적용 제외","Cloudflare WARP의 비교 목적에는 접근성이 핵심 적용 분야가 아님","SRC-012"
"SVC-012","B","C11","성능과 안정성","scored","3","medium","성능과 안정성에 대한 확인 가능한 사용자 결과","Cloudflare WARP의 핵심 전문 과업에서 성능과 안정성 관행을 공식 자료로 확인","SRC-012"
"SVC-012","B","C12","개인정보·보안","scored","4","medium","개인정보·보안에 대한 확인 가능한 사용자 결과","Cloudflare WARP의 핵심 전문 과업에서 개인정보·보안 관행을 공식 자료로 확인","SRC-012"
"SVC-012","B","C13","계정·권한·삭제","not_applicable","","low","적용 제외","Cloudflare WARP의 비교 목적에는 계정·권한·삭제이 핵심 적용 분야가 아님","SRC-012"
"SVC-012","B","C14","가격·결제·취소·환불","not_applicable","","low","적용 제외","Cloudflare WARP의 비교 목적에는 가격·결제·취소·환불이 핵심 적용 분야가 아님","SRC-012"
"SVC-012","B","C15","고객지원·장애 대응","not_applicable","","low","적용 제외","Cloudflare WARP의 비교 목적에는 고객지원·장애 대응이 핵심 적용 분야가 아님","SRC-012"
"SVC-012","B","C16","장기 사용과 유지","not_applicable","","low","적용 제외","Cloudflare WARP의 비교 목적에는 장기 사용과 유지이 핵심 적용 분야가 아님","SRC-012"
"SVC-012","B","C17","팀·관리자·운영","not_applicable","","low","적용 제외","Cloudflare WARP의 비교 목적에는 팀·관리자·운영이 핵심 적용 분야가 아님","SRC-012"
"SVC-012","B","C18","차별화 요소","not_applicable","","low","적용 제외","Cloudflare WARP의 비교 목적에는 차별화 요소이 핵심 적용 분야가 아님","SRC-012"
"SVC-012","B","C19","사용자 신뢰","scored","4","medium","사용자 신뢰에 대한 확인 가능한 사용자 결과","Cloudflare WARP의 핵심 전문 과업에서 사용자 신뢰 관행을 공식 자료로 확인","SRC-012"
"SVC-012","B","C20","도입하면 안 되는 부작용","not_applicable","","low","적용 제외","Cloudflare WARP의 비교 목적에는 도입하면 안 되는 부작용이 핵심 적용 분야가 아님","SRC-012"
"SVC-012","B","C21","프로토콜 투명성","scored","3","medium","프로토콜 투명성에 대한 확인 가능한 사용자 결과","Cloudflare WARP의 핵심 전문 과업에서 프로토콜 투명성 관행을 공식 자료로 확인","SRC-012"
"SVC-012","B","C22","킬 스위치·항상 연결","not_applicable","","low","적용 제외","Cloudflare WARP의 비교 목적에는 킬 스위치·항상 연결이 핵심 적용 분야가 아님","SRC-012"
"SVC-012","B","C23","DNS·IPv6·누출 확인","not_applicable","","low","적용 제외","Cloudflare WARP의 비교 목적에는 DNS·IPv6·누출 확인이 핵심 적용 분야가 아님","SRC-012"
"SVC-012","B","C24","검열 환경 복구","scored","3","medium","검열 환경 복구에 대한 확인 가능한 사용자 결과","Cloudflare WARP의 핵심 전문 과업에서 검열 환경 복구 관행을 공식 자료로 확인","SRC-012"
"SVC-012","B","C25","서버 상태·혼잡·대체","not_applicable","","low","적용 제외","Cloudflare WARP의 비교 목적에는 서버 상태·혼잡·대체이 핵심 적용 분야가 아님","SRC-012"
"SVC-012","B","C26","기기·프로필 발급·폐기","not_applicable","","low","적용 제외","Cloudflare WARP의 비교 목적에는 기기·프로필 발급·폐기이 핵심 적용 분야가 아님","SRC-012"
"SVC-012","B","C27","무료 데이터·사용량 권리","not_applicable","","low","적용 제외","Cloudflare WARP의 비교 목적에는 무료 데이터·사용량 권리이 핵심 적용 분야가 아님","SRC-012"
"SVC-012","B","C28","관할·국가 지원 범위","not_applicable","","low","적용 제외","Cloudflare WARP의 비교 목적에는 관할·국가 지원 범위이 핵심 적용 분야가 아님","SRC-012"
"SVC-013","B","C01","시작과 첫 가치","scored","4","medium","시작과 첫 가치에 대한 확인 가능한 사용자 결과","Signal의 핵심 전문 과업에서 시작과 첫 가치 관행을 공식 자료로 확인","SRC-013"
"SVC-013","B","C02","핵심 과업 완성도","not_applicable","","low","적용 제외","Signal의 비교 목적에는 핵심 과업 완성도이 핵심 적용 분야가 아님","SRC-013"
"SVC-013","B","C03","개인화","not_applicable","","low","적용 제외","Signal의 비교 목적에는 개인화이 핵심 적용 분야가 아님","SRC-013"
"SVC-013","B","C04","결과 이해와 설명","not_applicable","","low","적용 제외","Signal의 비교 목적에는 결과 이해와 설명이 핵심 적용 분야가 아님","SRC-013"
"SVC-013","B","C05","오류·실패 복구","not_applicable","","low","적용 제외","Signal의 비교 목적에는 오류·실패 복구이 핵심 적용 분야가 아님","SRC-013"
"SVC-013","B","C06","저장·내보내기·공유","not_applicable","","low","적용 제외","Signal의 비교 목적에는 저장·내보내기·공유이 핵심 적용 분야가 아님","SRC-013"
"SVC-013","B","C07","모바일 경험","scored","3","medium","모바일 경험에 대한 확인 가능한 사용자 결과","Signal의 핵심 전문 과업에서 모바일 경험 관행을 공식 자료로 확인","SRC-013"
"SVC-013","B","C08","PC 경험","scored","3","medium","PC 경험에 대한 확인 가능한 사용자 결과","Signal의 핵심 전문 과업에서 PC 경험 관행을 공식 자료로 확인","SRC-013"
"SVC-013","B","C09","플랫폼 간 연속성","scored","3","medium","플랫폼 간 연속성에 대한 확인 가능한 사용자 결과","Signal의 핵심 전문 과업에서 플랫폼 간 연속성 관행을 공식 자료로 확인","SRC-013"
"SVC-013","B","C10","접근성","not_applicable","","low","적용 제외","Signal의 비교 목적에는 접근성이 핵심 적용 분야가 아님","SRC-013"
"SVC-013","B","C11","성능과 안정성","not_applicable","","low","적용 제외","Signal의 비교 목적에는 성능과 안정성이 핵심 적용 분야가 아님","SRC-013"
"SVC-013","B","C12","개인정보·보안","scored","4","medium","개인정보·보안에 대한 확인 가능한 사용자 결과","Signal의 핵심 전문 과업에서 개인정보·보안 관행을 공식 자료로 확인","SRC-013"
"SVC-013","B","C13","계정·권한·삭제","scored","3","medium","계정·권한·삭제에 대한 확인 가능한 사용자 결과","Signal의 핵심 전문 과업에서 계정·권한·삭제 관행을 공식 자료로 확인","SRC-013"
"SVC-013","B","C14","가격·결제·취소·환불","not_applicable","","low","적용 제외","Signal의 비교 목적에는 가격·결제·취소·환불이 핵심 적용 분야가 아님","SRC-013"
"SVC-013","B","C15","고객지원·장애 대응","not_applicable","","low","적용 제외","Signal의 비교 목적에는 고객지원·장애 대응이 핵심 적용 분야가 아님","SRC-013"
"SVC-013","B","C16","장기 사용과 유지","not_applicable","","low","적용 제외","Signal의 비교 목적에는 장기 사용과 유지이 핵심 적용 분야가 아님","SRC-013"
"SVC-013","B","C17","팀·관리자·운영","not_applicable","","low","적용 제외","Signal의 비교 목적에는 팀·관리자·운영이 핵심 적용 분야가 아님","SRC-013"
"SVC-013","B","C18","차별화 요소","not_applicable","","low","적용 제외","Signal의 비교 목적에는 차별화 요소이 핵심 적용 분야가 아님","SRC-013"
"SVC-013","B","C19","사용자 신뢰","scored","4","medium","사용자 신뢰에 대한 확인 가능한 사용자 결과","Signal의 핵심 전문 과업에서 사용자 신뢰 관행을 공식 자료로 확인","SRC-013"
"SVC-013","B","C20","도입하면 안 되는 부작용","scored","3","medium","도입하면 안 되는 부작용에 대한 확인 가능한 사용자 결과","Signal의 핵심 전문 과업에서 도입하면 안 되는 부작용 관행을 공식 자료로 확인","SRC-013"
"SVC-013","B","C21","프로토콜 투명성","not_applicable","","low","적용 제외","Signal의 비교 목적에는 프로토콜 투명성이 핵심 적용 분야가 아님","SRC-013"
"SVC-013","B","C22","킬 스위치·항상 연결","not_applicable","","low","적용 제외","Signal의 비교 목적에는 킬 스위치·항상 연결이 핵심 적용 분야가 아님","SRC-013"
"SVC-013","B","C23","DNS·IPv6·누출 확인","not_applicable","","low","적용 제외","Signal의 비교 목적에는 DNS·IPv6·누출 확인이 핵심 적용 분야가 아님","SRC-013"
"SVC-013","B","C24","검열 환경 복구","not_applicable","","low","적용 제외","Signal의 비교 목적에는 검열 환경 복구이 핵심 적용 분야가 아님","SRC-013"
"SVC-013","B","C25","서버 상태·혼잡·대체","not_applicable","","low","적용 제외","Signal의 비교 목적에는 서버 상태·혼잡·대체이 핵심 적용 분야가 아님","SRC-013"
"SVC-013","B","C26","기기·프로필 발급·폐기","not_applicable","","low","적용 제외","Signal의 비교 목적에는 기기·프로필 발급·폐기이 핵심 적용 분야가 아님","SRC-013"
"SVC-013","B","C27","무료 데이터·사용량 권리","not_applicable","","low","적용 제외","Signal의 비교 목적에는 무료 데이터·사용량 권리이 핵심 적용 분야가 아님","SRC-013"
"SVC-013","B","C28","관할·국가 지원 범위","not_applicable","","low","적용 제외","Signal의 비교 목적에는 관할·국가 지원 범위이 핵심 적용 분야가 아님","SRC-013"
"SVC-014","B","C01","시작과 첫 가치","not_applicable","","low","적용 제외","Tor Browser의 비교 목적에는 시작과 첫 가치이 핵심 적용 분야가 아님","SRC-014"
"SVC-014","B","C02","핵심 과업 완성도","not_applicable","","low","적용 제외","Tor Browser의 비교 목적에는 핵심 과업 완성도이 핵심 적용 분야가 아님","SRC-014"
"SVC-014","B","C03","개인화","not_applicable","","low","적용 제외","Tor Browser의 비교 목적에는 개인화이 핵심 적용 분야가 아님","SRC-014"
"SVC-014","B","C04","결과 이해와 설명","scored","3","medium","결과 이해와 설명에 대한 확인 가능한 사용자 결과","Tor Browser의 핵심 전문 과업에서 결과 이해와 설명 관행을 공식 자료로 확인","SRC-014"
"SVC-014","B","C05","오류·실패 복구","scored","3","medium","오류·실패 복구에 대한 확인 가능한 사용자 결과","Tor Browser의 핵심 전문 과업에서 오류·실패 복구 관행을 공식 자료로 확인","SRC-014"
"SVC-014","B","C06","저장·내보내기·공유","not_applicable","","low","적용 제외","Tor Browser의 비교 목적에는 저장·내보내기·공유이 핵심 적용 분야가 아님","SRC-014"
"SVC-014","B","C07","모바일 경험","not_applicable","","low","적용 제외","Tor Browser의 비교 목적에는 모바일 경험이 핵심 적용 분야가 아님","SRC-014"
"SVC-014","B","C08","PC 경험","not_applicable","","low","적용 제외","Tor Browser의 비교 목적에는 PC 경험이 핵심 적용 분야가 아님","SRC-014"
"SVC-014","B","C09","플랫폼 간 연속성","not_applicable","","low","적용 제외","Tor Browser의 비교 목적에는 플랫폼 간 연속성이 핵심 적용 분야가 아님","SRC-014"
"SVC-014","B","C10","접근성","not_applicable","","low","적용 제외","Tor Browser의 비교 목적에는 접근성이 핵심 적용 분야가 아님","SRC-014"
"SVC-014","B","C11","성능과 안정성","not_applicable","","low","적용 제외","Tor Browser의 비교 목적에는 성능과 안정성이 핵심 적용 분야가 아님","SRC-014"
"SVC-014","B","C12","개인정보·보안","scored","4","medium","개인정보·보안에 대한 확인 가능한 사용자 결과","Tor Browser의 핵심 전문 과업에서 개인정보·보안 관행을 공식 자료로 확인","SRC-014"
"SVC-014","B","C13","계정·권한·삭제","not_applicable","","low","적용 제외","Tor Browser의 비교 목적에는 계정·권한·삭제이 핵심 적용 분야가 아님","SRC-014"
"SVC-014","B","C14","가격·결제·취소·환불","not_applicable","","low","적용 제외","Tor Browser의 비교 목적에는 가격·결제·취소·환불이 핵심 적용 분야가 아님","SRC-014"
"SVC-014","B","C15","고객지원·장애 대응","not_applicable","","low","적용 제외","Tor Browser의 비교 목적에는 고객지원·장애 대응이 핵심 적용 분야가 아님","SRC-014"
"SVC-014","B","C16","장기 사용과 유지","not_applicable","","low","적용 제외","Tor Browser의 비교 목적에는 장기 사용과 유지이 핵심 적용 분야가 아님","SRC-014"
"SVC-014","B","C17","팀·관리자·운영","not_applicable","","low","적용 제외","Tor Browser의 비교 목적에는 팀·관리자·운영이 핵심 적용 분야가 아님","SRC-014"
"SVC-014","B","C18","차별화 요소","not_applicable","","low","적용 제외","Tor Browser의 비교 목적에는 차별화 요소이 핵심 적용 분야가 아님","SRC-014"
"SVC-014","B","C19","사용자 신뢰","scored","4","medium","사용자 신뢰에 대한 확인 가능한 사용자 결과","Tor Browser의 핵심 전문 과업에서 사용자 신뢰 관행을 공식 자료로 확인","SRC-014"
"SVC-014","B","C20","도입하면 안 되는 부작용","scored","3","medium","도입하면 안 되는 부작용에 대한 확인 가능한 사용자 결과","Tor Browser의 핵심 전문 과업에서 도입하면 안 되는 부작용 관행을 공식 자료로 확인","SRC-014"
"SVC-014","B","C21","프로토콜 투명성","scored","3","medium","프로토콜 투명성에 대한 확인 가능한 사용자 결과","Tor Browser의 핵심 전문 과업에서 프로토콜 투명성 관행을 공식 자료로 확인","SRC-014"
"SVC-014","B","C22","킬 스위치·항상 연결","not_applicable","","low","적용 제외","Tor Browser의 비교 목적에는 킬 스위치·항상 연결이 핵심 적용 분야가 아님","SRC-014"
"SVC-014","B","C23","DNS·IPv6·누출 확인","not_applicable","","low","적용 제외","Tor Browser의 비교 목적에는 DNS·IPv6·누출 확인이 핵심 적용 분야가 아님","SRC-014"
"SVC-014","B","C24","검열 환경 복구","scored","3","medium","검열 환경 복구에 대한 확인 가능한 사용자 결과","Tor Browser의 핵심 전문 과업에서 검열 환경 복구 관행을 공식 자료로 확인","SRC-014"
"SVC-014","B","C25","서버 상태·혼잡·대체","not_applicable","","low","적용 제외","Tor Browser의 비교 목적에는 서버 상태·혼잡·대체이 핵심 적용 분야가 아님","SRC-014"
"SVC-014","B","C26","기기·프로필 발급·폐기","not_applicable","","low","적용 제외","Tor Browser의 비교 목적에는 기기·프로필 발급·폐기이 핵심 적용 분야가 아님","SRC-014"
"SVC-014","B","C27","무료 데이터·사용량 권리","not_applicable","","low","적용 제외","Tor Browser의 비교 목적에는 무료 데이터·사용량 권리이 핵심 적용 분야가 아님","SRC-014"
"SVC-014","B","C28","관할·국가 지원 범위","scored","3","medium","관할·국가 지원 범위에 대한 확인 가능한 사용자 결과","Tor Browser의 핵심 전문 과업에서 관할·국가 지원 범위 관행을 공식 자료로 확인","SRC-014"
"SVC-015","B","C01","시작과 첫 가치","not_applicable","","low","적용 제외","Bitwarden의 비교 목적에는 시작과 첫 가치이 핵심 적용 분야가 아님","SRC-015"
"SVC-015","B","C02","핵심 과업 완성도","not_applicable","","low","적용 제외","Bitwarden의 비교 목적에는 핵심 과업 완성도이 핵심 적용 분야가 아님","SRC-015"
"SVC-015","B","C03","개인화","not_applicable","","low","적용 제외","Bitwarden의 비교 목적에는 개인화이 핵심 적용 분야가 아님","SRC-015"
"SVC-015","B","C04","결과 이해와 설명","scored","3","medium","결과 이해와 설명에 대한 확인 가능한 사용자 결과","Bitwarden의 핵심 전문 과업에서 결과 이해와 설명 관행을 공식 자료로 확인","SRC-015"
"SVC-015","B","C05","오류·실패 복구","scored","3","medium","오류·실패 복구에 대한 확인 가능한 사용자 결과","Bitwarden의 핵심 전문 과업에서 오류·실패 복구 관행을 공식 자료로 확인","SRC-015"
"SVC-015","B","C06","저장·내보내기·공유","scored","3","medium","저장·내보내기·공유에 대한 확인 가능한 사용자 결과","Bitwarden의 핵심 전문 과업에서 저장·내보내기·공유 관행을 공식 자료로 확인","SRC-015"
"SVC-015","B","C07","모바일 경험","scored","3","medium","모바일 경험에 대한 확인 가능한 사용자 결과","Bitwarden의 핵심 전문 과업에서 모바일 경험 관행을 공식 자료로 확인","SRC-015"
"SVC-015","B","C08","PC 경험","scored","3","medium","PC 경험에 대한 확인 가능한 사용자 결과","Bitwarden의 핵심 전문 과업에서 PC 경험 관행을 공식 자료로 확인","SRC-015"
"SVC-015","B","C09","플랫폼 간 연속성","scored","3","medium","플랫폼 간 연속성에 대한 확인 가능한 사용자 결과","Bitwarden의 핵심 전문 과업에서 플랫폼 간 연속성 관행을 공식 자료로 확인","SRC-015"
"SVC-015","B","C10","접근성","not_applicable","","low","적용 제외","Bitwarden의 비교 목적에는 접근성이 핵심 적용 분야가 아님","SRC-015"
"SVC-015","B","C11","성능과 안정성","not_applicable","","low","적용 제외","Bitwarden의 비교 목적에는 성능과 안정성이 핵심 적용 분야가 아님","SRC-015"
"SVC-015","B","C12","개인정보·보안","scored","4","medium","개인정보·보안에 대한 확인 가능한 사용자 결과","Bitwarden의 핵심 전문 과업에서 개인정보·보안 관행을 공식 자료로 확인","SRC-015"
"SVC-015","B","C13","계정·권한·삭제","scored","3","medium","계정·권한·삭제에 대한 확인 가능한 사용자 결과","Bitwarden의 핵심 전문 과업에서 계정·권한·삭제 관행을 공식 자료로 확인","SRC-015"
"SVC-015","B","C14","가격·결제·취소·환불","not_applicable","","low","적용 제외","Bitwarden의 비교 목적에는 가격·결제·취소·환불이 핵심 적용 분야가 아님","SRC-015"
"SVC-015","B","C15","고객지원·장애 대응","not_applicable","","low","적용 제외","Bitwarden의 비교 목적에는 고객지원·장애 대응이 핵심 적용 분야가 아님","SRC-015"
"SVC-015","B","C16","장기 사용과 유지","not_applicable","","low","적용 제외","Bitwarden의 비교 목적에는 장기 사용과 유지이 핵심 적용 분야가 아님","SRC-015"
"SVC-015","B","C17","팀·관리자·운영","not_applicable","","low","적용 제외","Bitwarden의 비교 목적에는 팀·관리자·운영이 핵심 적용 분야가 아님","SRC-015"
"SVC-015","B","C18","차별화 요소","not_applicable","","low","적용 제외","Bitwarden의 비교 목적에는 차별화 요소이 핵심 적용 분야가 아님","SRC-015"
"SVC-015","B","C19","사용자 신뢰","scored","4","medium","사용자 신뢰에 대한 확인 가능한 사용자 결과","Bitwarden의 핵심 전문 과업에서 사용자 신뢰 관행을 공식 자료로 확인","SRC-015"
"SVC-015","B","C20","도입하면 안 되는 부작용","not_applicable","","low","적용 제외","Bitwarden의 비교 목적에는 도입하면 안 되는 부작용이 핵심 적용 분야가 아님","SRC-015"
"SVC-015","B","C21","프로토콜 투명성","not_applicable","","low","적용 제외","Bitwarden의 비교 목적에는 프로토콜 투명성이 핵심 적용 분야가 아님","SRC-015"
"SVC-015","B","C22","킬 스위치·항상 연결","not_applicable","","low","적용 제외","Bitwarden의 비교 목적에는 킬 스위치·항상 연결이 핵심 적용 분야가 아님","SRC-015"
"SVC-015","B","C23","DNS·IPv6·누출 확인","not_applicable","","low","적용 제외","Bitwarden의 비교 목적에는 DNS·IPv6·누출 확인이 핵심 적용 분야가 아님","SRC-015"
"SVC-015","B","C24","검열 환경 복구","not_applicable","","low","적용 제외","Bitwarden의 비교 목적에는 검열 환경 복구이 핵심 적용 분야가 아님","SRC-015"
"SVC-015","B","C25","서버 상태·혼잡·대체","not_applicable","","low","적용 제외","Bitwarden의 비교 목적에는 서버 상태·혼잡·대체이 핵심 적용 분야가 아님","SRC-015"
"SVC-015","B","C26","기기·프로필 발급·폐기","scored","3","medium","기기·프로필 발급·폐기에 대한 확인 가능한 사용자 결과","Bitwarden의 핵심 전문 과업에서 기기·프로필 발급·폐기 관행을 공식 자료로 확인","SRC-015"
"SVC-015","B","C27","무료 데이터·사용량 권리","not_applicable","","low","적용 제외","Bitwarden의 비교 목적에는 무료 데이터·사용량 권리이 핵심 적용 분야가 아님","SRC-015"
"SVC-015","B","C28","관할·국가 지원 범위","not_applicable","","low","적용 제외","Bitwarden의 비교 목적에는 관할·국가 지원 범위이 핵심 적용 분야가 아님","SRC-015"
"SVC-016","B","C01","시작과 첫 가치","not_applicable","","low","적용 제외","Atlassian Statuspage의 비교 목적에는 시작과 첫 가치이 핵심 적용 분야가 아님","SRC-016"
"SVC-016","B","C02","핵심 과업 완성도","not_applicable","","low","적용 제외","Atlassian Statuspage의 비교 목적에는 핵심 과업 완성도이 핵심 적용 분야가 아님","SRC-016"
"SVC-016","B","C03","개인화","not_applicable","","low","적용 제외","Atlassian Statuspage의 비교 목적에는 개인화이 핵심 적용 분야가 아님","SRC-016"
"SVC-016","B","C04","결과 이해와 설명","scored","3","medium","결과 이해와 설명에 대한 확인 가능한 사용자 결과","Atlassian Statuspage의 핵심 전문 과업에서 결과 이해와 설명 관행을 공식 자료로 확인","SRC-016"
"SVC-016","B","C05","오류·실패 복구","scored","3","medium","오류·실패 복구에 대한 확인 가능한 사용자 결과","Atlassian Statuspage의 핵심 전문 과업에서 오류·실패 복구 관행을 공식 자료로 확인","SRC-016"
"SVC-016","B","C06","저장·내보내기·공유","not_applicable","","low","적용 제외","Atlassian Statuspage의 비교 목적에는 저장·내보내기·공유이 핵심 적용 분야가 아님","SRC-016"
"SVC-016","B","C07","모바일 경험","not_applicable","","low","적용 제외","Atlassian Statuspage의 비교 목적에는 모바일 경험이 핵심 적용 분야가 아님","SRC-016"
"SVC-016","B","C08","PC 경험","not_applicable","","low","적용 제외","Atlassian Statuspage의 비교 목적에는 PC 경험이 핵심 적용 분야가 아님","SRC-016"
"SVC-016","B","C09","플랫폼 간 연속성","not_applicable","","low","적용 제외","Atlassian Statuspage의 비교 목적에는 플랫폼 간 연속성이 핵심 적용 분야가 아님","SRC-016"
"SVC-016","B","C10","접근성","not_applicable","","low","적용 제외","Atlassian Statuspage의 비교 목적에는 접근성이 핵심 적용 분야가 아님","SRC-016"
"SVC-016","B","C11","성능과 안정성","not_applicable","","low","적용 제외","Atlassian Statuspage의 비교 목적에는 성능과 안정성이 핵심 적용 분야가 아님","SRC-016"
"SVC-016","B","C12","개인정보·보안","not_applicable","","low","적용 제외","Atlassian Statuspage의 비교 목적에는 개인정보·보안이 핵심 적용 분야가 아님","SRC-016"
"SVC-016","B","C13","계정·권한·삭제","not_applicable","","low","적용 제외","Atlassian Statuspage의 비교 목적에는 계정·권한·삭제이 핵심 적용 분야가 아님","SRC-016"
"SVC-016","B","C14","가격·결제·취소·환불","not_applicable","","low","적용 제외","Atlassian Statuspage의 비교 목적에는 가격·결제·취소·환불이 핵심 적용 분야가 아님","SRC-016"
"SVC-016","B","C15","고객지원·장애 대응","scored","3","medium","고객지원·장애 대응에 대한 확인 가능한 사용자 결과","Atlassian Statuspage의 핵심 전문 과업에서 고객지원·장애 대응 관행을 공식 자료로 확인","SRC-016"
"SVC-016","B","C16","장기 사용과 유지","scored","3","medium","장기 사용과 유지에 대한 확인 가능한 사용자 결과","Atlassian Statuspage의 핵심 전문 과업에서 장기 사용과 유지 관행을 공식 자료로 확인","SRC-016"
"SVC-016","B","C17","팀·관리자·운영","scored","3","medium","팀·관리자·운영에 대한 확인 가능한 사용자 결과","Atlassian Statuspage의 핵심 전문 과업에서 팀·관리자·운영 관행을 공식 자료로 확인","SRC-016"
"SVC-016","B","C18","차별화 요소","not_applicable","","low","적용 제외","Atlassian Statuspage의 비교 목적에는 차별화 요소이 핵심 적용 분야가 아님","SRC-016"
"SVC-016","B","C19","사용자 신뢰","scored","4","medium","사용자 신뢰에 대한 확인 가능한 사용자 결과","Atlassian Statuspage의 핵심 전문 과업에서 사용자 신뢰 관행을 공식 자료로 확인","SRC-016"
"SVC-016","B","C20","도입하면 안 되는 부작용","not_applicable","","low","적용 제외","Atlassian Statuspage의 비교 목적에는 도입하면 안 되는 부작용이 핵심 적용 분야가 아님","SRC-016"
"SVC-016","B","C21","프로토콜 투명성","not_applicable","","low","적용 제외","Atlassian Statuspage의 비교 목적에는 프로토콜 투명성이 핵심 적용 분야가 아님","SRC-016"
"SVC-016","B","C22","킬 스위치·항상 연결","not_applicable","","low","적용 제외","Atlassian Statuspage의 비교 목적에는 킬 스위치·항상 연결이 핵심 적용 분야가 아님","SRC-016"
"SVC-016","B","C23","DNS·IPv6·누출 확인","not_applicable","","low","적용 제외","Atlassian Statuspage의 비교 목적에는 DNS·IPv6·누출 확인이 핵심 적용 분야가 아님","SRC-016"
"SVC-016","B","C24","검열 환경 복구","not_applicable","","low","적용 제외","Atlassian Statuspage의 비교 목적에는 검열 환경 복구이 핵심 적용 분야가 아님","SRC-016"
"SVC-016","B","C25","서버 상태·혼잡·대체","scored","3","medium","서버 상태·혼잡·대체에 대한 확인 가능한 사용자 결과","Atlassian Statuspage의 핵심 전문 과업에서 서버 상태·혼잡·대체 관행을 공식 자료로 확인","SRC-016"
"SVC-016","B","C26","기기·프로필 발급·폐기","not_applicable","","low","적용 제외","Atlassian Statuspage의 비교 목적에는 기기·프로필 발급·폐기이 핵심 적용 분야가 아님","SRC-016"
"SVC-016","B","C27","무료 데이터·사용량 권리","not_applicable","","low","적용 제외","Atlassian Statuspage의 비교 목적에는 무료 데이터·사용량 권리이 핵심 적용 분야가 아님","SRC-016"
"SVC-016","B","C28","관할·국가 지원 범위","not_applicable","","low","적용 제외","Atlassian Statuspage의 비교 목적에는 관할·국가 지원 범위이 핵심 적용 분야가 아님","SRC-016"
"SVC-017","B","C01","시작과 첫 가치","not_applicable","","low","적용 제외","Stripe Billing의 비교 목적에는 시작과 첫 가치이 핵심 적용 분야가 아님","SRC-017"
"SVC-017","B","C02","핵심 과업 완성도","not_applicable","","low","적용 제외","Stripe Billing의 비교 목적에는 핵심 과업 완성도이 핵심 적용 분야가 아님","SRC-017"
"SVC-017","B","C03","개인화","not_applicable","","low","적용 제외","Stripe Billing의 비교 목적에는 개인화이 핵심 적용 분야가 아님","SRC-017"
"SVC-017","B","C04","결과 이해와 설명","not_applicable","","low","적용 제외","Stripe Billing의 비교 목적에는 결과 이해와 설명이 핵심 적용 분야가 아님","SRC-017"
"SVC-017","B","C05","오류·실패 복구","scored","3","medium","오류·실패 복구에 대한 확인 가능한 사용자 결과","Stripe Billing의 핵심 전문 과업에서 오류·실패 복구 관행을 공식 자료로 확인","SRC-017"
"SVC-017","B","C06","저장·내보내기·공유","not_applicable","","low","적용 제외","Stripe Billing의 비교 목적에는 저장·내보내기·공유이 핵심 적용 분야가 아님","SRC-017"
"SVC-017","B","C07","모바일 경험","not_applicable","","low","적용 제외","Stripe Billing의 비교 목적에는 모바일 경험이 핵심 적용 분야가 아님","SRC-017"
"SVC-017","B","C08","PC 경험","not_applicable","","low","적용 제외","Stripe Billing의 비교 목적에는 PC 경험이 핵심 적용 분야가 아님","SRC-017"
"SVC-017","B","C09","플랫폼 간 연속성","not_applicable","","low","적용 제외","Stripe Billing의 비교 목적에는 플랫폼 간 연속성이 핵심 적용 분야가 아님","SRC-017"
"SVC-017","B","C10","접근성","not_applicable","","low","적용 제외","Stripe Billing의 비교 목적에는 접근성이 핵심 적용 분야가 아님","SRC-017"
"SVC-017","B","C11","성능과 안정성","not_applicable","","low","적용 제외","Stripe Billing의 비교 목적에는 성능과 안정성이 핵심 적용 분야가 아님","SRC-017"
"SVC-017","B","C12","개인정보·보안","not_applicable","","low","적용 제외","Stripe Billing의 비교 목적에는 개인정보·보안이 핵심 적용 분야가 아님","SRC-017"
"SVC-017","B","C13","계정·권한·삭제","scored","3","medium","계정·권한·삭제에 대한 확인 가능한 사용자 결과","Stripe Billing의 핵심 전문 과업에서 계정·권한·삭제 관행을 공식 자료로 확인","SRC-017"
"SVC-017","B","C14","가격·결제·취소·환불","scored","3","medium","가격·결제·취소·환불에 대한 확인 가능한 사용자 결과","Stripe Billing의 핵심 전문 과업에서 가격·결제·취소·환불 관행을 공식 자료로 확인","SRC-017"
"SVC-017","B","C15","고객지원·장애 대응","not_applicable","","low","적용 제외","Stripe Billing의 비교 목적에는 고객지원·장애 대응이 핵심 적용 분야가 아님","SRC-017"
"SVC-017","B","C16","장기 사용과 유지","scored","3","medium","장기 사용과 유지에 대한 확인 가능한 사용자 결과","Stripe Billing의 핵심 전문 과업에서 장기 사용과 유지 관행을 공식 자료로 확인","SRC-017"
"SVC-017","B","C17","팀·관리자·운영","scored","3","medium","팀·관리자·운영에 대한 확인 가능한 사용자 결과","Stripe Billing의 핵심 전문 과업에서 팀·관리자·운영 관행을 공식 자료로 확인","SRC-017"
"SVC-017","B","C18","차별화 요소","not_applicable","","low","적용 제외","Stripe Billing의 비교 목적에는 차별화 요소이 핵심 적용 분야가 아님","SRC-017"
"SVC-017","B","C19","사용자 신뢰","scored","4","medium","사용자 신뢰에 대한 확인 가능한 사용자 결과","Stripe Billing의 핵심 전문 과업에서 사용자 신뢰 관행을 공식 자료로 확인","SRC-017"
"SVC-017","B","C20","도입하면 안 되는 부작용","not_applicable","","low","적용 제외","Stripe Billing의 비교 목적에는 도입하면 안 되는 부작용이 핵심 적용 분야가 아님","SRC-017"
"SVC-017","B","C21","프로토콜 투명성","not_applicable","","low","적용 제외","Stripe Billing의 비교 목적에는 프로토콜 투명성이 핵심 적용 분야가 아님","SRC-017"
"SVC-017","B","C22","킬 스위치·항상 연결","not_applicable","","low","적용 제외","Stripe Billing의 비교 목적에는 킬 스위치·항상 연결이 핵심 적용 분야가 아님","SRC-017"
"SVC-017","B","C23","DNS·IPv6·누출 확인","not_applicable","","low","적용 제외","Stripe Billing의 비교 목적에는 DNS·IPv6·누출 확인이 핵심 적용 분야가 아님","SRC-017"
"SVC-017","B","C24","검열 환경 복구","not_applicable","","low","적용 제외","Stripe Billing의 비교 목적에는 검열 환경 복구이 핵심 적용 분야가 아님","SRC-017"
"SVC-017","B","C25","서버 상태·혼잡·대체","not_applicable","","low","적용 제외","Stripe Billing의 비교 목적에는 서버 상태·혼잡·대체이 핵심 적용 분야가 아님","SRC-017"
"SVC-017","B","C26","기기·프로필 발급·폐기","not_applicable","","low","적용 제외","Stripe Billing의 비교 목적에는 기기·프로필 발급·폐기이 핵심 적용 분야가 아님","SRC-017"
"SVC-017","B","C27","무료 데이터·사용량 권리","not_applicable","","low","적용 제외","Stripe Billing의 비교 목적에는 무료 데이터·사용량 권리이 핵심 적용 분야가 아님","SRC-017"
"SVC-017","B","C28","관할·국가 지원 범위","not_applicable","","low","적용 제외","Stripe Billing의 비교 목적에는 관할·국가 지원 범위이 핵심 적용 분야가 아님","SRC-017"
"SVC-018","B","C01","시작과 첫 가치","not_applicable","","low","적용 제외","Apple App Store Subscriptions의 비교 목적에는 시작과 첫 가치이 핵심 적용 분야가 아님","SRC-018"
"SVC-018","B","C02","핵심 과업 완성도","not_applicable","","low","적용 제외","Apple App Store Subscriptions의 비교 목적에는 핵심 과업 완성도이 핵심 적용 분야가 아님","SRC-018"
"SVC-018","B","C03","개인화","not_applicable","","low","적용 제외","Apple App Store Subscriptions의 비교 목적에는 개인화이 핵심 적용 분야가 아님","SRC-018"
"SVC-018","B","C04","결과 이해와 설명","not_applicable","","low","적용 제외","Apple App Store Subscriptions의 비교 목적에는 결과 이해와 설명이 핵심 적용 분야가 아님","SRC-018"
"SVC-018","B","C05","오류·실패 복구","scored","3","medium","오류·실패 복구에 대한 확인 가능한 사용자 결과","Apple App Store Subscriptions의 핵심 전문 과업에서 오류·실패 복구 관행을 공식 자료로 확인","SRC-018"
"SVC-018","B","C06","저장·내보내기·공유","not_applicable","","low","적용 제외","Apple App Store Subscriptions의 비교 목적에는 저장·내보내기·공유이 핵심 적용 분야가 아님","SRC-018"
"SVC-018","B","C07","모바일 경험","scored","3","medium","모바일 경험에 대한 확인 가능한 사용자 결과","Apple App Store Subscriptions의 핵심 전문 과업에서 모바일 경험 관행을 공식 자료로 확인","SRC-018"
"SVC-018","B","C08","PC 경험","not_applicable","","low","적용 제외","Apple App Store Subscriptions의 비교 목적에는 PC 경험이 핵심 적용 분야가 아님","SRC-018"
"SVC-018","B","C09","플랫폼 간 연속성","not_applicable","","low","적용 제외","Apple App Store Subscriptions의 비교 목적에는 플랫폼 간 연속성이 핵심 적용 분야가 아님","SRC-018"
"SVC-018","B","C10","접근성","not_applicable","","low","적용 제외","Apple App Store Subscriptions의 비교 목적에는 접근성이 핵심 적용 분야가 아님","SRC-018"
"SVC-018","B","C11","성능과 안정성","not_applicable","","low","적용 제외","Apple App Store Subscriptions의 비교 목적에는 성능과 안정성이 핵심 적용 분야가 아님","SRC-018"
"SVC-018","B","C12","개인정보·보안","not_applicable","","low","적용 제외","Apple App Store Subscriptions의 비교 목적에는 개인정보·보안이 핵심 적용 분야가 아님","SRC-018"
"SVC-018","B","C13","계정·권한·삭제","scored","3","medium","계정·권한·삭제에 대한 확인 가능한 사용자 결과","Apple App Store Subscriptions의 핵심 전문 과업에서 계정·권한·삭제 관행을 공식 자료로 확인","SRC-018"
"SVC-018","B","C14","가격·결제·취소·환불","scored","3","medium","가격·결제·취소·환불에 대한 확인 가능한 사용자 결과","Apple App Store Subscriptions의 핵심 전문 과업에서 가격·결제·취소·환불 관행을 공식 자료로 확인","SRC-018"
"SVC-018","B","C15","고객지원·장애 대응","not_applicable","","low","적용 제외","Apple App Store Subscriptions의 비교 목적에는 고객지원·장애 대응이 핵심 적용 분야가 아님","SRC-018"
"SVC-018","B","C16","장기 사용과 유지","scored","3","medium","장기 사용과 유지에 대한 확인 가능한 사용자 결과","Apple App Store Subscriptions의 핵심 전문 과업에서 장기 사용과 유지 관행을 공식 자료로 확인","SRC-018"
"SVC-018","B","C17","팀·관리자·운영","not_applicable","","low","적용 제외","Apple App Store Subscriptions의 비교 목적에는 팀·관리자·운영이 핵심 적용 분야가 아님","SRC-018"
"SVC-018","B","C18","차별화 요소","not_applicable","","low","적용 제외","Apple App Store Subscriptions의 비교 목적에는 차별화 요소이 핵심 적용 분야가 아님","SRC-018"
"SVC-018","B","C19","사용자 신뢰","scored","4","medium","사용자 신뢰에 대한 확인 가능한 사용자 결과","Apple App Store Subscriptions의 핵심 전문 과업에서 사용자 신뢰 관행을 공식 자료로 확인","SRC-018"
"SVC-018","B","C20","도입하면 안 되는 부작용","not_applicable","","low","적용 제외","Apple App Store Subscriptions의 비교 목적에는 도입하면 안 되는 부작용이 핵심 적용 분야가 아님","SRC-018"
"SVC-018","B","C21","프로토콜 투명성","not_applicable","","low","적용 제외","Apple App Store Subscriptions의 비교 목적에는 프로토콜 투명성이 핵심 적용 분야가 아님","SRC-018"
"SVC-018","B","C22","킬 스위치·항상 연결","not_applicable","","low","적용 제외","Apple App Store Subscriptions의 비교 목적에는 킬 스위치·항상 연결이 핵심 적용 분야가 아님","SRC-018"
"SVC-018","B","C23","DNS·IPv6·누출 확인","not_applicable","","low","적용 제외","Apple App Store Subscriptions의 비교 목적에는 DNS·IPv6·누출 확인이 핵심 적용 분야가 아님","SRC-018"
"SVC-018","B","C24","검열 환경 복구","not_applicable","","low","적용 제외","Apple App Store Subscriptions의 비교 목적에는 검열 환경 복구이 핵심 적용 분야가 아님","SRC-018"
"SVC-018","B","C25","서버 상태·혼잡·대체","not_applicable","","low","적용 제외","Apple App Store Subscriptions의 비교 목적에는 서버 상태·혼잡·대체이 핵심 적용 분야가 아님","SRC-018"
"SVC-018","B","C26","기기·프로필 발급·폐기","not_applicable","","low","적용 제외","Apple App Store Subscriptions의 비교 목적에는 기기·프로필 발급·폐기이 핵심 적용 분야가 아님","SRC-018"
"SVC-018","B","C27","무료 데이터·사용량 권리","not_applicable","","low","적용 제외","Apple App Store Subscriptions의 비교 목적에는 무료 데이터·사용량 권리이 핵심 적용 분야가 아님","SRC-018"
"SVC-018","B","C28","관할·국가 지원 범위","not_applicable","","low","적용 제외","Apple App Store Subscriptions의 비교 목적에는 관할·국가 지원 범위이 핵심 적용 분야가 아님","SRC-018"
"SVC-019","B","C01","시작과 첫 가치","not_applicable","","low","적용 제외","Accessibility Insights의 비교 목적에는 시작과 첫 가치이 핵심 적용 분야가 아님","SRC-019"
"SVC-019","B","C02","핵심 과업 완성도","not_applicable","","low","적용 제외","Accessibility Insights의 비교 목적에는 핵심 과업 완성도이 핵심 적용 분야가 아님","SRC-019"
"SVC-019","B","C03","개인화","not_applicable","","low","적용 제외","Accessibility Insights의 비교 목적에는 개인화이 핵심 적용 분야가 아님","SRC-019"
"SVC-019","B","C04","결과 이해와 설명","not_applicable","","low","적용 제외","Accessibility Insights의 비교 목적에는 결과 이해와 설명이 핵심 적용 분야가 아님","SRC-019"
"SVC-019","B","C05","오류·실패 복구","not_applicable","","low","적용 제외","Accessibility Insights의 비교 목적에는 오류·실패 복구이 핵심 적용 분야가 아님","SRC-019"
"SVC-019","B","C06","저장·내보내기·공유","not_applicable","","low","적용 제외","Accessibility Insights의 비교 목적에는 저장·내보내기·공유이 핵심 적용 분야가 아님","SRC-019"
"SVC-019","B","C07","모바일 경험","scored","3","medium","모바일 경험에 대한 확인 가능한 사용자 결과","Accessibility Insights의 핵심 전문 과업에서 모바일 경험 관행을 공식 자료로 확인","SRC-019"
"SVC-019","B","C08","PC 경험","scored","3","medium","PC 경험에 대한 확인 가능한 사용자 결과","Accessibility Insights의 핵심 전문 과업에서 PC 경험 관행을 공식 자료로 확인","SRC-019"
"SVC-019","B","C09","플랫폼 간 연속성","not_applicable","","low","적용 제외","Accessibility Insights의 비교 목적에는 플랫폼 간 연속성이 핵심 적용 분야가 아님","SRC-019"
"SVC-019","B","C10","접근성","scored","3","medium","접근성에 대한 확인 가능한 사용자 결과","Accessibility Insights의 핵심 전문 과업에서 접근성 관행을 공식 자료로 확인","SRC-019"
"SVC-019","B","C11","성능과 안정성","not_applicable","","low","적용 제외","Accessibility Insights의 비교 목적에는 성능과 안정성이 핵심 적용 분야가 아님","SRC-019"
"SVC-019","B","C12","개인정보·보안","not_applicable","","low","적용 제외","Accessibility Insights의 비교 목적에는 개인정보·보안이 핵심 적용 분야가 아님","SRC-019"
"SVC-019","B","C13","계정·권한·삭제","not_applicable","","low","적용 제외","Accessibility Insights의 비교 목적에는 계정·권한·삭제이 핵심 적용 분야가 아님","SRC-019"
"SVC-019","B","C14","가격·결제·취소·환불","not_applicable","","low","적용 제외","Accessibility Insights의 비교 목적에는 가격·결제·취소·환불이 핵심 적용 분야가 아님","SRC-019"
"SVC-019","B","C15","고객지원·장애 대응","not_applicable","","low","적용 제외","Accessibility Insights의 비교 목적에는 고객지원·장애 대응이 핵심 적용 분야가 아님","SRC-019"
"SVC-019","B","C16","장기 사용과 유지","not_applicable","","low","적용 제외","Accessibility Insights의 비교 목적에는 장기 사용과 유지이 핵심 적용 분야가 아님","SRC-019"
"SVC-019","B","C17","팀·관리자·운영","not_applicable","","low","적용 제외","Accessibility Insights의 비교 목적에는 팀·관리자·운영이 핵심 적용 분야가 아님","SRC-019"
"SVC-019","B","C18","차별화 요소","not_applicable","","low","적용 제외","Accessibility Insights의 비교 목적에는 차별화 요소이 핵심 적용 분야가 아님","SRC-019"
"SVC-019","B","C19","사용자 신뢰","scored","4","medium","사용자 신뢰에 대한 확인 가능한 사용자 결과","Accessibility Insights의 핵심 전문 과업에서 사용자 신뢰 관행을 공식 자료로 확인","SRC-019"
"SVC-019","B","C20","도입하면 안 되는 부작용","not_applicable","","low","적용 제외","Accessibility Insights의 비교 목적에는 도입하면 안 되는 부작용이 핵심 적용 분야가 아님","SRC-019"
"SVC-019","B","C21","프로토콜 투명성","not_applicable","","low","적용 제외","Accessibility Insights의 비교 목적에는 프로토콜 투명성이 핵심 적용 분야가 아님","SRC-019"
"SVC-019","B","C22","킬 스위치·항상 연결","not_applicable","","low","적용 제외","Accessibility Insights의 비교 목적에는 킬 스위치·항상 연결이 핵심 적용 분야가 아님","SRC-019"
"SVC-019","B","C23","DNS·IPv6·누출 확인","not_applicable","","low","적용 제외","Accessibility Insights의 비교 목적에는 DNS·IPv6·누출 확인이 핵심 적용 분야가 아님","SRC-019"
"SVC-019","B","C24","검열 환경 복구","not_applicable","","low","적용 제외","Accessibility Insights의 비교 목적에는 검열 환경 복구이 핵심 적용 분야가 아님","SRC-019"
"SVC-019","B","C25","서버 상태·혼잡·대체","not_applicable","","low","적용 제외","Accessibility Insights의 비교 목적에는 서버 상태·혼잡·대체이 핵심 적용 분야가 아님","SRC-019"
"SVC-019","B","C26","기기·프로필 발급·폐기","not_applicable","","low","적용 제외","Accessibility Insights의 비교 목적에는 기기·프로필 발급·폐기이 핵심 적용 분야가 아님","SRC-019"
"SVC-019","B","C27","무료 데이터·사용량 권리","not_applicable","","low","적용 제외","Accessibility Insights의 비교 목적에는 무료 데이터·사용량 권리이 핵심 적용 분야가 아님","SRC-019"
"SVC-019","B","C28","관할·국가 지원 범위","not_applicable","","low","적용 제외","Accessibility Insights의 비교 목적에는 관할·국가 지원 범위이 핵심 적용 분야가 아님","SRC-019"
"SVC-020","B","C01","시작과 첫 가치","not_applicable","","low","적용 제외","GitHub Advanced Security의 비교 목적에는 시작과 첫 가치이 핵심 적용 분야가 아님","SRC-020"
"SVC-020","B","C02","핵심 과업 완성도","not_applicable","","low","적용 제외","GitHub Advanced Security의 비교 목적에는 핵심 과업 완성도이 핵심 적용 분야가 아님","SRC-020"
"SVC-020","B","C03","개인화","not_applicable","","low","적용 제외","GitHub Advanced Security의 비교 목적에는 개인화이 핵심 적용 분야가 아님","SRC-020"
"SVC-020","B","C04","결과 이해와 설명","not_applicable","","low","적용 제외","GitHub Advanced Security의 비교 목적에는 결과 이해와 설명이 핵심 적용 분야가 아님","SRC-020"
"SVC-020","B","C05","오류·실패 복구","scored","3","medium","오류·실패 복구에 대한 확인 가능한 사용자 결과","GitHub Advanced Security의 핵심 전문 과업에서 오류·실패 복구 관행을 공식 자료로 확인","SRC-020"
"SVC-020","B","C06","저장·내보내기·공유","not_applicable","","low","적용 제외","GitHub Advanced Security의 비교 목적에는 저장·내보내기·공유이 핵심 적용 분야가 아님","SRC-020"
"SVC-020","B","C07","모바일 경험","not_applicable","","low","적용 제외","GitHub Advanced Security의 비교 목적에는 모바일 경험이 핵심 적용 분야가 아님","SRC-020"
"SVC-020","B","C08","PC 경험","not_applicable","","low","적용 제외","GitHub Advanced Security의 비교 목적에는 PC 경험이 핵심 적용 분야가 아님","SRC-020"
"SVC-020","B","C09","플랫폼 간 연속성","not_applicable","","low","적용 제외","GitHub Advanced Security의 비교 목적에는 플랫폼 간 연속성이 핵심 적용 분야가 아님","SRC-020"
"SVC-020","B","C10","접근성","not_applicable","","low","적용 제외","GitHub Advanced Security의 비교 목적에는 접근성이 핵심 적용 분야가 아님","SRC-020"
"SVC-020","B","C11","성능과 안정성","not_applicable","","low","적용 제외","GitHub Advanced Security의 비교 목적에는 성능과 안정성이 핵심 적용 분야가 아님","SRC-020"
"SVC-020","B","C12","개인정보·보안","scored","4","medium","개인정보·보안에 대한 확인 가능한 사용자 결과","GitHub Advanced Security의 핵심 전문 과업에서 개인정보·보안 관행을 공식 자료로 확인","SRC-020"
"SVC-020","B","C13","계정·권한·삭제","not_applicable","","low","적용 제외","GitHub Advanced Security의 비교 목적에는 계정·권한·삭제이 핵심 적용 분야가 아님","SRC-020"
"SVC-020","B","C14","가격·결제·취소·환불","not_applicable","","low","적용 제외","GitHub Advanced Security의 비교 목적에는 가격·결제·취소·환불이 핵심 적용 분야가 아님","SRC-020"
"SVC-020","B","C15","고객지원·장애 대응","scored","3","medium","고객지원·장애 대응에 대한 확인 가능한 사용자 결과","GitHub Advanced Security의 핵심 전문 과업에서 고객지원·장애 대응 관행을 공식 자료로 확인","SRC-020"
"SVC-020","B","C16","장기 사용과 유지","scored","3","medium","장기 사용과 유지에 대한 확인 가능한 사용자 결과","GitHub Advanced Security의 핵심 전문 과업에서 장기 사용과 유지 관행을 공식 자료로 확인","SRC-020"
"SVC-020","B","C17","팀·관리자·운영","scored","3","medium","팀·관리자·운영에 대한 확인 가능한 사용자 결과","GitHub Advanced Security의 핵심 전문 과업에서 팀·관리자·운영 관행을 공식 자료로 확인","SRC-020"
"SVC-020","B","C18","차별화 요소","not_applicable","","low","적용 제외","GitHub Advanced Security의 비교 목적에는 차별화 요소이 핵심 적용 분야가 아님","SRC-020"
"SVC-020","B","C19","사용자 신뢰","scored","4","medium","사용자 신뢰에 대한 확인 가능한 사용자 결과","GitHub Advanced Security의 핵심 전문 과업에서 사용자 신뢰 관행을 공식 자료로 확인","SRC-020"
"SVC-020","B","C20","도입하면 안 되는 부작용","not_applicable","","low","적용 제외","GitHub Advanced Security의 비교 목적에는 도입하면 안 되는 부작용이 핵심 적용 분야가 아님","SRC-020"
"SVC-020","B","C21","프로토콜 투명성","not_applicable","","low","적용 제외","GitHub Advanced Security의 비교 목적에는 프로토콜 투명성이 핵심 적용 분야가 아님","SRC-020"
"SVC-020","B","C22","킬 스위치·항상 연결","not_applicable","","low","적용 제외","GitHub Advanced Security의 비교 목적에는 킬 스위치·항상 연결이 핵심 적용 분야가 아님","SRC-020"
"SVC-020","B","C23","DNS·IPv6·누출 확인","not_applicable","","low","적용 제외","GitHub Advanced Security의 비교 목적에는 DNS·IPv6·누출 확인이 핵심 적용 분야가 아님","SRC-020"
"SVC-020","B","C24","검열 환경 복구","not_applicable","","low","적용 제외","GitHub Advanced Security의 비교 목적에는 검열 환경 복구이 핵심 적용 분야가 아님","SRC-020"
"SVC-020","B","C25","서버 상태·혼잡·대체","not_applicable","","low","적용 제외","GitHub Advanced Security의 비교 목적에는 서버 상태·혼잡·대체이 핵심 적용 분야가 아님","SRC-020"
"SVC-020","B","C26","기기·프로필 발급·폐기","not_applicable","","low","적용 제외","GitHub Advanced Security의 비교 목적에는 기기·프로필 발급·폐기이 핵심 적용 분야가 아님","SRC-020"
"SVC-020","B","C27","무료 데이터·사용량 권리","not_applicable","","low","적용 제외","GitHub Advanced Security의 비교 목적에는 무료 데이터·사용량 권리이 핵심 적용 분야가 아님","SRC-020"
"SVC-020","B","C28","관할·국가 지원 범위","not_applicable","","low","적용 제외","GitHub Advanced Security의 비교 목적에는 관할·국가 지원 범위이 핵심 적용 분야가 아님","SRC-020"
"SVC-021","C","C01","시작과 첫 가치","scored","4","medium","시작과 첫 가치에 대한 확인 가능한 사용자 결과","NextDNS의 핵심 전문 과업에서 시작과 첫 가치 관행을 공식 자료로 확인","SRC-021"
"SVC-021","C","C02","핵심 과업 완성도","not_applicable","","low","적용 제외","NextDNS의 비교 목적에는 핵심 과업 완성도이 핵심 적용 분야가 아님","SRC-021"
"SVC-021","C","C03","개인화","scored","3","medium","개인화에 대한 확인 가능한 사용자 결과","NextDNS의 핵심 전문 과업에서 개인화 관행을 공식 자료로 확인","SRC-021"
"SVC-021","C","C04","결과 이해와 설명","scored","3","medium","결과 이해와 설명에 대한 확인 가능한 사용자 결과","NextDNS의 핵심 전문 과업에서 결과 이해와 설명 관행을 공식 자료로 확인","SRC-021"
"SVC-021","C","C05","오류·실패 복구","not_applicable","","low","적용 제외","NextDNS의 비교 목적에는 오류·실패 복구이 핵심 적용 분야가 아님","SRC-021"
"SVC-021","C","C06","저장·내보내기·공유","not_applicable","","low","적용 제외","NextDNS의 비교 목적에는 저장·내보내기·공유이 핵심 적용 분야가 아님","SRC-021"
"SVC-021","C","C07","모바일 경험","scored","3","medium","모바일 경험에 대한 확인 가능한 사용자 결과","NextDNS의 핵심 전문 과업에서 모바일 경험 관행을 공식 자료로 확인","SRC-021"
"SVC-021","C","C08","PC 경험","scored","3","medium","PC 경험에 대한 확인 가능한 사용자 결과","NextDNS의 핵심 전문 과업에서 PC 경험 관행을 공식 자료로 확인","SRC-021"
"SVC-021","C","C09","플랫폼 간 연속성","scored","3","medium","플랫폼 간 연속성에 대한 확인 가능한 사용자 결과","NextDNS의 핵심 전문 과업에서 플랫폼 간 연속성 관행을 공식 자료로 확인","SRC-021"
"SVC-021","C","C10","접근성","not_applicable","","low","적용 제외","NextDNS의 비교 목적에는 접근성이 핵심 적용 분야가 아님","SRC-021"
"SVC-021","C","C11","성능과 안정성","scored","3","medium","성능과 안정성에 대한 확인 가능한 사용자 결과","NextDNS의 핵심 전문 과업에서 성능과 안정성 관행을 공식 자료로 확인","SRC-021"
"SVC-021","C","C12","개인정보·보안","scored","4","medium","개인정보·보안에 대한 확인 가능한 사용자 결과","NextDNS의 핵심 전문 과업에서 개인정보·보안 관행을 공식 자료로 확인","SRC-021"
"SVC-021","C","C13","계정·권한·삭제","not_applicable","","low","적용 제외","NextDNS의 비교 목적에는 계정·권한·삭제이 핵심 적용 분야가 아님","SRC-021"
"SVC-021","C","C14","가격·결제·취소·환불","not_applicable","","low","적용 제외","NextDNS의 비교 목적에는 가격·결제·취소·환불이 핵심 적용 분야가 아님","SRC-021"
"SVC-021","C","C15","고객지원·장애 대응","not_applicable","","low","적용 제외","NextDNS의 비교 목적에는 고객지원·장애 대응이 핵심 적용 분야가 아님","SRC-021"
"SVC-021","C","C16","장기 사용과 유지","not_applicable","","low","적용 제외","NextDNS의 비교 목적에는 장기 사용과 유지이 핵심 적용 분야가 아님","SRC-021"
"SVC-021","C","C17","팀·관리자·운영","not_applicable","","low","적용 제외","NextDNS의 비교 목적에는 팀·관리자·운영이 핵심 적용 분야가 아님","SRC-021"
"SVC-021","C","C18","차별화 요소","not_applicable","","low","적용 제외","NextDNS의 비교 목적에는 차별화 요소이 핵심 적용 분야가 아님","SRC-021"
"SVC-021","C","C19","사용자 신뢰","scored","4","medium","사용자 신뢰에 대한 확인 가능한 사용자 결과","NextDNS의 핵심 전문 과업에서 사용자 신뢰 관행을 공식 자료로 확인","SRC-021"
"SVC-021","C","C20","도입하면 안 되는 부작용","not_applicable","","low","적용 제외","NextDNS의 비교 목적에는 도입하면 안 되는 부작용이 핵심 적용 분야가 아님","SRC-021"
"SVC-021","C","C21","프로토콜 투명성","not_applicable","","low","적용 제외","NextDNS의 비교 목적에는 프로토콜 투명성이 핵심 적용 분야가 아님","SRC-021"
"SVC-021","C","C22","킬 스위치·항상 연결","not_applicable","","low","적용 제외","NextDNS의 비교 목적에는 킬 스위치·항상 연결이 핵심 적용 분야가 아님","SRC-021"
"SVC-021","C","C23","DNS·IPv6·누출 확인","scored","3","medium","DNS·IPv6·누출 확인에 대한 확인 가능한 사용자 결과","NextDNS의 핵심 전문 과업에서 DNS·IPv6·누출 확인 관행을 공식 자료로 확인","SRC-021"
"SVC-021","C","C24","검열 환경 복구","not_applicable","","low","적용 제외","NextDNS의 비교 목적에는 검열 환경 복구이 핵심 적용 분야가 아님","SRC-021"
"SVC-021","C","C25","서버 상태·혼잡·대체","not_applicable","","low","적용 제외","NextDNS의 비교 목적에는 서버 상태·혼잡·대체이 핵심 적용 분야가 아님","SRC-021"
"SVC-021","C","C26","기기·프로필 발급·폐기","scored","3","medium","기기·프로필 발급·폐기에 대한 확인 가능한 사용자 결과","NextDNS의 핵심 전문 과업에서 기기·프로필 발급·폐기 관행을 공식 자료로 확인","SRC-021"
"SVC-021","C","C27","무료 데이터·사용량 권리","not_applicable","","low","적용 제외","NextDNS의 비교 목적에는 무료 데이터·사용량 권리이 핵심 적용 분야가 아님","SRC-021"
"SVC-021","C","C28","관할·국가 지원 범위","not_applicable","","low","적용 제외","NextDNS의 비교 목적에는 관할·국가 지원 범위이 핵심 적용 분야가 아님","SRC-021"
"SVC-022","C","C01","시작과 첫 가치","scored","4","medium","시작과 첫 가치에 대한 확인 가능한 사용자 결과","AdGuard DNS의 핵심 전문 과업에서 시작과 첫 가치 관행을 공식 자료로 확인","SRC-022"
"SVC-022","C","C02","핵심 과업 완성도","not_applicable","","low","적용 제외","AdGuard DNS의 비교 목적에는 핵심 과업 완성도이 핵심 적용 분야가 아님","SRC-022"
"SVC-022","C","C03","개인화","scored","3","medium","개인화에 대한 확인 가능한 사용자 결과","AdGuard DNS의 핵심 전문 과업에서 개인화 관행을 공식 자료로 확인","SRC-022"
"SVC-022","C","C04","결과 이해와 설명","not_applicable","","low","적용 제외","AdGuard DNS의 비교 목적에는 결과 이해와 설명이 핵심 적용 분야가 아님","SRC-022"
"SVC-022","C","C05","오류·실패 복구","not_applicable","","low","적용 제외","AdGuard DNS의 비교 목적에는 오류·실패 복구이 핵심 적용 분야가 아님","SRC-022"
"SVC-022","C","C06","저장·내보내기·공유","not_applicable","","low","적용 제외","AdGuard DNS의 비교 목적에는 저장·내보내기·공유이 핵심 적용 분야가 아님","SRC-022"
"SVC-022","C","C07","모바일 경험","scored","3","medium","모바일 경험에 대한 확인 가능한 사용자 결과","AdGuard DNS의 핵심 전문 과업에서 모바일 경험 관행을 공식 자료로 확인","SRC-022"
"SVC-022","C","C08","PC 경험","scored","3","medium","PC 경험에 대한 확인 가능한 사용자 결과","AdGuard DNS의 핵심 전문 과업에서 PC 경험 관행을 공식 자료로 확인","SRC-022"
"SVC-022","C","C09","플랫폼 간 연속성","scored","3","medium","플랫폼 간 연속성에 대한 확인 가능한 사용자 결과","AdGuard DNS의 핵심 전문 과업에서 플랫폼 간 연속성 관행을 공식 자료로 확인","SRC-022"
"SVC-022","C","C10","접근성","not_applicable","","low","적용 제외","AdGuard DNS의 비교 목적에는 접근성이 핵심 적용 분야가 아님","SRC-022"
"SVC-022","C","C11","성능과 안정성","not_applicable","","low","적용 제외","AdGuard DNS의 비교 목적에는 성능과 안정성이 핵심 적용 분야가 아님","SRC-022"
"SVC-022","C","C12","개인정보·보안","scored","4","medium","개인정보·보안에 대한 확인 가능한 사용자 결과","AdGuard DNS의 핵심 전문 과업에서 개인정보·보안 관행을 공식 자료로 확인","SRC-022"
"SVC-022","C","C13","계정·권한·삭제","not_applicable","","low","적용 제외","AdGuard DNS의 비교 목적에는 계정·권한·삭제이 핵심 적용 분야가 아님","SRC-022"
"SVC-022","C","C14","가격·결제·취소·환불","not_applicable","","low","적용 제외","AdGuard DNS의 비교 목적에는 가격·결제·취소·환불이 핵심 적용 분야가 아님","SRC-022"
"SVC-022","C","C15","고객지원·장애 대응","not_applicable","","low","적용 제외","AdGuard DNS의 비교 목적에는 고객지원·장애 대응이 핵심 적용 분야가 아님","SRC-022"
"SVC-022","C","C16","장기 사용과 유지","not_applicable","","low","적용 제외","AdGuard DNS의 비교 목적에는 장기 사용과 유지이 핵심 적용 분야가 아님","SRC-022"
"SVC-022","C","C17","팀·관리자·운영","not_applicable","","low","적용 제외","AdGuard DNS의 비교 목적에는 팀·관리자·운영이 핵심 적용 분야가 아님","SRC-022"
"SVC-022","C","C18","차별화 요소","not_applicable","","low","적용 제외","AdGuard DNS의 비교 목적에는 차별화 요소이 핵심 적용 분야가 아님","SRC-022"
"SVC-022","C","C19","사용자 신뢰","scored","4","medium","사용자 신뢰에 대한 확인 가능한 사용자 결과","AdGuard DNS의 핵심 전문 과업에서 사용자 신뢰 관행을 공식 자료로 확인","SRC-022"
"SVC-022","C","C20","도입하면 안 되는 부작용","not_applicable","","low","적용 제외","AdGuard DNS의 비교 목적에는 도입하면 안 되는 부작용이 핵심 적용 분야가 아님","SRC-022"
"SVC-022","C","C21","프로토콜 투명성","not_applicable","","low","적용 제외","AdGuard DNS의 비교 목적에는 프로토콜 투명성이 핵심 적용 분야가 아님","SRC-022"
"SVC-022","C","C22","킬 스위치·항상 연결","not_applicable","","low","적용 제외","AdGuard DNS의 비교 목적에는 킬 스위치·항상 연결이 핵심 적용 분야가 아님","SRC-022"
"SVC-022","C","C23","DNS·IPv6·누출 확인","scored","3","medium","DNS·IPv6·누출 확인에 대한 확인 가능한 사용자 결과","AdGuard DNS의 핵심 전문 과업에서 DNS·IPv6·누출 확인 관행을 공식 자료로 확인","SRC-022"
"SVC-022","C","C24","검열 환경 복구","not_applicable","","low","적용 제외","AdGuard DNS의 비교 목적에는 검열 환경 복구이 핵심 적용 분야가 아님","SRC-022"
"SVC-022","C","C25","서버 상태·혼잡·대체","not_applicable","","low","적용 제외","AdGuard DNS의 비교 목적에는 서버 상태·혼잡·대체이 핵심 적용 분야가 아님","SRC-022"
"SVC-022","C","C26","기기·프로필 발급·폐기","not_applicable","","low","적용 제외","AdGuard DNS의 비교 목적에는 기기·프로필 발급·폐기이 핵심 적용 분야가 아님","SRC-022"
"SVC-022","C","C27","무료 데이터·사용량 권리","not_applicable","","low","적용 제외","AdGuard DNS의 비교 목적에는 무료 데이터·사용량 권리이 핵심 적용 분야가 아님","SRC-022"
"SVC-022","C","C28","관할·국가 지원 범위","not_applicable","","low","적용 제외","AdGuard DNS의 비교 목적에는 관할·국가 지원 범위이 핵심 적용 분야가 아님","SRC-022"
"SVC-023","C","C01","시작과 첫 가치","scored","4","medium","시작과 첫 가치에 대한 확인 가능한 사용자 결과","Quad9의 핵심 전문 과업에서 시작과 첫 가치 관행을 공식 자료로 확인","SRC-023"
"SVC-023","C","C02","핵심 과업 완성도","not_applicable","","low","적용 제외","Quad9의 비교 목적에는 핵심 과업 완성도이 핵심 적용 분야가 아님","SRC-023"
"SVC-023","C","C03","개인화","not_applicable","","low","적용 제외","Quad9의 비교 목적에는 개인화이 핵심 적용 분야가 아님","SRC-023"
"SVC-023","C","C04","결과 이해와 설명","scored","3","medium","결과 이해와 설명에 대한 확인 가능한 사용자 결과","Quad9의 핵심 전문 과업에서 결과 이해와 설명 관행을 공식 자료로 확인","SRC-023"
"SVC-023","C","C05","오류·실패 복구","not_applicable","","low","적용 제외","Quad9의 비교 목적에는 오류·실패 복구이 핵심 적용 분야가 아님","SRC-023"
"SVC-023","C","C06","저장·내보내기·공유","not_applicable","","low","적용 제외","Quad9의 비교 목적에는 저장·내보내기·공유이 핵심 적용 분야가 아님","SRC-023"
"SVC-023","C","C07","모바일 경험","not_applicable","","low","적용 제외","Quad9의 비교 목적에는 모바일 경험이 핵심 적용 분야가 아님","SRC-023"
"SVC-023","C","C08","PC 경험","not_applicable","","low","적용 제외","Quad9의 비교 목적에는 PC 경험이 핵심 적용 분야가 아님","SRC-023"
"SVC-023","C","C09","플랫폼 간 연속성","not_applicable","","low","적용 제외","Quad9의 비교 목적에는 플랫폼 간 연속성이 핵심 적용 분야가 아님","SRC-023"
"SVC-023","C","C10","접근성","not_applicable","","low","적용 제외","Quad9의 비교 목적에는 접근성이 핵심 적용 분야가 아님","SRC-023"
"SVC-023","C","C11","성능과 안정성","scored","3","medium","성능과 안정성에 대한 확인 가능한 사용자 결과","Quad9의 핵심 전문 과업에서 성능과 안정성 관행을 공식 자료로 확인","SRC-023"
"SVC-023","C","C12","개인정보·보안","scored","4","medium","개인정보·보안에 대한 확인 가능한 사용자 결과","Quad9의 핵심 전문 과업에서 개인정보·보안 관행을 공식 자료로 확인","SRC-023"
"SVC-023","C","C13","계정·권한·삭제","not_applicable","","low","적용 제외","Quad9의 비교 목적에는 계정·권한·삭제이 핵심 적용 분야가 아님","SRC-023"
"SVC-023","C","C14","가격·결제·취소·환불","not_applicable","","low","적용 제외","Quad9의 비교 목적에는 가격·결제·취소·환불이 핵심 적용 분야가 아님","SRC-023"
"SVC-023","C","C15","고객지원·장애 대응","not_applicable","","low","적용 제외","Quad9의 비교 목적에는 고객지원·장애 대응이 핵심 적용 분야가 아님","SRC-023"
"SVC-023","C","C16","장기 사용과 유지","not_applicable","","low","적용 제외","Quad9의 비교 목적에는 장기 사용과 유지이 핵심 적용 분야가 아님","SRC-023"
"SVC-023","C","C17","팀·관리자·운영","not_applicable","","low","적용 제외","Quad9의 비교 목적에는 팀·관리자·운영이 핵심 적용 분야가 아님","SRC-023"
"SVC-023","C","C18","차별화 요소","not_applicable","","low","적용 제외","Quad9의 비교 목적에는 차별화 요소이 핵심 적용 분야가 아님","SRC-023"
"SVC-023","C","C19","사용자 신뢰","scored","4","medium","사용자 신뢰에 대한 확인 가능한 사용자 결과","Quad9의 핵심 전문 과업에서 사용자 신뢰 관행을 공식 자료로 확인","SRC-023"
"SVC-023","C","C20","도입하면 안 되는 부작용","not_applicable","","low","적용 제외","Quad9의 비교 목적에는 도입하면 안 되는 부작용이 핵심 적용 분야가 아님","SRC-023"
"SVC-023","C","C21","프로토콜 투명성","not_applicable","","low","적용 제외","Quad9의 비교 목적에는 프로토콜 투명성이 핵심 적용 분야가 아님","SRC-023"
"SVC-023","C","C22","킬 스위치·항상 연결","not_applicable","","low","적용 제외","Quad9의 비교 목적에는 킬 스위치·항상 연결이 핵심 적용 분야가 아님","SRC-023"
"SVC-023","C","C23","DNS·IPv6·누출 확인","scored","3","medium","DNS·IPv6·누출 확인에 대한 확인 가능한 사용자 결과","Quad9의 핵심 전문 과업에서 DNS·IPv6·누출 확인 관행을 공식 자료로 확인","SRC-023"
"SVC-023","C","C24","검열 환경 복구","not_applicable","","low","적용 제외","Quad9의 비교 목적에는 검열 환경 복구이 핵심 적용 분야가 아님","SRC-023"
"SVC-023","C","C25","서버 상태·혼잡·대체","not_applicable","","low","적용 제외","Quad9의 비교 목적에는 서버 상태·혼잡·대체이 핵심 적용 분야가 아님","SRC-023"
"SVC-023","C","C26","기기·프로필 발급·폐기","not_applicable","","low","적용 제외","Quad9의 비교 목적에는 기기·프로필 발급·폐기이 핵심 적용 분야가 아님","SRC-023"
"SVC-023","C","C27","무료 데이터·사용량 권리","not_applicable","","low","적용 제외","Quad9의 비교 목적에는 무료 데이터·사용량 권리이 핵심 적용 분야가 아님","SRC-023"
"SVC-023","C","C28","관할·국가 지원 범위","scored","3","medium","관할·국가 지원 범위에 대한 확인 가능한 사용자 결과","Quad9의 핵심 전문 과업에서 관할·국가 지원 범위 관행을 공식 자료로 확인","SRC-023"
"SVC-024","C","C01","시작과 첫 가치","scored","4","medium","시작과 첫 가치에 대한 확인 가능한 사용자 결과","Brave의 핵심 전문 과업에서 시작과 첫 가치 관행을 공식 자료로 확인","SRC-024"
"SVC-024","C","C02","핵심 과업 완성도","not_applicable","","low","적용 제외","Brave의 비교 목적에는 핵심 과업 완성도이 핵심 적용 분야가 아님","SRC-024"
"SVC-024","C","C03","개인화","scored","3","medium","개인화에 대한 확인 가능한 사용자 결과","Brave의 핵심 전문 과업에서 개인화 관행을 공식 자료로 확인","SRC-024"
"SVC-024","C","C04","결과 이해와 설명","not_applicable","","low","적용 제외","Brave의 비교 목적에는 결과 이해와 설명이 핵심 적용 분야가 아님","SRC-024"
"SVC-024","C","C05","오류·실패 복구","not_applicable","","low","적용 제외","Brave의 비교 목적에는 오류·실패 복구이 핵심 적용 분야가 아님","SRC-024"
"SVC-024","C","C06","저장·내보내기·공유","not_applicable","","low","적용 제외","Brave의 비교 목적에는 저장·내보내기·공유이 핵심 적용 분야가 아님","SRC-024"
"SVC-024","C","C07","모바일 경험","scored","3","medium","모바일 경험에 대한 확인 가능한 사용자 결과","Brave의 핵심 전문 과업에서 모바일 경험 관행을 공식 자료로 확인","SRC-024"
"SVC-024","C","C08","PC 경험","scored","3","medium","PC 경험에 대한 확인 가능한 사용자 결과","Brave의 핵심 전문 과업에서 PC 경험 관행을 공식 자료로 확인","SRC-024"
"SVC-024","C","C09","플랫폼 간 연속성","scored","3","medium","플랫폼 간 연속성에 대한 확인 가능한 사용자 결과","Brave의 핵심 전문 과업에서 플랫폼 간 연속성 관행을 공식 자료로 확인","SRC-024"
"SVC-024","C","C10","접근성","not_applicable","","low","적용 제외","Brave의 비교 목적에는 접근성이 핵심 적용 분야가 아님","SRC-024"
"SVC-024","C","C11","성능과 안정성","scored","3","medium","성능과 안정성에 대한 확인 가능한 사용자 결과","Brave의 핵심 전문 과업에서 성능과 안정성 관행을 공식 자료로 확인","SRC-024"
"SVC-024","C","C12","개인정보·보안","scored","4","medium","개인정보·보안에 대한 확인 가능한 사용자 결과","Brave의 핵심 전문 과업에서 개인정보·보안 관행을 공식 자료로 확인","SRC-024"
"SVC-024","C","C13","계정·권한·삭제","not_applicable","","low","적용 제외","Brave의 비교 목적에는 계정·권한·삭제이 핵심 적용 분야가 아님","SRC-024"
"SVC-024","C","C14","가격·결제·취소·환불","not_applicable","","low","적용 제외","Brave의 비교 목적에는 가격·결제·취소·환불이 핵심 적용 분야가 아님","SRC-024"
"SVC-024","C","C15","고객지원·장애 대응","not_applicable","","low","적용 제외","Brave의 비교 목적에는 고객지원·장애 대응이 핵심 적용 분야가 아님","SRC-024"
"SVC-024","C","C16","장기 사용과 유지","not_applicable","","low","적용 제외","Brave의 비교 목적에는 장기 사용과 유지이 핵심 적용 분야가 아님","SRC-024"
"SVC-024","C","C17","팀·관리자·운영","not_applicable","","low","적용 제외","Brave의 비교 목적에는 팀·관리자·운영이 핵심 적용 분야가 아님","SRC-024"
"SVC-024","C","C18","차별화 요소","not_applicable","","low","적용 제외","Brave의 비교 목적에는 차별화 요소이 핵심 적용 분야가 아님","SRC-024"
"SVC-024","C","C19","사용자 신뢰","scored","4","medium","사용자 신뢰에 대한 확인 가능한 사용자 결과","Brave의 핵심 전문 과업에서 사용자 신뢰 관행을 공식 자료로 확인","SRC-024"
"SVC-024","C","C20","도입하면 안 되는 부작용","scored","3","medium","도입하면 안 되는 부작용에 대한 확인 가능한 사용자 결과","Brave의 핵심 전문 과업에서 도입하면 안 되는 부작용 관행을 공식 자료로 확인","SRC-024"
"SVC-024","C","C21","프로토콜 투명성","not_applicable","","low","적용 제외","Brave의 비교 목적에는 프로토콜 투명성이 핵심 적용 분야가 아님","SRC-024"
"SVC-024","C","C22","킬 스위치·항상 연결","not_applicable","","low","적용 제외","Brave의 비교 목적에는 킬 스위치·항상 연결이 핵심 적용 분야가 아님","SRC-024"
"SVC-024","C","C23","DNS·IPv6·누출 확인","not_applicable","","low","적용 제외","Brave의 비교 목적에는 DNS·IPv6·누출 확인이 핵심 적용 분야가 아님","SRC-024"
"SVC-024","C","C24","검열 환경 복구","scored","3","medium","검열 환경 복구에 대한 확인 가능한 사용자 결과","Brave의 핵심 전문 과업에서 검열 환경 복구 관행을 공식 자료로 확인","SRC-024"
"SVC-024","C","C25","서버 상태·혼잡·대체","not_applicable","","low","적용 제외","Brave의 비교 목적에는 서버 상태·혼잡·대체이 핵심 적용 분야가 아님","SRC-024"
"SVC-024","C","C26","기기·프로필 발급·폐기","not_applicable","","low","적용 제외","Brave의 비교 목적에는 기기·프로필 발급·폐기이 핵심 적용 분야가 아님","SRC-024"
"SVC-024","C","C27","무료 데이터·사용량 권리","not_applicable","","low","적용 제외","Brave의 비교 목적에는 무료 데이터·사용량 권리이 핵심 적용 분야가 아님","SRC-024"
"SVC-024","C","C28","관할·국가 지원 범위","not_applicable","","low","적용 제외","Brave의 비교 목적에는 관할·국가 지원 범위이 핵심 적용 분야가 아님","SRC-024"
"SVC-025","C","C01","시작과 첫 가치","scored","4","medium","시작과 첫 가치에 대한 확인 가능한 사용자 결과","Firefox의 핵심 전문 과업에서 시작과 첫 가치 관행을 공식 자료로 확인","SRC-025"
"SVC-025","C","C02","핵심 과업 완성도","not_applicable","","low","적용 제외","Firefox의 비교 목적에는 핵심 과업 완성도이 핵심 적용 분야가 아님","SRC-025"
"SVC-025","C","C03","개인화","scored","3","medium","개인화에 대한 확인 가능한 사용자 결과","Firefox의 핵심 전문 과업에서 개인화 관행을 공식 자료로 확인","SRC-025"
"SVC-025","C","C04","결과 이해와 설명","not_applicable","","low","적용 제외","Firefox의 비교 목적에는 결과 이해와 설명이 핵심 적용 분야가 아님","SRC-025"
"SVC-025","C","C05","오류·실패 복구","not_applicable","","low","적용 제외","Firefox의 비교 목적에는 오류·실패 복구이 핵심 적용 분야가 아님","SRC-025"
"SVC-025","C","C06","저장·내보내기·공유","scored","3","medium","저장·내보내기·공유에 대한 확인 가능한 사용자 결과","Firefox의 핵심 전문 과업에서 저장·내보내기·공유 관행을 공식 자료로 확인","SRC-025"
"SVC-025","C","C07","모바일 경험","scored","3","medium","모바일 경험에 대한 확인 가능한 사용자 결과","Firefox의 핵심 전문 과업에서 모바일 경험 관행을 공식 자료로 확인","SRC-025"
"SVC-025","C","C08","PC 경험","scored","3","medium","PC 경험에 대한 확인 가능한 사용자 결과","Firefox의 핵심 전문 과업에서 PC 경험 관행을 공식 자료로 확인","SRC-025"
"SVC-025","C","C09","플랫폼 간 연속성","scored","3","medium","플랫폼 간 연속성에 대한 확인 가능한 사용자 결과","Firefox의 핵심 전문 과업에서 플랫폼 간 연속성 관행을 공식 자료로 확인","SRC-025"
"SVC-025","C","C10","접근성","scored","3","medium","접근성에 대한 확인 가능한 사용자 결과","Firefox의 핵심 전문 과업에서 접근성 관행을 공식 자료로 확인","SRC-025"
"SVC-025","C","C11","성능과 안정성","not_applicable","","low","적용 제외","Firefox의 비교 목적에는 성능과 안정성이 핵심 적용 분야가 아님","SRC-025"
"SVC-025","C","C12","개인정보·보안","scored","4","medium","개인정보·보안에 대한 확인 가능한 사용자 결과","Firefox의 핵심 전문 과업에서 개인정보·보안 관행을 공식 자료로 확인","SRC-025"
"SVC-025","C","C13","계정·권한·삭제","scored","3","medium","계정·권한·삭제에 대한 확인 가능한 사용자 결과","Firefox의 핵심 전문 과업에서 계정·권한·삭제 관행을 공식 자료로 확인","SRC-025"
"SVC-025","C","C14","가격·결제·취소·환불","not_applicable","","low","적용 제외","Firefox의 비교 목적에는 가격·결제·취소·환불이 핵심 적용 분야가 아님","SRC-025"
"SVC-025","C","C15","고객지원·장애 대응","not_applicable","","low","적용 제외","Firefox의 비교 목적에는 고객지원·장애 대응이 핵심 적용 분야가 아님","SRC-025"
"SVC-025","C","C16","장기 사용과 유지","not_applicable","","low","적용 제외","Firefox의 비교 목적에는 장기 사용과 유지이 핵심 적용 분야가 아님","SRC-025"
"SVC-025","C","C17","팀·관리자·운영","not_applicable","","low","적용 제외","Firefox의 비교 목적에는 팀·관리자·운영이 핵심 적용 분야가 아님","SRC-025"
"SVC-025","C","C18","차별화 요소","not_applicable","","low","적용 제외","Firefox의 비교 목적에는 차별화 요소이 핵심 적용 분야가 아님","SRC-025"
"SVC-025","C","C19","사용자 신뢰","scored","4","medium","사용자 신뢰에 대한 확인 가능한 사용자 결과","Firefox의 핵심 전문 과업에서 사용자 신뢰 관행을 공식 자료로 확인","SRC-025"
"SVC-025","C","C20","도입하면 안 되는 부작용","not_applicable","","low","적용 제외","Firefox의 비교 목적에는 도입하면 안 되는 부작용이 핵심 적용 분야가 아님","SRC-025"
"SVC-025","C","C21","프로토콜 투명성","not_applicable","","low","적용 제외","Firefox의 비교 목적에는 프로토콜 투명성이 핵심 적용 분야가 아님","SRC-025"
"SVC-025","C","C22","킬 스위치·항상 연결","not_applicable","","low","적용 제외","Firefox의 비교 목적에는 킬 스위치·항상 연결이 핵심 적용 분야가 아님","SRC-025"
"SVC-025","C","C23","DNS·IPv6·누출 확인","not_applicable","","low","적용 제외","Firefox의 비교 목적에는 DNS·IPv6·누출 확인이 핵심 적용 분야가 아님","SRC-025"
"SVC-025","C","C24","검열 환경 복구","not_applicable","","low","적용 제외","Firefox의 비교 목적에는 검열 환경 복구이 핵심 적용 분야가 아님","SRC-025"
"SVC-025","C","C25","서버 상태·혼잡·대체","not_applicable","","low","적용 제외","Firefox의 비교 목적에는 서버 상태·혼잡·대체이 핵심 적용 분야가 아님","SRC-025"
"SVC-025","C","C26","기기·프로필 발급·폐기","not_applicable","","low","적용 제외","Firefox의 비교 목적에는 기기·프로필 발급·폐기이 핵심 적용 분야가 아님","SRC-025"
"SVC-025","C","C27","무료 데이터·사용량 권리","not_applicable","","low","적용 제외","Firefox의 비교 목적에는 무료 데이터·사용량 권리이 핵심 적용 분야가 아님","SRC-025"
"SVC-025","C","C28","관할·국가 지원 범위","not_applicable","","low","적용 제외","Firefox의 비교 목적에는 관할·국가 지원 범위이 핵심 적용 분야가 아님","SRC-025"
"SVC-026","C","C01","시작과 첫 가치","scored","4","medium","시작과 첫 가치에 대한 확인 가능한 사용자 결과","DuckDuckGo App의 핵심 전문 과업에서 시작과 첫 가치 관행을 공식 자료로 확인","SRC-026"
"SVC-026","C","C02","핵심 과업 완성도","not_applicable","","low","적용 제외","DuckDuckGo App의 비교 목적에는 핵심 과업 완성도이 핵심 적용 분야가 아님","SRC-026"
"SVC-026","C","C03","개인화","scored","3","medium","개인화에 대한 확인 가능한 사용자 결과","DuckDuckGo App의 핵심 전문 과업에서 개인화 관행을 공식 자료로 확인","SRC-026"
"SVC-026","C","C04","결과 이해와 설명","not_applicable","","low","적용 제외","DuckDuckGo App의 비교 목적에는 결과 이해와 설명이 핵심 적용 분야가 아님","SRC-026"
"SVC-026","C","C05","오류·실패 복구","not_applicable","","low","적용 제외","DuckDuckGo App의 비교 목적에는 오류·실패 복구이 핵심 적용 분야가 아님","SRC-026"
"SVC-026","C","C06","저장·내보내기·공유","not_applicable","","low","적용 제외","DuckDuckGo App의 비교 목적에는 저장·내보내기·공유이 핵심 적용 분야가 아님","SRC-026"
"SVC-026","C","C07","모바일 경험","scored","3","medium","모바일 경험에 대한 확인 가능한 사용자 결과","DuckDuckGo App의 핵심 전문 과업에서 모바일 경험 관행을 공식 자료로 확인","SRC-026"
"SVC-026","C","C08","PC 경험","scored","3","medium","PC 경험에 대한 확인 가능한 사용자 결과","DuckDuckGo App의 핵심 전문 과업에서 PC 경험 관행을 공식 자료로 확인","SRC-026"
"SVC-026","C","C09","플랫폼 간 연속성","scored","3","medium","플랫폼 간 연속성에 대한 확인 가능한 사용자 결과","DuckDuckGo App의 핵심 전문 과업에서 플랫폼 간 연속성 관행을 공식 자료로 확인","SRC-026"
"SVC-026","C","C10","접근성","not_applicable","","low","적용 제외","DuckDuckGo App의 비교 목적에는 접근성이 핵심 적용 분야가 아님","SRC-026"
"SVC-026","C","C11","성능과 안정성","not_applicable","","low","적용 제외","DuckDuckGo App의 비교 목적에는 성능과 안정성이 핵심 적용 분야가 아님","SRC-026"
"SVC-026","C","C12","개인정보·보안","scored","4","medium","개인정보·보안에 대한 확인 가능한 사용자 결과","DuckDuckGo App의 핵심 전문 과업에서 개인정보·보안 관행을 공식 자료로 확인","SRC-026"
"SVC-026","C","C13","계정·권한·삭제","not_applicable","","low","적용 제외","DuckDuckGo App의 비교 목적에는 계정·권한·삭제이 핵심 적용 분야가 아님","SRC-026"
"SVC-026","C","C14","가격·결제·취소·환불","not_applicable","","low","적용 제외","DuckDuckGo App의 비교 목적에는 가격·결제·취소·환불이 핵심 적용 분야가 아님","SRC-026"
"SVC-026","C","C15","고객지원·장애 대응","not_applicable","","low","적용 제외","DuckDuckGo App의 비교 목적에는 고객지원·장애 대응이 핵심 적용 분야가 아님","SRC-026"
"SVC-026","C","C16","장기 사용과 유지","not_applicable","","low","적용 제외","DuckDuckGo App의 비교 목적에는 장기 사용과 유지이 핵심 적용 분야가 아님","SRC-026"
"SVC-026","C","C17","팀·관리자·운영","not_applicable","","low","적용 제외","DuckDuckGo App의 비교 목적에는 팀·관리자·운영이 핵심 적용 분야가 아님","SRC-026"
"SVC-026","C","C18","차별화 요소","not_applicable","","low","적용 제외","DuckDuckGo App의 비교 목적에는 차별화 요소이 핵심 적용 분야가 아님","SRC-026"
"SVC-026","C","C19","사용자 신뢰","scored","4","medium","사용자 신뢰에 대한 확인 가능한 사용자 결과","DuckDuckGo App의 핵심 전문 과업에서 사용자 신뢰 관행을 공식 자료로 확인","SRC-026"
"SVC-026","C","C20","도입하면 안 되는 부작용","scored","3","medium","도입하면 안 되는 부작용에 대한 확인 가능한 사용자 결과","DuckDuckGo App의 핵심 전문 과업에서 도입하면 안 되는 부작용 관행을 공식 자료로 확인","SRC-026"
"SVC-026","C","C21","프로토콜 투명성","not_applicable","","low","적용 제외","DuckDuckGo App의 비교 목적에는 프로토콜 투명성이 핵심 적용 분야가 아님","SRC-026"
"SVC-026","C","C22","킬 스위치·항상 연결","not_applicable","","low","적용 제외","DuckDuckGo App의 비교 목적에는 킬 스위치·항상 연결이 핵심 적용 분야가 아님","SRC-026"
"SVC-026","C","C23","DNS·IPv6·누출 확인","not_applicable","","low","적용 제외","DuckDuckGo App의 비교 목적에는 DNS·IPv6·누출 확인이 핵심 적용 분야가 아님","SRC-026"
"SVC-026","C","C24","검열 환경 복구","not_applicable","","low","적용 제외","DuckDuckGo App의 비교 목적에는 검열 환경 복구이 핵심 적용 분야가 아님","SRC-026"
"SVC-026","C","C25","서버 상태·혼잡·대체","not_applicable","","low","적용 제외","DuckDuckGo App의 비교 목적에는 서버 상태·혼잡·대체이 핵심 적용 분야가 아님","SRC-026"
"SVC-026","C","C26","기기·프로필 발급·폐기","not_applicable","","low","적용 제외","DuckDuckGo App의 비교 목적에는 기기·프로필 발급·폐기이 핵심 적용 분야가 아님","SRC-026"
"SVC-026","C","C27","무료 데이터·사용량 권리","not_applicable","","low","적용 제외","DuckDuckGo App의 비교 목적에는 무료 데이터·사용량 권리이 핵심 적용 분야가 아님","SRC-026"
"SVC-026","C","C28","관할·국가 지원 범위","not_applicable","","low","적용 제외","DuckDuckGo App의 비교 목적에는 관할·국가 지원 범위이 핵심 적용 분야가 아님","SRC-026"
"SVC-027","C","C01","시작과 첫 가치","scored","4","medium","시작과 첫 가치에 대한 확인 가능한 사용자 결과","Psiphon의 핵심 전문 과업에서 시작과 첫 가치 관행을 공식 자료로 확인","SRC-027"
"SVC-027","C","C02","핵심 과업 완성도","not_applicable","","low","적용 제외","Psiphon의 비교 목적에는 핵심 과업 완성도이 핵심 적용 분야가 아님","SRC-027"
"SVC-027","C","C03","개인화","not_applicable","","low","적용 제외","Psiphon의 비교 목적에는 개인화이 핵심 적용 분야가 아님","SRC-027"
"SVC-027","C","C04","결과 이해와 설명","not_applicable","","low","적용 제외","Psiphon의 비교 목적에는 결과 이해와 설명이 핵심 적용 분야가 아님","SRC-027"
"SVC-027","C","C05","오류·실패 복구","scored","3","medium","오류·실패 복구에 대한 확인 가능한 사용자 결과","Psiphon의 핵심 전문 과업에서 오류·실패 복구 관행을 공식 자료로 확인","SRC-027"
"SVC-027","C","C06","저장·내보내기·공유","not_applicable","","low","적용 제외","Psiphon의 비교 목적에는 저장·내보내기·공유이 핵심 적용 분야가 아님","SRC-027"
"SVC-027","C","C07","모바일 경험","scored","3","medium","모바일 경험에 대한 확인 가능한 사용자 결과","Psiphon의 핵심 전문 과업에서 모바일 경험 관행을 공식 자료로 확인","SRC-027"
"SVC-027","C","C08","PC 경험","scored","3","medium","PC 경험에 대한 확인 가능한 사용자 결과","Psiphon의 핵심 전문 과업에서 PC 경험 관행을 공식 자료로 확인","SRC-027"
"SVC-027","C","C09","플랫폼 간 연속성","not_applicable","","low","적용 제외","Psiphon의 비교 목적에는 플랫폼 간 연속성이 핵심 적용 분야가 아님","SRC-027"
"SVC-027","C","C10","접근성","not_applicable","","low","적용 제외","Psiphon의 비교 목적에는 접근성이 핵심 적용 분야가 아님","SRC-027"
"SVC-027","C","C11","성능과 안정성","scored","3","medium","성능과 안정성에 대한 확인 가능한 사용자 결과","Psiphon의 핵심 전문 과업에서 성능과 안정성 관행을 공식 자료로 확인","SRC-027"
"SVC-027","C","C12","개인정보·보안","scored","4","medium","개인정보·보안에 대한 확인 가능한 사용자 결과","Psiphon의 핵심 전문 과업에서 개인정보·보안 관행을 공식 자료로 확인","SRC-027"
"SVC-027","C","C13","계정·권한·삭제","not_applicable","","low","적용 제외","Psiphon의 비교 목적에는 계정·권한·삭제이 핵심 적용 분야가 아님","SRC-027"
"SVC-027","C","C14","가격·결제·취소·환불","not_applicable","","low","적용 제외","Psiphon의 비교 목적에는 가격·결제·취소·환불이 핵심 적용 분야가 아님","SRC-027"
"SVC-027","C","C15","고객지원·장애 대응","not_applicable","","low","적용 제외","Psiphon의 비교 목적에는 고객지원·장애 대응이 핵심 적용 분야가 아님","SRC-027"
"SVC-027","C","C16","장기 사용과 유지","not_applicable","","low","적용 제외","Psiphon의 비교 목적에는 장기 사용과 유지이 핵심 적용 분야가 아님","SRC-027"
"SVC-027","C","C17","팀·관리자·운영","not_applicable","","low","적용 제외","Psiphon의 비교 목적에는 팀·관리자·운영이 핵심 적용 분야가 아님","SRC-027"
"SVC-027","C","C18","차별화 요소","not_applicable","","low","적용 제외","Psiphon의 비교 목적에는 차별화 요소이 핵심 적용 분야가 아님","SRC-027"
"SVC-027","C","C19","사용자 신뢰","scored","4","medium","사용자 신뢰에 대한 확인 가능한 사용자 결과","Psiphon의 핵심 전문 과업에서 사용자 신뢰 관행을 공식 자료로 확인","SRC-027"
"SVC-027","C","C20","도입하면 안 되는 부작용","not_applicable","","low","적용 제외","Psiphon의 비교 목적에는 도입하면 안 되는 부작용이 핵심 적용 분야가 아님","SRC-027"
"SVC-027","C","C21","프로토콜 투명성","scored","3","medium","프로토콜 투명성에 대한 확인 가능한 사용자 결과","Psiphon의 핵심 전문 과업에서 프로토콜 투명성 관행을 공식 자료로 확인","SRC-027"
"SVC-027","C","C22","킬 스위치·항상 연결","not_applicable","","low","적용 제외","Psiphon의 비교 목적에는 킬 스위치·항상 연결이 핵심 적용 분야가 아님","SRC-027"
"SVC-027","C","C23","DNS·IPv6·누출 확인","not_applicable","","low","적용 제외","Psiphon의 비교 목적에는 DNS·IPv6·누출 확인이 핵심 적용 분야가 아님","SRC-027"
"SVC-027","C","C24","검열 환경 복구","scored","3","medium","검열 환경 복구에 대한 확인 가능한 사용자 결과","Psiphon의 핵심 전문 과업에서 검열 환경 복구 관행을 공식 자료로 확인","SRC-027"
"SVC-027","C","C25","서버 상태·혼잡·대체","not_applicable","","low","적용 제외","Psiphon의 비교 목적에는 서버 상태·혼잡·대체이 핵심 적용 분야가 아님","SRC-027"
"SVC-027","C","C26","기기·프로필 발급·폐기","not_applicable","","low","적용 제외","Psiphon의 비교 목적에는 기기·프로필 발급·폐기이 핵심 적용 분야가 아님","SRC-027"
"SVC-027","C","C27","무료 데이터·사용량 권리","not_applicable","","low","적용 제외","Psiphon의 비교 목적에는 무료 데이터·사용량 권리이 핵심 적용 분야가 아님","SRC-027"
"SVC-027","C","C28","관할·국가 지원 범위","scored","3","medium","관할·국가 지원 범위에 대한 확인 가능한 사용자 결과","Psiphon의 핵심 전문 과업에서 관할·국가 지원 범위 관행을 공식 자료로 확인","SRC-027"
"SVC-028","C","C01","시작과 첫 가치","not_applicable","","low","적용 제외","ZeroTier의 비교 목적에는 시작과 첫 가치이 핵심 적용 분야가 아님","SRC-028"
"SVC-028","C","C02","핵심 과업 완성도","not_applicable","","low","적용 제외","ZeroTier의 비교 목적에는 핵심 과업 완성도이 핵심 적용 분야가 아님","SRC-028"
"SVC-028","C","C03","개인화","not_applicable","","low","적용 제외","ZeroTier의 비교 목적에는 개인화이 핵심 적용 분야가 아님","SRC-028"
"SVC-028","C","C04","결과 이해와 설명","not_applicable","","low","적용 제외","ZeroTier의 비교 목적에는 결과 이해와 설명이 핵심 적용 분야가 아님","SRC-028"
"SVC-028","C","C05","오류·실패 복구","scored","3","medium","오류·실패 복구에 대한 확인 가능한 사용자 결과","ZeroTier의 핵심 전문 과업에서 오류·실패 복구 관행을 공식 자료로 확인","SRC-028"
"SVC-028","C","C06","저장·내보내기·공유","not_applicable","","low","적용 제외","ZeroTier의 비교 목적에는 저장·내보내기·공유이 핵심 적용 분야가 아님","SRC-028"
"SVC-028","C","C07","모바일 경험","not_applicable","","low","적용 제외","ZeroTier의 비교 목적에는 모바일 경험이 핵심 적용 분야가 아님","SRC-028"
"SVC-028","C","C08","PC 경험","scored","3","medium","PC 경험에 대한 확인 가능한 사용자 결과","ZeroTier의 핵심 전문 과업에서 PC 경험 관행을 공식 자료로 확인","SRC-028"
"SVC-028","C","C09","플랫폼 간 연속성","scored","3","medium","플랫폼 간 연속성에 대한 확인 가능한 사용자 결과","ZeroTier의 핵심 전문 과업에서 플랫폼 간 연속성 관행을 공식 자료로 확인","SRC-028"
"SVC-028","C","C10","접근성","not_applicable","","low","적용 제외","ZeroTier의 비교 목적에는 접근성이 핵심 적용 분야가 아님","SRC-028"
"SVC-028","C","C11","성능과 안정성","scored","3","medium","성능과 안정성에 대한 확인 가능한 사용자 결과","ZeroTier의 핵심 전문 과업에서 성능과 안정성 관행을 공식 자료로 확인","SRC-028"
"SVC-028","C","C12","개인정보·보안","scored","4","medium","개인정보·보안에 대한 확인 가능한 사용자 결과","ZeroTier의 핵심 전문 과업에서 개인정보·보안 관행을 공식 자료로 확인","SRC-028"
"SVC-028","C","C13","계정·권한·삭제","scored","3","medium","계정·권한·삭제에 대한 확인 가능한 사용자 결과","ZeroTier의 핵심 전문 과업에서 계정·권한·삭제 관행을 공식 자료로 확인","SRC-028"
"SVC-028","C","C14","가격·결제·취소·환불","not_applicable","","low","적용 제외","ZeroTier의 비교 목적에는 가격·결제·취소·환불이 핵심 적용 분야가 아님","SRC-028"
"SVC-028","C","C15","고객지원·장애 대응","not_applicable","","low","적용 제외","ZeroTier의 비교 목적에는 고객지원·장애 대응이 핵심 적용 분야가 아님","SRC-028"
"SVC-028","C","C16","장기 사용과 유지","not_applicable","","low","적용 제외","ZeroTier의 비교 목적에는 장기 사용과 유지이 핵심 적용 분야가 아님","SRC-028"
"SVC-028","C","C17","팀·관리자·운영","scored","3","medium","팀·관리자·운영에 대한 확인 가능한 사용자 결과","ZeroTier의 핵심 전문 과업에서 팀·관리자·운영 관행을 공식 자료로 확인","SRC-028"
"SVC-028","C","C18","차별화 요소","not_applicable","","low","적용 제외","ZeroTier의 비교 목적에는 차별화 요소이 핵심 적용 분야가 아님","SRC-028"
"SVC-028","C","C19","사용자 신뢰","not_applicable","","low","적용 제외","ZeroTier의 비교 목적에는 사용자 신뢰이 핵심 적용 분야가 아님","SRC-028"
"SVC-028","C","C20","도입하면 안 되는 부작용","not_applicable","","low","적용 제외","ZeroTier의 비교 목적에는 도입하면 안 되는 부작용이 핵심 적용 분야가 아님","SRC-028"
"SVC-028","C","C21","프로토콜 투명성","scored","3","medium","프로토콜 투명성에 대한 확인 가능한 사용자 결과","ZeroTier의 핵심 전문 과업에서 프로토콜 투명성 관행을 공식 자료로 확인","SRC-028"
"SVC-028","C","C22","킬 스위치·항상 연결","not_applicable","","low","적용 제외","ZeroTier의 비교 목적에는 킬 스위치·항상 연결이 핵심 적용 분야가 아님","SRC-028"
"SVC-028","C","C23","DNS·IPv6·누출 확인","not_applicable","","low","적용 제외","ZeroTier의 비교 목적에는 DNS·IPv6·누출 확인이 핵심 적용 분야가 아님","SRC-028"
"SVC-028","C","C24","검열 환경 복구","not_applicable","","low","적용 제외","ZeroTier의 비교 목적에는 검열 환경 복구이 핵심 적용 분야가 아님","SRC-028"
"SVC-028","C","C25","서버 상태·혼잡·대체","not_applicable","","low","적용 제외","ZeroTier의 비교 목적에는 서버 상태·혼잡·대체이 핵심 적용 분야가 아님","SRC-028"
"SVC-028","C","C26","기기·프로필 발급·폐기","scored","3","medium","기기·프로필 발급·폐기에 대한 확인 가능한 사용자 결과","ZeroTier의 핵심 전문 과업에서 기기·프로필 발급·폐기 관행을 공식 자료로 확인","SRC-028"
"SVC-028","C","C27","무료 데이터·사용량 권리","not_applicable","","low","적용 제외","ZeroTier의 비교 목적에는 무료 데이터·사용량 권리이 핵심 적용 분야가 아님","SRC-028"
"SVC-028","C","C28","관할·국가 지원 범위","not_applicable","","low","적용 제외","ZeroTier의 비교 목적에는 관할·국가 지원 범위이 핵심 적용 분야가 아님","SRC-028"
"SVC-029","C","C01","시작과 첫 가치","scored","4","medium","시작과 첫 가치에 대한 확인 가능한 사용자 결과","Outline의 핵심 전문 과업에서 시작과 첫 가치 관행을 공식 자료로 확인","SRC-029"
"SVC-029","C","C02","핵심 과업 완성도","not_applicable","","low","적용 제외","Outline의 비교 목적에는 핵심 과업 완성도이 핵심 적용 분야가 아님","SRC-029"
"SVC-029","C","C03","개인화","not_applicable","","low","적용 제외","Outline의 비교 목적에는 개인화이 핵심 적용 분야가 아님","SRC-029"
"SVC-029","C","C04","결과 이해와 설명","not_applicable","","low","적용 제외","Outline의 비교 목적에는 결과 이해와 설명이 핵심 적용 분야가 아님","SRC-029"
"SVC-029","C","C05","오류·실패 복구","scored","3","medium","오류·실패 복구에 대한 확인 가능한 사용자 결과","Outline의 핵심 전문 과업에서 오류·실패 복구 관행을 공식 자료로 확인","SRC-029"
"SVC-029","C","C06","저장·내보내기·공유","not_applicable","","low","적용 제외","Outline의 비교 목적에는 저장·내보내기·공유이 핵심 적용 분야가 아님","SRC-029"
"SVC-029","C","C07","모바일 경험","scored","3","medium","모바일 경험에 대한 확인 가능한 사용자 결과","Outline의 핵심 전문 과업에서 모바일 경험 관행을 공식 자료로 확인","SRC-029"
"SVC-029","C","C08","PC 경험","scored","3","medium","PC 경험에 대한 확인 가능한 사용자 결과","Outline의 핵심 전문 과업에서 PC 경험 관행을 공식 자료로 확인","SRC-029"
"SVC-029","C","C09","플랫폼 간 연속성","not_applicable","","low","적용 제외","Outline의 비교 목적에는 플랫폼 간 연속성이 핵심 적용 분야가 아님","SRC-029"
"SVC-029","C","C10","접근성","not_applicable","","low","적용 제외","Outline의 비교 목적에는 접근성이 핵심 적용 분야가 아님","SRC-029"
"SVC-029","C","C11","성능과 안정성","not_applicable","","low","적용 제외","Outline의 비교 목적에는 성능과 안정성이 핵심 적용 분야가 아님","SRC-029"
"SVC-029","C","C12","개인정보·보안","scored","4","medium","개인정보·보안에 대한 확인 가능한 사용자 결과","Outline의 핵심 전문 과업에서 개인정보·보안 관행을 공식 자료로 확인","SRC-029"
"SVC-029","C","C13","계정·권한·삭제","not_applicable","","low","적용 제외","Outline의 비교 목적에는 계정·권한·삭제이 핵심 적용 분야가 아님","SRC-029"
"SVC-029","C","C14","가격·결제·취소·환불","not_applicable","","low","적용 제외","Outline의 비교 목적에는 가격·결제·취소·환불이 핵심 적용 분야가 아님","SRC-029"
"SVC-029","C","C15","고객지원·장애 대응","not_applicable","","low","적용 제외","Outline의 비교 목적에는 고객지원·장애 대응이 핵심 적용 분야가 아님","SRC-029"
"SVC-029","C","C16","장기 사용과 유지","not_applicable","","low","적용 제외","Outline의 비교 목적에는 장기 사용과 유지이 핵심 적용 분야가 아님","SRC-029"
"SVC-029","C","C17","팀·관리자·운영","scored","3","medium","팀·관리자·운영에 대한 확인 가능한 사용자 결과","Outline의 핵심 전문 과업에서 팀·관리자·운영 관행을 공식 자료로 확인","SRC-029"
"SVC-029","C","C18","차별화 요소","not_applicable","","low","적용 제외","Outline의 비교 목적에는 차별화 요소이 핵심 적용 분야가 아님","SRC-029"
"SVC-029","C","C19","사용자 신뢰","scored","4","medium","사용자 신뢰에 대한 확인 가능한 사용자 결과","Outline의 핵심 전문 과업에서 사용자 신뢰 관행을 공식 자료로 확인","SRC-029"
"SVC-029","C","C20","도입하면 안 되는 부작용","not_applicable","","low","적용 제외","Outline의 비교 목적에는 도입하면 안 되는 부작용이 핵심 적용 분야가 아님","SRC-029"
"SVC-029","C","C21","프로토콜 투명성","scored","3","medium","프로토콜 투명성에 대한 확인 가능한 사용자 결과","Outline의 핵심 전문 과업에서 프로토콜 투명성 관행을 공식 자료로 확인","SRC-029"
"SVC-029","C","C22","킬 스위치·항상 연결","not_applicable","","low","적용 제외","Outline의 비교 목적에는 킬 스위치·항상 연결이 핵심 적용 분야가 아님","SRC-029"
"SVC-029","C","C23","DNS·IPv6·누출 확인","not_applicable","","low","적용 제외","Outline의 비교 목적에는 DNS·IPv6·누출 확인이 핵심 적용 분야가 아님","SRC-029"
"SVC-029","C","C24","검열 환경 복구","scored","3","medium","검열 환경 복구에 대한 확인 가능한 사용자 결과","Outline의 핵심 전문 과업에서 검열 환경 복구 관행을 공식 자료로 확인","SRC-029"
"SVC-029","C","C25","서버 상태·혼잡·대체","not_applicable","","low","적용 제외","Outline의 비교 목적에는 서버 상태·혼잡·대체이 핵심 적용 분야가 아님","SRC-029"
"SVC-029","C","C26","기기·프로필 발급·폐기","scored","3","medium","기기·프로필 발급·폐기에 대한 확인 가능한 사용자 결과","Outline의 핵심 전문 과업에서 기기·프로필 발급·폐기 관행을 공식 자료로 확인","SRC-029"
"SVC-029","C","C27","무료 데이터·사용량 권리","not_applicable","","low","적용 제외","Outline의 비교 목적에는 무료 데이터·사용량 권리이 핵심 적용 분야가 아님","SRC-029"
"SVC-029","C","C28","관할·국가 지원 범위","not_applicable","","low","적용 제외","Outline의 비교 목적에는 관할·국가 지원 범위이 핵심 적용 분야가 아님","SRC-029"
"SVC-030","C","C01","시작과 첫 가치","scored","4","medium","시작과 첫 가치에 대한 확인 가능한 사용자 결과","Opera Free VPN의 핵심 전문 과업에서 시작과 첫 가치 관행을 공식 자료로 확인","SRC-030"
"SVC-030","C","C02","핵심 과업 완성도","not_applicable","","low","적용 제외","Opera Free VPN의 비교 목적에는 핵심 과업 완성도이 핵심 적용 분야가 아님","SRC-030"
"SVC-030","C","C03","개인화","not_applicable","","low","적용 제외","Opera Free VPN의 비교 목적에는 개인화이 핵심 적용 분야가 아님","SRC-030"
"SVC-030","C","C04","결과 이해와 설명","not_applicable","","low","적용 제외","Opera Free VPN의 비교 목적에는 결과 이해와 설명이 핵심 적용 분야가 아님","SRC-030"
"SVC-030","C","C05","오류·실패 복구","not_applicable","","low","적용 제외","Opera Free VPN의 비교 목적에는 오류·실패 복구이 핵심 적용 분야가 아님","SRC-030"
"SVC-030","C","C06","저장·내보내기·공유","not_applicable","","low","적용 제외","Opera Free VPN의 비교 목적에는 저장·내보내기·공유이 핵심 적용 분야가 아님","SRC-030"
"SVC-030","C","C07","모바일 경험","scored","3","medium","모바일 경험에 대한 확인 가능한 사용자 결과","Opera Free VPN의 핵심 전문 과업에서 모바일 경험 관행을 공식 자료로 확인","SRC-030"
"SVC-030","C","C08","PC 경험","scored","3","medium","PC 경험에 대한 확인 가능한 사용자 결과","Opera Free VPN의 핵심 전문 과업에서 PC 경험 관행을 공식 자료로 확인","SRC-030"
"SVC-030","C","C09","플랫폼 간 연속성","not_applicable","","low","적용 제외","Opera Free VPN의 비교 목적에는 플랫폼 간 연속성이 핵심 적용 분야가 아님","SRC-030"
"SVC-030","C","C10","접근성","not_applicable","","low","적용 제외","Opera Free VPN의 비교 목적에는 접근성이 핵심 적용 분야가 아님","SRC-030"
"SVC-030","C","C11","성능과 안정성","not_applicable","","low","적용 제외","Opera Free VPN의 비교 목적에는 성능과 안정성이 핵심 적용 분야가 아님","SRC-030"
"SVC-030","C","C12","개인정보·보안","scored","4","medium","개인정보·보안에 대한 확인 가능한 사용자 결과","Opera Free VPN의 핵심 전문 과업에서 개인정보·보안 관행을 공식 자료로 확인","SRC-030"
"SVC-030","C","C13","계정·권한·삭제","not_applicable","","low","적용 제외","Opera Free VPN의 비교 목적에는 계정·권한·삭제이 핵심 적용 분야가 아님","SRC-030"
"SVC-030","C","C14","가격·결제·취소·환불","not_applicable","","low","적용 제외","Opera Free VPN의 비교 목적에는 가격·결제·취소·환불이 핵심 적용 분야가 아님","SRC-030"
"SVC-030","C","C15","고객지원·장애 대응","not_applicable","","low","적용 제외","Opera Free VPN의 비교 목적에는 고객지원·장애 대응이 핵심 적용 분야가 아님","SRC-030"
"SVC-030","C","C16","장기 사용과 유지","not_applicable","","low","적용 제외","Opera Free VPN의 비교 목적에는 장기 사용과 유지이 핵심 적용 분야가 아님","SRC-030"
"SVC-030","C","C17","팀·관리자·운영","not_applicable","","low","적용 제외","Opera Free VPN의 비교 목적에는 팀·관리자·운영이 핵심 적용 분야가 아님","SRC-030"
"SVC-030","C","C18","차별화 요소","not_applicable","","low","적용 제외","Opera Free VPN의 비교 목적에는 차별화 요소이 핵심 적용 분야가 아님","SRC-030"
"SVC-030","C","C19","사용자 신뢰","scored","4","medium","사용자 신뢰에 대한 확인 가능한 사용자 결과","Opera Free VPN의 핵심 전문 과업에서 사용자 신뢰 관행을 공식 자료로 확인","SRC-030"
"SVC-030","C","C20","도입하면 안 되는 부작용","scored","3","medium","도입하면 안 되는 부작용에 대한 확인 가능한 사용자 결과","Opera Free VPN의 핵심 전문 과업에서 도입하면 안 되는 부작용 관행을 공식 자료로 확인","SRC-030"
"SVC-030","C","C21","프로토콜 투명성","scored","3","medium","프로토콜 투명성에 대한 확인 가능한 사용자 결과","Opera Free VPN의 핵심 전문 과업에서 프로토콜 투명성 관행을 공식 자료로 확인","SRC-030"
"SVC-030","C","C22","킬 스위치·항상 연결","not_applicable","","low","적용 제외","Opera Free VPN의 비교 목적에는 킬 스위치·항상 연결이 핵심 적용 분야가 아님","SRC-030"
"SVC-030","C","C23","DNS·IPv6·누출 확인","not_applicable","","low","적용 제외","Opera Free VPN의 비교 목적에는 DNS·IPv6·누출 확인이 핵심 적용 분야가 아님","SRC-030"
"SVC-030","C","C24","검열 환경 복구","not_applicable","","low","적용 제외","Opera Free VPN의 비교 목적에는 검열 환경 복구이 핵심 적용 분야가 아님","SRC-030"
"SVC-030","C","C25","서버 상태·혼잡·대체","not_applicable","","low","적용 제외","Opera Free VPN의 비교 목적에는 서버 상태·혼잡·대체이 핵심 적용 분야가 아님","SRC-030"
"SVC-030","C","C26","기기·프로필 발급·폐기","not_applicable","","low","적용 제외","Opera Free VPN의 비교 목적에는 기기·프로필 발급·폐기이 핵심 적용 분야가 아님","SRC-030"
"SVC-030","C","C27","무료 데이터·사용량 권리","not_applicable","","low","적용 제외","Opera Free VPN의 비교 목적에는 무료 데이터·사용량 권리이 핵심 적용 분야가 아님","SRC-030"
"SVC-030","C","C28","관할·국가 지원 범위","not_applicable","","low","적용 제외","Opera Free VPN의 비교 목적에는 관할·국가 지원 범위이 핵심 적용 분야가 아님","SRC-030"
